StartDate,EndDate,Status,IPAddress,Progress,Duration (in seconds),Finished,RecordedDate,ResponseId,RecipientLastName,RecipientFirstName,RecipientEmail,ExternalReference,LocationLatitude,LocationLongitude,DistributionChannel,UserLanguage,Q_RecaptchaScore,Q2,Q1,Q1.3,Q1.4,Q1.5,Q1.7,Q1.7_5_TEXT,Q2.12_1,Q2.13_1,Q2.33,Q2.34,Q2.47,Q2.49,Q2.58,Q2.59#1_1_1,Q2.59#1_1_2,Q2.61#1_1_1,Q2.61#1_1_2,Q2.70,Q2.71,Q2.73,Q3.2_1,Q3.3_1,Q3.4,Q3.5,Q3.6,Q3.7,Q3.8,Q3.9,Q3.10,Q3.11,Q3.12,Q3.13#1_1_1,Q3.13#1_1_2,Q3.14_1,Q3.15,Q4.3_1,Q4.4_1,Q4.5,Q4.6,Q4.7,Q4.8,Q4.9,Q4.10,Q4.11,Q4.12,Q4.13,Q4.14#1_1_1,Q4.14#1_1_2,Q4.15_1,Q4.16,Q5.1_1,Q5.2_1,Q5.3,Q5.4,Q5.5,Q5.6,Q5.7,Q5.8,Q5.9,Q5.10,Q5.11,Q5.12#1_1_1,Q5.12#1_1_2,Q5.13_1,Q5.14,Q6.1_1,Q6.2_1,Q6.3,Q6.4,Q6.5,Q6.6,Q6.7,Q6.8,Q6.9,Q6.10,Q6.11,Q6.12#1_1_1,Q6.12#1_1_2,Q6.13_1,Q6.14,Q7.1_1,Q7.2_1,Q7.3,Q7.4,Q7.5,Q7.6,Q7.7,Q7.8,Q7.9,Q7.10,Q7.11,Q7.12#1_1_1,Q7.12#1_1_2,Q7.13_1,Q7.14,Q8.1_1,Q8.2_1,Q8.3,Q8.4,Q8.5,Q8.6,Q8.7,Q8.8,Q8.9,Q8.10,Q8.11,Q8.12#1_1_1,Q8.12#1_1_2,Q8.13_1,Q8.14,Q9.1_1,Q9.2_1,Q9.3,Q9.4,Q9.5,Q9.6,Q9.7,Q9.8,Q9.9,Q9.10,Q9.11,Q9.12#1_1_1,Q9.12#1_1_2,Q9.13_1,Q9.14,Q10.1_1,Q10.2_1,Q10.3,Q10.4,Q10.5,Q10.6,Q10.7,Q10.8,Q10.9,Q10.10,Q10.11,Q10.12#1_1_1,Q10.12#1_1_2,Q10.13_1,Q10.14,Q11.1_1,Q11.2_1,Q11.3,Q11.4,Q11.5,Q11.6,Q11.7,Q11.8,Q11.9,Q11.10,Q11.11,Q11.12#1_1_1,Q11.12#1_1_2,Q11.13_1,Q11.14,Q12.1_1,Q12.2_1,Q12.3,Q12.4,Q12.5,Q12.6,Q12.7,Q12.8,Q12.9,Q12.10,Q12.11,Q12.12#1_1_1,Q12.12#1_1_2,Q12.13_1,Q12.14,Q13.1_1,Q13.2_1,Q13.3,Q13.4,Q13.5,Q13.6,Q13.7,Q13.8,Q13.9,Q13.10,Q13.11,Q13.12#1_1_1,Q13.12#1_1_2,Q13.13_1,Q13.14,Q14.1_1,Q14.2_1,Q14.3,Q14.4,Q14.5,Q14.6,Q14.7,Q14.8,Q14.9,Q14.10,Q14.11,Q14.12#1_1_1,Q14.12#1_1_2,Q14.13_1,Q14.14,Q15.1_1,Q15.2_1,Q15.3,Q15.4,Q15.5,Q15.6,Q15.7,Q15.8,Q15.9,Q15.10,Q15.11,Q15.12#1_1_1,Q15.12#1_1_2,Q15.13_1,Q15.14,Q16.1_1,Q16.2_1,Q16.3,Q16.4,Q16.5,Q16.6,Q16.7,Q16.8,Q16.9,Q16.10,Q16.11,Q16.12#1_1_1,Q16.12#1_1_2,Q16.13_1,Q16.14,Q17.1_1,Q17.2_1,Q17.3,Q17.4,Q17.5,Q17.6,Q17.7,Q17.8,Q17.9,Q17.10,Q17.11,Q17.12#1_1_1,Q17.12#1_1_2,Q17.13_1,Q17.14,Q18.1_1,Q18.2_1,Q18.3,Q18.4,Q18.5,Q18.6,Q18.7,Q18.8,Q18.9,Q18.10,Q18.11,Q18.12#1_1_1,Q18.12#1_1_2,Q18.13_1,Q18.14,Q19.1_1,Q19.2_1,Q19.3,Q19.4,Q19.5,Q19.6,Q19.7,Q19.8,Q19.9,Q19.10,Q19.11,Q19.12#1_1_1,Q19.12#1_1_2,Q19.13_1,Q19.14,Q20.1_1,Q20.2_1,Q20.3,Q20.4,Q20.5,Q20.6,Q20.7,Q20.8,Q20.9,Q20.10,Q20.11,Q20.12#1_1_1,Q20.12#1_1_2,Q20.13_1,Q20.14,Q21.1_1,Q21.2_1,Q21.3,Q21.4,Q21.5,Q21.6,Q21.7,Q21.8,Q21.9,Q21.10,Q21.11,Q21.12#1_1_1,Q21.12#1_1_2,Q21.13_1,Q21.14,Q22.1_1,Q22.2_1,Q22.3,Q22.4,Q22.5,Q22.6,Q22.7,Q22.8,Q22.9,Q22.10,Q22.11,Q22.12#1_1_1,Q22.12#1_1_2,Q22.13_1,Q22.14,Q23.1_1,Q23.2_1,Q23.3,Q23.4,Q23.5,Q23.6,Q23.7,Q23.8,Q23.9,Q23.10,Q23.11,Q23.12#1_1_1,Q23.12#1_1_2,Q23.13_1,Q23.14,Q24.1_1,Q24.2_1,Q24.3,Q24.4,Q24.5,Q24.6,Q24.7,Q24.8,Q24.9,Q24.10,Q24.11,Q24.12#1_1_1,Q24.12#1_1_2,Q24.13_1,Q24.14,Q25.1_1,Q25.2_1,Q25.3,Q25.4,Q25.5,Q25.6,Q25.7,Q25.8,Q25.9,Q25.10,Q25.11,Q25.12#1_1_1,Q25.12#1_1_2,Q25.13_1,Q25.14,Q26.1_1,Q26.2_1,Q26.3,Q26.4,Q26.5,Q26.6,Q26.7,Q26.8,Q26.9,Q26.10,Q26.11,Q26.12#1_1_1,Q26.12#1_1_2,Q26.13_1,Q26.14,Q27.1_1,Q27.2_1,Q27.3,Q27.4,Q27.5,Q27.6,Q27.7,Q27.8,Q27.9,Q27.10,Q27.11,Q27.12#1_1_1,Q27.12#1_1_2,Q27.13_1,Q27.14,Q28.1_1,Q28.2_1,Q28.3,Q28.4,Q28.5,Q28.6,Q28.7,Q28.8,Q28.9,Q28.10,Q28.11,Q28.12#1_1_1,Q28.12#1_1_2,Q28.13_1,Q28.14,Q29.1_1,Q29.2_1,Q29.3,Q29.4,Q29.5,Q29.6,Q29.7,Q29.8,Q29.9,Q29.10,Q29.11,Q29.12#1_1_1,Q29.12#1_1_2,Q29.13_1,Q29.14,Q30.2,Q30.3,Q30.4_1,Q30.5,Q30.6_1,Q30.7_1,Q30.8,Q30.9,Q30.10_1,Q30.11,Q30.12,PROLIFIC_PID
Start Date,End Date,Response Type,IP Address,Progress,Duration (in seconds),Finished,Recorded Date,Response ID,Recipient Last Name,Recipient First Name,Recipient Email,External Data Reference,Location Latitude,Location Longitude,Distribution Channel,User Language,Q_RecaptchaScore,"I have read the above information and understand the purpose of the research and that data will be collected from me. I agree that data gathered for the study may be published or made available, provided my name or other identifying information is not used.","What is your Prolific ID?
Please note that this response should auto-fill with the correct ID.",How old are you?,What is your gender?,"What is your native language? (If more than one, but English is among them, choose English.)",What is your highest education degree? - Selected Choice,What is your highest education degree? - Other - Text,Input - Divergent Information in Input,Output - Divergent Information in Output,Does Input include Output?,Does Output include Input?,"From within the Divergent Information in Output, copy and paste or write in the box below ONLY what you believe to be factually wrong information.

We ask you to insert one piece of information per line.
Please, consider the full spans of text containing Divergent Information in Output when copy-pasting or writing.","Unfortunately, your answers are wrong.

The only pieces of factually wrong information are:



Libya


The hotel also has a range of dining options.



These pieces of information are factually wrong, since they could well turn out to be wrong, given the information in I (i.e., the country where the hotel is located in is Egypt, and I does not state that the hotel provides dining options).

The other pieces of Divergent Information in Output contain subjective opinions, vague statements, or unverifiable information.

Here is how they should be inserted in the box (i.e., one piece of information per line):",Does Output contradict Input?,Copy and paste or write in the boxes below ONLY the parts in Input and Output that contradict eac... - Information Sources - Contradictory Statements - Input,Copy and paste or write in the boxes below ONLY the parts in Input and Output that contradict eac... - Information Sources - Contradictory Statements - Output,"Unfortunately, your answers are wrong. In this case, I and O contradict each other. Specifically,... - Information Sources - Contradictory Statements - Input","Unfortunately, your answers are wrong. In this case, I and O contradict each other. Specifically,... - Information Sources - Contradictory Statements - Output",Does Output contradict itself?,Copy and paste or write in the box below the parts of Output that contradict each other.,"Unfortunately, your answers are wrong.

In this case, O contradicts itself.

Specifically, these are the pieces of information that contradict each other and how they should be inserted in the box:",Input - Divergent Information in Input,Output - Divergent Information in Output,Does Output contradict itself?,Copy and paste or write in the box below the parts of Output that contradict each other.,Does Input include Output?,Does Output include Input?,Does Output contain factually wrong information?,"From within the Divergent Information in Output you highlighted earlier, copy and paste or write in the box below ONLY what you believe to be factually wrong information (one piece of information per line and consider the full spans of text).",Does Output include Input?,Does Output include Input?,Does Output contradict Input?,Copy and paste or write in the boxes below the parts in Input and Output that contradict each oth... - Information Sources - Contradictory Statements - Input,Copy and paste or write in the boxes below the parts in Input and Output that contradict each oth... - Information Sources - Contradictory Statements - Output,"All in all, how truthful do you believe Output is with respect to what is stated in Input? - Truthfulness",Do you have any additional comments on this Input - Output pair?,Input - Divergent Information in Input,Output - Divergent Information in Output,Does Output contradict itself?,Copy and paste or write in the box below the parts of Output that contradict each other.,Does Input include Output?,Does Output include Input?,Does Output contain factually wrong information?,"From within the Divergent Information in Output you highlighted earlier, copy and paste or write in the box below ONLY what you believe to be factually wrong information (one piece of information per line  and consider the full spans of text).",Does Output include Input?,Does Output include Input?,Does Output contradict Input?,Copy and paste or write in the boxes below the parts in Input and Output that contradict each oth... - Information Sources - Contradictory Statements - Input,Copy and paste or write in the boxes below the parts in Input and Output that contradict each oth... - Information Sources - Contradictory Statements - Output,"All in all, how truthful do you believe Output is with respect to what is stated in Input? - Truthfulness",Do you have any additional comments on this Input - Output pair?,Input - Divergent Information in Input,Output - Divergent Information in Output,Does Output contradict itself?,Copy and paste or write in the box below the parts of Output that contradict each other.,Does Input include Output?,Does Output include Input?,Does Output contain factually wrong information?,"From within the Divergent Information in Output you highlighted earlier, copy and paste or write in the box below ONLY what you believe to be factually wrong information (one piece of information per line  and consider the full spans of text).",Does Output include Input?,Does Output include Input?,Does Output contradict Input?,Copy and paste or write in the boxes below the parts in Input and Output that contradict each oth... - Information Sources - Contradictory Statements - Input,Copy and paste or write in the boxes below the parts in Input and Output that contradict each oth... - Information Sources - Contradictory Statements - Output,"All in all, how truthful do you believe Output is with respect to what is stated in Input? - Truthfulness",Do you have any additional comments on this Input - Output pair?,Input - Divergent Information in Input,Output - Divergent Information in Output,Does Output contradict itself?,Copy and paste or write in the box below the parts of Output that contradict each other.,Does Input include Output?,Does Output include Input?,Does Output contain factually wrong information?,"From within the Divergent Information in Output you highlighted earlier, copy and paste or write in the box below ONLY what you believe to be factually wrong information (one piece of information per line  and consider the full spans of text).",Does Output include Input?,Does Output include Input?,Does Output contradict Input?,Copy and paste or write in the boxes below the parts in Input and Output that contradict each oth... - Information Sources - Contradictory Statements - Input,Copy and paste or write in the boxes below the parts in Input and Output that contradict each oth... - Information Sources - Contradictory Statements - Output,"All in all, how truthful do you believe Output is with respect to what is stated in Input? - Truthfulness",Do you have any additional comments on this Input - Output pair?,Input - Divergent Information in Input,Output - Divergent Information in Output,Does Output contradict itself?,Copy and paste or write in the box below the parts of Output that contradict each other.,Does Input include Output?,Does Output include Input?,Does Output contain factually wrong information?,"From within the Divergent Information in Output you highlighted earlier, copy and paste or write in the box below ONLY what you believe to be factually wrong information (one piece of information per line  and consider the full spans of text).",Does Output include Input?,Does Output include Input?,Does Output contradict Input?,Copy and paste or write in the boxes below the parts in Input and Output that contradict each oth... - Information Sources - Contradictory Statements - Input,Copy and paste or write in the boxes below the parts in Input and Output that contradict each oth... - Information Sources - Contradictory Statements - Output,"All in all, how truthful do you believe Output is with respect to what is stated in Input? - Truthfulness",Do you have any additional comments on this Input - Output pair?,Input - Divergent Information in Input,Output - Divergent Information in Output,Does Output contradict itself?,Copy and paste or write in the box below the parts of Output that contradict each other.,Does Input include Output?,Does Output include Input?,Does Output contain factually wrong information?,"From within the Divergent Information in Output you highlighted earlier, copy and paste or write in the box below ONLY what you believe to be factually wrong information (one piece of information per line  and consider the full spans of text).",Does Output include Input?,Does Output include Input?,Does Output contradict Input?,Copy and paste or write in the boxes below the parts in Input and Output that contradict each oth... - Information Sources - Contradictory Statements - Input,Copy and paste or write in the boxes below the parts in Input and Output that contradict each oth... - Information Sources - Contradictory Statements - Output,"All in all, how truthful do you believe Output is with respect to what is stated in Input? - Truthfulness",Do you have any additional comments on this Input - Output pair?,Input - Divergent Information in Input,Output - Divergent Information in Output,Does Output contradict itself?,Copy and paste or write in the box below the parts of Output that contradict each other.,Does Input include Output?,Does Output include Input?,Does Output contain factually wrong information?,"From within the Divergent Information in Output you highlighted earlier, copy and paste or write in the box below ONLY what you believe to be factually wrong information (one piece of information per line  and consider the full spans of text).",Does Output include Input?,Does Output include Input?,Does Output contradict Input?,Copy and paste or write in the boxes below the parts in Input and Output that contradict each oth... - Information Sources - Contradictory Statements - Input,Copy and paste or write in the boxes below the parts in Input and Output that contradict each oth... - Information Sources - Contradictory Statements - Output,"All in all, how truthful do you believe Output is with respect to what is stated in Input? - Truthfulness",Do you have any additional comments on this Input - Output pair?,Input - Divergent Information in Input,Output - Divergent Information in Output,Does Output contradict itself?,Copy and paste or write in the box below the parts of Output that contradict each other.,Does Input include Output?,Does Output include Input?,Does Output contain factually wrong information?,"From within the Divergent Information in Output you highlighted earlier, copy and paste or write in the box below ONLY what you believe to be factually wrong information (one piece of information per line  and consider the full spans of text).",Does Output include Input?,Does Output include Input?,Does Output contradict Input?,Copy and paste or write in the boxes below the parts in Input and Output that contradict each oth... - Information Sources - Contradictory Statements - Input,Copy and paste or write in the boxes below the parts in Input and Output that contradict each oth... - Information Sources - Contradictory Statements - Output,"All in all, how truthful do you believe Output is with respect to what is stated in Input? - Truthfulness",Do you have any additional comments on this Input - Output pair?,Input - Divergent Information in Input,Output - Divergent Information in Output,Does Output contradict itself?,Copy and paste or write in the box below the parts of Output that contradict each other.,Does Input include Output?,Does Output include Input?,Does Output contain factually wrong information?,"From within the Divergent Information in Output you highlighted earlier, copy and paste or write in the box below ONLY what you believe to be factually wrong information (one piece of information per line  and consider the full spans of text).",Does Output include Input?,Does Output include Input?,Does Output contradict Input?,Copy and paste or write in the boxes below the parts in Input and Output that contradict each oth... - Information Sources - Contradictory Statements - Input,Copy and paste or write in the boxes below the parts in Input and Output that contradict each oth... - Information Sources - Contradictory Statements - Output,"All in all, how truthful do you believe Output is with respect to what is stated in Input? - Truthfulness",Do you have any additional comments on this Input - Output pair?,Input - Divergent Information in Input,Output - Divergent Information in Output,Does Output contradict itself?,Copy and paste or write in the box below the parts of Output that contradict each other.,Does Input include Output?,Does Output include Input?,Does Output contain factually wrong information?,"From within the Divergent Information in Output you highlighted earlier, copy and paste or write in the box below ONLY what you believe to be factually wrong information (one piece of information per line  and consider the full spans of text).",Does Output include Input?,Does Output include Input?,Does Output contradict Input?,Copy and paste or write in the boxes below the parts in Input and Output that contradict each oth... - Information Sources - Contradictory Statements - Input,Copy and paste or write in the boxes below the parts in Input and Output that contradict each oth... - Information Sources - Contradictory Statements - Output,"All in all, how truthful do you believe Output is with respect to what is stated in Input? - Truthfulness",Do you have any additional comments on this Input - Output pair?,Input - Divergent Information in Input,Output - Divergent Information in Output,Does Output contradict itself?,Copy and paste or write in the box below the parts of Output that contradict each other.,Does Input include Output?,Does Output include Input?,Does Output contain factually wrong information?,"From within the Divergent Information in Output you highlighted earlier, copy and paste or write in the box below ONLY what you believe to be factually wrong information (one piece of information per line  and consider the full spans of text).",Does Output include Input?,Does Output include Input?,Does Output contradict Input?,Copy and paste or write in the boxes below the parts in Input and Output that contradict each oth... - Information Sources - Contradictory Statements - Input,Copy and paste or write in the boxes below the parts in Input and Output that contradict each oth... - Information Sources - Contradictory Statements - Output,"All in all, how truthful do you believe Output is with respect to what is stated in Input? - Truthfulness",Do you have any additional comments on this Input - Output pair?,Input - Divergent Information in Input,Output - Divergent Information in Output,Does Output contradict itself?,Copy and paste or write in the box below the parts of Output that contradict each other.,Does Input include Output?,Does Output include Input?,Does Output contain factually wrong information?,"From within the Divergent Information in Output you highlighted earlier, copy and paste or write in the box below ONLY what you believe to be factually wrong information (one piece of information per line  and consider the full spans of text).",Does Output include Input?,Does Output include Input?,Does Output contradict Input?,Copy and paste or write in the boxes below the parts in Input and Output that contradict each oth... - Information Sources - Contradictory Statements - Input,Copy and paste or write in the boxes below the parts in Input and Output that contradict each oth... - Information Sources - Contradictory Statements - Output,"All in all, how truthful do you believe Output is with respect to what is stated in Input? - Truthfulness",Do you have any additional comments on this Input - Output pair?,Input - Divergent Information in Input,Output - Divergent Information in Output,Does Output contradict itself?,Copy and paste or write in the box below the parts of Output that contradict each other.,Does Input include Output?,Does Output include Input?,Does Output contain factually wrong information?,"From within the Divergent Information in Output you highlighted earlier, copy and paste or write in the box below ONLY what you believe to be factually wrong information (one piece of information per line  and consider the full spans of text).",Does Output include Input?,Does Output include Input?,Does Output contradict Input?,Copy and paste or write in the boxes below the parts in Input and Output that contradict each oth... - Information Sources - Contradictory Statements - Input,Copy and paste or write in the boxes below the parts in Input and Output that contradict each oth... - Information Sources - Contradictory Statements - Output,"All in all, how truthful do you believe Output is with respect to what is stated in Input? - Truthfulness",Do you have any additional comments on this Input - Output pair?,Input - Divergent Information in Input,Output - Divergent Information in Output,Does Output contradict itself?,Copy and paste or write in the box below the parts of Output that contradict each other.,Does Input include Output?,Does Output include Input?,Does Output contain factually wrong information?,"From within the Divergent Information in Output you highlighted earlier, copy and paste or write in the box below ONLY what you believe to be factually wrong information (one piece of information per line  and consider the full spans of text).",Does Output include Input?,Does Output include Input?,Does Output contradict Input?,Copy and paste or write in the boxes below the parts in Input and Output that contradict each oth... - Information Sources - Contradictory Statements - Input,Copy and paste or write in the boxes below the parts in Input and Output that contradict each oth... - Information Sources - Contradictory Statements - Output,"All in all, how truthful do you believe Output is with respect to what is stated in Input? - Truthfulness",Do you have any additional comments on this Input - Output pair?,Input - Divergent Information in Input,Output - Divergent Information in Output,Does Output contradict itself?,Copy and paste or write in the box below the parts of Output that contradict each other.,Does Input include Output?,Does Output include Input?,Does Output contain factually wrong information?,"From within the Divergent Information in Output you highlighted earlier, copy and paste or write in the box below ONLY what you believe to be factually wrong information (one piece of information per line  and consider the full spans of text).",Does Output include Input?,Does Output include Input?,Does Output contradict Input?,Copy and paste or write in the boxes below the parts in Input and Output that contradict each oth... - Information Sources - Contradictory Statements - Input,Copy and paste or write in the boxes below the parts in Input and Output that contradict each oth... - Information Sources - Contradictory Statements - Output,"All in all, how truthful do you believe Output is with respect to what is stated in Input? - Truthfulness",Do you have any additional comments on this Input - Output pair?,Input - Divergent Information in Input,Output - Divergent Information in Output,Does Output contradict itself?,Copy and paste or write in the box below the parts of Output that contradict each other.,Does Input include Output?,Does Output include Input?,Does Output contain factually wrong information?,"From within the Divergent Information in Output you highlighted earlier, copy and paste or write in the box below ONLY what you believe to be factually wrong information (one piece of information per line  and consider the full spans of text).",Does Output include Input?,Does Output include Input?,Does Output contradict Input?,Copy and paste or write in the boxes below the parts in Input and Output that contradict each oth... - Information Sources - Contradictory Statements - Input,Copy and paste or write in the boxes below the parts in Input and Output that contradict each oth... - Information Sources - Contradictory Statements - Output,"All in all, how truthful do you believe Output is with respect to what is stated in Input? - Truthfulness",Do you have any additional comments on this Input - Output pair?,Input - Divergent Information in Input,Output - Divergent Information in Output,Does Output contradict itself?,Copy and paste or write in the box below the parts of Output that contradict each other.,Does Input include Output?,Does Output include Input?,Does Output contain factually wrong information?,"From within the Divergent Information in Output you highlighted earlier, copy and paste or write in the box below ONLY what you believe to be factually wrong information (one piece of information per line  and consider the full spans of text).",Does Output include Input?,Does Output include Input?,Does Output contradict Input?,Copy and paste or write in the boxes below the parts in Input and Output that contradict each oth... - Information Sources - Contradictory Statements - Input,Copy and paste or write in the boxes below the parts in Input and Output that contradict each oth... - Information Sources - Contradictory Statements - Output,"All in all, how truthful do you believe Output is with respect to what is stated in Input? - Truthfulness",Do you have any additional comments on this Input - Output pair?,Input - Divergent Information in Input,Output - Divergent Information in Output,Does Output contradict itself?,Copy and paste or write in the box below the parts of Output that contradict each other.,Does Input include Output?,Does Output include Input?,Does Output contain factually wrong information?,"From within the Divergent Information in Output you highlighted earlier, copy and paste or write in the box below ONLY what you believe to be factually wrong information (one piece of information per line  and consider the full spans of text).",Does Output include Input?,Does Output include Input?,Does Output contradict Input?,Copy and paste or write in the boxes below the parts in Input and Output that contradict each oth... - Information Sources - Contradictory Statements - Input,Copy and paste or write in the boxes below the parts in Input and Output that contradict each oth... - Information Sources - Contradictory Statements - Output,"All in all, how truthful do you believe Output is with respect to what is stated in Input? - Truthfulness",Do you have any additional comments on this Input - Output pair?,Input - Divergent Information in Input,Output - Divergent Information in Output,Does Output contradict itself?,Copy and paste or write in the box below the parts of Output that contradict each other.,Does Input include Output?,Does Output include Input?,Does Output contain factually wrong information?,"From within the Divergent Information in Output you highlighted earlier, copy and paste or write in the box below ONLY what you believe to be factually wrong information (one piece of information per line  and consider the full spans of text).",Does Output include Input?,Does Output include Input?,Does Output contradict Input?,Copy and paste or write in the boxes below the parts in Input and Output that contradict each oth... - Information Sources - Contradictory Statements - Input,Copy and paste or write in the boxes below the parts in Input and Output that contradict each oth... - Information Sources - Contradictory Statements - Output,"All in all, how truthful do you believe Output is with respect to what is stated in Input? - Truthfulness",Do you have any additional comments on this Input - Output pair?,Input - Divergent Information in Input,Output - Divergent Information in Output,Does Output contradict itself?,Copy and paste or write in the box below the parts of Output that contradict each other.,Does Input include Output?,Does Output include Input?,Does Output contain factually wrong information?,"From within the Divergent Information in Output you highlighted earlier, copy and paste or write in the box below ONLY what you believe to be factually wrong information (one piece of information per line  and consider the full spans of text).",Does Output include Input?,Does Output include Input?,Does Output contradict Input?,Copy and paste or write in the boxes below the parts in Input and Output that contradict each oth... - Information Sources - Contradictory Statements - Input,Copy and paste or write in the boxes below the parts in Input and Output that contradict each oth... - Information Sources - Contradictory Statements - Output,"All in all, how truthful do you believe Output is with respect to what is stated in Input? - Truthfulness",Do you have any additional comments on this Input - Output pair?,Input - Divergent Information in Input,Output - Divergent Information in Output,Does Output contradict itself?,Copy and paste or write in the box below the parts of Output that contradict each other.,Does Input include Output?,Does Output include Input?,Does Output contain factually wrong information?,"From within the Divergent Information in Output you highlighted earlier, copy and paste or write in the box below ONLY what you believe to be factually wrong information (one piece of information per line  and consider the full spans of text).",Does Output include Input?,Does Output include Input?,Does Output contradict Input?,Copy and paste or write in the boxes below the parts in Input and Output that contradict each oth... - Information Sources - Contradictory Statements - Input,Copy and paste or write in the boxes below the parts in Input and Output that contradict each oth... - Information Sources - Contradictory Statements - Output,"All in all, how truthful do you believe Output is with respect to what is stated in Input? - Truthfulness",Do you have any additional comments on this Input - Output pair?,Input - Divergent Information in Input,Output - Divergent Information in Output,Does Output contradict itself?,Copy and paste or write in the box below the parts of Output that contradict each other.,Does Input include Output?,Does Output include Input?,Does Output contain factually wrong information?,"From within the Divergent Information in Output you highlighted earlier, copy and paste or write in the box below ONLY what you believe to be factually wrong information (one piece of information per line  and consider the full spans of text).",Does Output include Input?,Does Output include Input?,Does Output contradict Input?,Copy and paste or write in the boxes below the parts in Input and Output that contradict each oth... - Information Sources - Contradictory Statements - Input,Copy and paste or write in the boxes below the parts in Input and Output that contradict each oth... - Information Sources - Contradictory Statements - Output,"All in all, how truthful do you believe Output is with respect to what is stated in Input? - Truthfulness",Do you have any additional comments on this Input - Output pair?,Input - Divergent Information in Input,Output - Divergent Information in Output,Does Output contradict itself?,Copy and paste or write in the box below the parts of Output that contradict each other.,Does Input include Output?,Does Output include Input?,Does Output contain factually wrong information?,"From within the Divergent Information in Output you highlighted earlier, copy and paste or write in the box below ONLY what you believe to be factually wrong information (one piece of information per line  and consider the full spans of text).",Does Output include Input?,Does Output include Input?,Does Output contradict Input?,Copy and paste or write in the boxes below the parts in Input and Output that contradict each oth... - Information Sources - Contradictory Statements - Input,Copy and paste or write in the boxes below the parts in Input and Output that contradict each oth... - Information Sources - Contradictory Statements - Output,"All in all, how truthful do you believe Output is with respect to what is stated in Input? - Truthfulness",Do you have any additional comments on this Input - Output pair?,Input - Divergent Information in Input,Output - Divergent Information in Output,Does Output contradict itself?,Copy and paste or write in the box below the parts of Output that contradict each other.,Does Input include Output?,Does Output include Input?,Does Output contain factually wrong information?,"From within the Divergent Information in Output you highlighted earlier, copy and paste or write in the box below ONLY what you believe to be factually wrong information (one piece of information per line  and consider the full spans of text).",Does Output include Input?,Does Output include Input?,Does Output contradict Input?,Copy and paste or write in the boxes below the parts in Input and Output that contradict each oth... - Information Sources - Contradictory Statements - Input,Copy and paste or write in the boxes below the parts in Input and Output that contradict each oth... - Information Sources - Contradictory Statements - Output,"All in all, how truthful do you believe Output is with respect to what is stated in Input? - Truthfulness",Do you have any additional comments on this Input - Output pair?,Input - Divergent Information in Input,Output - Divergent Information in Output,Does Output contradict itself?,Copy and paste or write in the box below the parts of Output that contradict each other.,Does Input include Output?,Does Output include Input?,Does Output contain factually wrong information?,"From within the Divergent Information in Output you highlighted earlier, copy and paste or write in the box below ONLY what you believe to be factually wrong information (one piece of information per line  and consider the full spans of text).",Does Output include Input?,Does Output include Input?,Does Output contradict Input?,Copy and paste or write in the boxes below the parts in Input and Output that contradict each oth... - Information Sources - Contradictory Statements - Input,Copy and paste or write in the boxes below the parts in Input and Output that contradict each oth... - Information Sources - Contradictory Statements - Output,"All in all, how truthful do you believe Output is with respect to what is stated in Input? - Truthfulness",Do you have any additional comments on this Input - Output pair?,Input - Divergent Information in Input,Output - Divergent Information in Output,Does Output contradict itself?,Copy and paste or write in the box below the parts of Output that contradict each other.,Does Input include Output?,Does Output include Input?,Does Output contain factually wrong information?,"From within the Divergent Information in Output you highlighted earlier, copy and paste or write in the box below ONLY what you believe to be factually wrong information (one piece of information per line  and consider the full spans of text).",Does Output include Input?,Does Output include Input?,Does Output contradict Input?,Copy and paste or write in the boxes below the parts in Input and Output that contradict each oth... - Information Sources - Contradictory Statements - Input,Copy and paste or write in the boxes below the parts in Input and Output that contradict each oth... - Information Sources - Contradictory Statements - Output,"All in all, how truthful do you believe Output is with respect to what is stated in Input? - Truthfulness",Do you have any additional comments on this Input - Output pair?,Input - Divergent Information in Input,Output - Divergent Information in Output,Does Output contradict itself?,Copy and paste or write in the box below the parts of Output that contradict each other.,Does Input include Output?,Does Output include Input?,Does Output contain factually wrong information?,"From within the Divergent Information in Output you highlighted earlier, copy and paste or write in the box below ONLY what you believe to be factually wrong information (one piece of information per line  and consider the full spans of text).",Does Output include Input?,Does Output include Input?,Does Output contradict Input?,Copy and paste or write in the boxes below the parts in Input and Output that contradict each oth... - Information Sources - Contradictory Statements - Input,Copy and paste or write in the boxes below the parts in Input and Output that contradict each oth... - Information Sources - Contradictory Statements - Output,"All in all, how truthful do you believe Output is with respect to what is stated in Input? - Truthfulness",Do you have any additional comments on this Input - Output pair?,How long did it take (on average) to complete a single Input - Output pair?,"How long did it take to complete the whole experiment (interactive training, reading the guidelines, performing the task, etc.)?",How would you rate the complexity of the experiment? - Complexity,"Which were the most challenging parts, if any?",How helpful was the interactive training? - Helpfulness,How clear are the guidelines? - Clarity,"Do you understand the terminology? (e.g., inclusion, factually wrong, etc.)",Do you see any room for improvement in the interactive training and/or in the guidelines? (any aspect is welcome),How easy was it for you to use the graphical interface? - Easiness,Would you improve anything in the graphical interface?,Any last remark?,PROLIFIC_PID
"{""ImportId"":""startDate"",""timeZone"":""America/Denver""}","{""ImportId"":""endDate"",""timeZone"":""America/Denver""}","{""ImportId"":""status""}","{""ImportId"":""ipAddress""}","{""ImportId"":""progress""}","{""ImportId"":""duration""}","{""ImportId"":""finished""}","{""ImportId"":""recordedDate"",""timeZone"":""America/Denver""}","{""ImportId"":""_recordId""}","{""ImportId"":""recipientLastName""}","{""ImportId"":""recipientFirstName""}","{""ImportId"":""recipientEmail""}","{""ImportId"":""externalDataReference""}","{""ImportId"":""locationLatitude""}","{""ImportId"":""locationLongitude""}","{""ImportId"":""distributionChannel""}","{""ImportId"":""userLanguage""}","{""ImportId"":""Q_RecaptchaScore""}","{""ImportId"":""QID1215371922""}","{""ImportId"":""QID1215371928_TEXT""}","{""ImportId"":""QID34_TEXT""}","{""ImportId"":""QID35""}","{""ImportId"":""QID36""}","{""ImportId"":""QID37""}","{""ImportId"":""QID37_5_TEXT""}","{""ImportId"":""QID71_1""}","{""ImportId"":""QID72_1""}","{""ImportId"":""QID96""}","{""ImportId"":""QID97""}","{""ImportId"":""QID125_TEXT""}","{""ImportId"":""QID127_TEXT""}","{""ImportId"":""QID114""}","{""ImportId"":""QID115#1_1_1""}","{""ImportId"":""QID115#1_1_2""}","{""ImportId"":""QID120#1_1_1""}","{""ImportId"":""QID120#1_1_2""}","{""ImportId"":""QID135""}","{""ImportId"":""QID136_TEXT""}","{""ImportId"":""QID138_TEXT""}","{""ImportId"":""QID139_1""}","{""ImportId"":""QID140_1""}","{""ImportId"":""QID141""}","{""ImportId"":""QID142_TEXT""}","{""ImportId"":""QID143""}","{""ImportId"":""QID144""}","{""ImportId"":""QID145""}","{""ImportId"":""QID146_TEXT""}","{""ImportId"":""QID147""}","{""ImportId"":""QID148""}","{""ImportId"":""QID149""}","{""ImportId"":""QID150#1_1_1""}","{""ImportId"":""QID150#1_1_2""}","{""ImportId"":""QID151_1""}","{""ImportId"":""QID152_TEXT""}","{""ImportId"":""QID185_1""}","{""ImportId"":""QID186_1""}","{""ImportId"":""QID187""}","{""ImportId"":""QID188_TEXT""}","{""ImportId"":""QID189""}","{""ImportId"":""QID190""}","{""ImportId"":""QID191""}","{""ImportId"":""QID192_TEXT""}","{""ImportId"":""QID193""}","{""ImportId"":""QID194""}","{""ImportId"":""QID195""}","{""ImportId"":""QID196#1_1_1""}","{""ImportId"":""QID196#1_1_2""}","{""ImportId"":""QID197_1""}","{""ImportId"":""QID198_TEXT""}","{""ImportId"":""QID1_1""}","{""ImportId"":""QID2_1""}","{""ImportId"":""QID3""}","{""ImportId"":""QID57_TEXT""}","{""ImportId"":""QID4""}","{""ImportId"":""QID20""}","{""ImportId"":""QID5""}","{""ImportId"":""QID12_TEXT""}","{""ImportId"":""QID22""}","{""ImportId"":""QID23""}","{""ImportId"":""QID24""}","{""ImportId"":""QID25#1_1_1""}","{""ImportId"":""QID25#1_1_2""}","{""ImportId"":""QID27_1""}","{""ImportId"":""QID59_TEXT""}","{""ImportId"":""QID375_1""}","{""ImportId"":""QID376_1""}","{""ImportId"":""QID377""}","{""ImportId"":""QID378_TEXT""}","{""ImportId"":""QID379""}","{""ImportId"":""QID380""}","{""ImportId"":""QID381""}","{""ImportId"":""QID382_TEXT""}","{""ImportId"":""QID383""}","{""ImportId"":""QID384""}","{""ImportId"":""QID385""}","{""ImportId"":""QID386#1_1_1""}","{""ImportId"":""QID386#1_1_2""}","{""ImportId"":""QID387_1""}","{""ImportId"":""QID388_TEXT""}","{""ImportId"":""QID431_1""}","{""ImportId"":""QID432_1""}","{""ImportId"":""QID433""}","{""ImportId"":""QID434_TEXT""}","{""ImportId"":""QID435""}","{""ImportId"":""QID436""}","{""ImportId"":""QID437""}","{""ImportId"":""QID438_TEXT""}","{""ImportId"":""QID439""}","{""ImportId"":""QID440""}","{""ImportId"":""QID441""}","{""ImportId"":""QID442#1_1_1""}","{""ImportId"":""QID442#1_1_2""}","{""ImportId"":""QID443_1""}","{""ImportId"":""QID444_TEXT""}","{""ImportId"":""QID487_1""}","{""ImportId"":""QID488_1""}","{""ImportId"":""QID489""}","{""ImportId"":""QID490_TEXT""}","{""ImportId"":""QID491""}","{""ImportId"":""QID492""}","{""ImportId"":""QID493""}","{""ImportId"":""QID494_TEXT""}","{""ImportId"":""QID495""}","{""ImportId"":""QID496""}","{""ImportId"":""QID497""}","{""ImportId"":""QID498#1_1_1""}","{""ImportId"":""QID498#1_1_2""}","{""ImportId"":""QID499_1""}","{""ImportId"":""QID500_TEXT""}","{""ImportId"":""QID543_1""}","{""ImportId"":""QID544_1""}","{""ImportId"":""QID545""}","{""ImportId"":""QID546_TEXT""}","{""ImportId"":""QID547""}","{""ImportId"":""QID548""}","{""ImportId"":""QID549""}","{""ImportId"":""QID550_TEXT""}","{""ImportId"":""QID551""}","{""ImportId"":""QID552""}","{""ImportId"":""QID553""}","{""ImportId"":""QID554#1_1_1""}","{""ImportId"":""QID554#1_1_2""}","{""ImportId"":""QID555_1""}","{""ImportId"":""QID556_TEXT""}","{""ImportId"":""QID263_1""}","{""ImportId"":""QID264_1""}","{""ImportId"":""QID265""}","{""ImportId"":""QID266_TEXT""}","{""ImportId"":""QID267""}","{""ImportId"":""QID268""}","{""ImportId"":""QID269""}","{""ImportId"":""QID270_TEXT""}","{""ImportId"":""QID271""}","{""ImportId"":""QID272""}","{""ImportId"":""QID273""}","{""ImportId"":""QID274#1_1_1""}","{""ImportId"":""QID274#1_1_2""}","{""ImportId"":""QID275_1""}","{""ImportId"":""QID276_TEXT""}","{""ImportId"":""QID319_1""}","{""ImportId"":""QID320_1""}","{""ImportId"":""QID321""}","{""ImportId"":""QID322_TEXT""}","{""ImportId"":""QID323""}","{""ImportId"":""QID324""}","{""ImportId"":""QID325""}","{""ImportId"":""QID326_TEXT""}","{""ImportId"":""QID327""}","{""ImportId"":""QID328""}","{""ImportId"":""QID329""}","{""ImportId"":""QID330#1_1_1""}","{""ImportId"":""QID330#1_1_2""}","{""ImportId"":""QID331_1""}","{""ImportId"":""QID332_TEXT""}","{""ImportId"":""QID445_1""}","{""ImportId"":""QID446_1""}","{""ImportId"":""QID447""}","{""ImportId"":""QID448_TEXT""}","{""ImportId"":""QID449""}","{""ImportId"":""QID450""}","{""ImportId"":""QID451""}","{""ImportId"":""QID452_TEXT""}","{""ImportId"":""QID453""}","{""ImportId"":""QID454""}","{""ImportId"":""QID455""}","{""ImportId"":""QID456#1_1_1""}","{""ImportId"":""QID456#1_1_2""}","{""ImportId"":""QID457_1""}","{""ImportId"":""QID458_TEXT""}","{""ImportId"":""QID501_1""}","{""ImportId"":""QID502_1""}","{""ImportId"":""QID503""}","{""ImportId"":""QID504_TEXT""}","{""ImportId"":""QID505""}","{""ImportId"":""QID506""}","{""ImportId"":""QID507""}","{""ImportId"":""QID508_TEXT""}","{""ImportId"":""QID509""}","{""ImportId"":""QID510""}","{""ImportId"":""QID511""}","{""ImportId"":""QID512#1_1_1""}","{""ImportId"":""QID512#1_1_2""}","{""ImportId"":""QID513_1""}","{""ImportId"":""QID514_TEXT""}","{""ImportId"":""QID557_1""}","{""ImportId"":""QID558_1""}","{""ImportId"":""QID559""}","{""ImportId"":""QID560_TEXT""}","{""ImportId"":""QID561""}","{""ImportId"":""QID562""}","{""ImportId"":""QID563""}","{""ImportId"":""QID564_TEXT""}","{""ImportId"":""QID565""}","{""ImportId"":""QID566""}","{""ImportId"":""QID567""}","{""ImportId"":""QID568#1_1_1""}","{""ImportId"":""QID568#1_1_2""}","{""ImportId"":""QID569_1""}","{""ImportId"":""QID570_TEXT""}","{""ImportId"":""QID277_1""}","{""ImportId"":""QID278_1""}","{""ImportId"":""QID279""}","{""ImportId"":""QID280_TEXT""}","{""ImportId"":""QID281""}","{""ImportId"":""QID282""}","{""ImportId"":""QID283""}","{""ImportId"":""QID284_TEXT""}","{""ImportId"":""QID285""}","{""ImportId"":""QID286""}","{""ImportId"":""QID287""}","{""ImportId"":""QID288#1_1_1""}","{""ImportId"":""QID288#1_1_2""}","{""ImportId"":""QID289_1""}","{""ImportId"":""QID290_TEXT""}","{""ImportId"":""QID333_1""}","{""ImportId"":""QID334_1""}","{""ImportId"":""QID335""}","{""ImportId"":""QID336_TEXT""}","{""ImportId"":""QID337""}","{""ImportId"":""QID338""}","{""ImportId"":""QID339""}","{""ImportId"":""QID340_TEXT""}","{""ImportId"":""QID341""}","{""ImportId"":""QID342""}","{""ImportId"":""QID343""}","{""ImportId"":""QID344#1_1_1""}","{""ImportId"":""QID344#1_1_2""}","{""ImportId"":""QID345_1""}","{""ImportId"":""QID346_TEXT""}","{""ImportId"":""QID389_1""}","{""ImportId"":""QID390_1""}","{""ImportId"":""QID391""}","{""ImportId"":""QID392_TEXT""}","{""ImportId"":""QID393""}","{""ImportId"":""QID394""}","{""ImportId"":""QID395""}","{""ImportId"":""QID396_TEXT""}","{""ImportId"":""QID397""}","{""ImportId"":""QID398""}","{""ImportId"":""QID399""}","{""ImportId"":""QID400#1_1_1""}","{""ImportId"":""QID400#1_1_2""}","{""ImportId"":""QID401_1""}","{""ImportId"":""QID402_TEXT""}","{""ImportId"":""QID515_1""}","{""ImportId"":""QID516_1""}","{""ImportId"":""QID517""}","{""ImportId"":""QID518_TEXT""}","{""ImportId"":""QID519""}","{""ImportId"":""QID520""}","{""ImportId"":""QID521""}","{""ImportId"":""QID522_TEXT""}","{""ImportId"":""QID523""}","{""ImportId"":""QID524""}","{""ImportId"":""QID525""}","{""ImportId"":""QID526#1_1_1""}","{""ImportId"":""QID526#1_1_2""}","{""ImportId"":""QID527_1""}","{""ImportId"":""QID528_TEXT""}","{""ImportId"":""QID571_1""}","{""ImportId"":""QID572_1""}","{""ImportId"":""QID573""}","{""ImportId"":""QID574_TEXT""}","{""ImportId"":""QID575""}","{""ImportId"":""QID576""}","{""ImportId"":""QID577""}","{""ImportId"":""QID578_TEXT""}","{""ImportId"":""QID579""}","{""ImportId"":""QID580""}","{""ImportId"":""QID581""}","{""ImportId"":""QID582#1_1_1""}","{""ImportId"":""QID582#1_1_2""}","{""ImportId"":""QID583_1""}","{""ImportId"":""QID584_TEXT""}","{""ImportId"":""QID291_1""}","{""ImportId"":""QID292_1""}","{""ImportId"":""QID293""}","{""ImportId"":""QID294_TEXT""}","{""ImportId"":""QID295""}","{""ImportId"":""QID296""}","{""ImportId"":""QID297""}","{""ImportId"":""QID298_TEXT""}","{""ImportId"":""QID299""}","{""ImportId"":""QID300""}","{""ImportId"":""QID301""}","{""ImportId"":""QID302#1_1_1""}","{""ImportId"":""QID302#1_1_2""}","{""ImportId"":""QID303_1""}","{""ImportId"":""QID304_TEXT""}","{""ImportId"":""QID347_1""}","{""ImportId"":""QID348_1""}","{""ImportId"":""QID349""}","{""ImportId"":""QID350_TEXT""}","{""ImportId"":""QID351""}","{""ImportId"":""QID352""}","{""ImportId"":""QID353""}","{""ImportId"":""QID354_TEXT""}","{""ImportId"":""QID355""}","{""ImportId"":""QID356""}","{""ImportId"":""QID357""}","{""ImportId"":""QID358#1_1_1""}","{""ImportId"":""QID358#1_1_2""}","{""ImportId"":""QID359_1""}","{""ImportId"":""QID360_TEXT""}","{""ImportId"":""QID403_1""}","{""ImportId"":""QID404_1""}","{""ImportId"":""QID405""}","{""ImportId"":""QID406_TEXT""}","{""ImportId"":""QID407""}","{""ImportId"":""QID408""}","{""ImportId"":""QID409""}","{""ImportId"":""QID410_TEXT""}","{""ImportId"":""QID411""}","{""ImportId"":""QID412""}","{""ImportId"":""QID413""}","{""ImportId"":""QID414#1_1_1""}","{""ImportId"":""QID414#1_1_2""}","{""ImportId"":""QID415_1""}","{""ImportId"":""QID416_TEXT""}","{""ImportId"":""QID459_1""}","{""ImportId"":""QID460_1""}","{""ImportId"":""QID461""}","{""ImportId"":""QID462_TEXT""}","{""ImportId"":""QID463""}","{""ImportId"":""QID464""}","{""ImportId"":""QID465""}","{""ImportId"":""QID466_TEXT""}","{""ImportId"":""QID467""}","{""ImportId"":""QID468""}","{""ImportId"":""QID469""}","{""ImportId"":""QID470#1_1_1""}","{""ImportId"":""QID470#1_1_2""}","{""ImportId"":""QID471_1""}","{""ImportId"":""QID472_TEXT""}","{""ImportId"":""QID585_1""}","{""ImportId"":""QID586_1""}","{""ImportId"":""QID587""}","{""ImportId"":""QID588_TEXT""}","{""ImportId"":""QID589""}","{""ImportId"":""QID590""}","{""ImportId"":""QID591""}","{""ImportId"":""QID592_TEXT""}","{""ImportId"":""QID593""}","{""ImportId"":""QID594""}","{""ImportId"":""QID595""}","{""ImportId"":""QID596#1_1_1""}","{""ImportId"":""QID596#1_1_2""}","{""ImportId"":""QID597_1""}","{""ImportId"":""QID598_TEXT""}","{""ImportId"":""QID305_1""}","{""ImportId"":""QID306_1""}","{""ImportId"":""QID307""}","{""ImportId"":""QID308_TEXT""}","{""ImportId"":""QID309""}","{""ImportId"":""QID310""}","{""ImportId"":""QID311""}","{""ImportId"":""QID312_TEXT""}","{""ImportId"":""QID313""}","{""ImportId"":""QID314""}","{""ImportId"":""QID315""}","{""ImportId"":""QID316#1_1_1""}","{""ImportId"":""QID316#1_1_2""}","{""ImportId"":""QID317_1""}","{""ImportId"":""QID318_TEXT""}","{""ImportId"":""QID361_1""}","{""ImportId"":""QID362_1""}","{""ImportId"":""QID363""}","{""ImportId"":""QID364_TEXT""}","{""ImportId"":""QID365""}","{""ImportId"":""QID366""}","{""ImportId"":""QID367""}","{""ImportId"":""QID368_TEXT""}","{""ImportId"":""QID369""}","{""ImportId"":""QID370""}","{""ImportId"":""QID371""}","{""ImportId"":""QID372#1_1_1""}","{""ImportId"":""QID372#1_1_2""}","{""ImportId"":""QID373_1""}","{""ImportId"":""QID374_TEXT""}","{""ImportId"":""QID417_1""}","{""ImportId"":""QID418_1""}","{""ImportId"":""QID419""}","{""ImportId"":""QID420_TEXT""}","{""ImportId"":""QID421""}","{""ImportId"":""QID422""}","{""ImportId"":""QID423""}","{""ImportId"":""QID424_TEXT""}","{""ImportId"":""QID425""}","{""ImportId"":""QID426""}","{""ImportId"":""QID427""}","{""ImportId"":""QID428#1_1_1""}","{""ImportId"":""QID428#1_1_2""}","{""ImportId"":""QID429_1""}","{""ImportId"":""QID430_TEXT""}","{""ImportId"":""QID473_1""}","{""ImportId"":""QID474_1""}","{""ImportId"":""QID475""}","{""ImportId"":""QID476_TEXT""}","{""ImportId"":""QID477""}","{""ImportId"":""QID478""}","{""ImportId"":""QID479""}","{""ImportId"":""QID480_TEXT""}","{""ImportId"":""QID481""}","{""ImportId"":""QID482""}","{""ImportId"":""QID483""}","{""ImportId"":""QID484#1_1_1""}","{""ImportId"":""QID484#1_1_2""}","{""ImportId"":""QID485_1""}","{""ImportId"":""QID486_TEXT""}","{""ImportId"":""QID529_1""}","{""ImportId"":""QID530_1""}","{""ImportId"":""QID531""}","{""ImportId"":""QID532_TEXT""}","{""ImportId"":""QID533""}","{""ImportId"":""QID534""}","{""ImportId"":""QID535""}","{""ImportId"":""QID536_TEXT""}","{""ImportId"":""QID537""}","{""ImportId"":""QID538""}","{""ImportId"":""QID539""}","{""ImportId"":""QID540#1_1_1""}","{""ImportId"":""QID540#1_1_2""}","{""ImportId"":""QID541_1""}","{""ImportId"":""QID542_TEXT""}","{""ImportId"":""QID43_TEXT""}","{""ImportId"":""QID44_TEXT""}","{""ImportId"":""QID45_1""}","{""ImportId"":""QID46_TEXT""}","{""ImportId"":""QID156_1""}","{""ImportId"":""QID47_1""}","{""ImportId"":""QID48_TEXT""}","{""ImportId"":""QID49_TEXT""}","{""ImportId"":""QID50_1""}","{""ImportId"":""QID51_TEXT""}","{""ImportId"":""QID52_TEXT""}","{""ImportId"":""PROLIFIC_PID""}"
4/12/24 5:16,4/12/24 5:56,IP Address,*******,100,2344,TRUE,4/12/24 5:56,,*******,*******,*******,*******,*******,*******,anonymous,EN,1,Yes,,,,English,,,"44: Steam,45: room","10: luxurious,26: stunning,27: views,,43: a,44: range,45: of,46: dining,47: options.,93: making,94: it,95: an,96: ideal,97: choice,98: for,99: business,100: travelers.,115: before,116: or,117: after,118: check-in.",No,No,"Libya
The hotel also has a range of dining options.",,Yes,"5
Egypt
Pets allowed","4
Libya
Unfortunately, the hotel is not pet-friendly.",,,Yes,"And if you are traveling with pets, the hotel is pet-friendly!
Unfortunately, the hotel is not pet-friendly.",,,"4: alluring,14: haven,21: luxurious,22: stay,31: enhanced,32: safety.,35: cozy,36: rooms,59: invigorating",No,,No,,No,,Yes,,,,,4,,,"7: alluring,20: swimming,21: pool.",No,,No,,Yes,swimming pool,,Yes,,,,3,,"20: Room,21: amenities:,22: Coffee,23: machine,,24: Sitting,25: area,26: Sport:,27: Golf,28: course,,34: Childcare,38: Accessibility:,39: Accessible,40: hotel,,41: Wheelchair,42: accessible,","19: buffet,",No,,No,,No,,No,,,,,2,,"47: Accessible,48: bathroom,,49: Accessible,50: hotel","23: serene,24: escape,44: thrilling,65: convenient,71: comfortable",No,,No,,No,,No,,,,,4,,"43: Beauty,44: salon","5: luxurious,13: elegant,14: accommodation,24: relaxing,25: stay.,36: beauty,37: treatments",No,,No,,No,,No,,,,,4,,,"12: luxurious,18: sunny,19: city,26: beachfront,46: all,54: after,55: a,56: long,57: day,58: of,59: exploring,60: the,61: city,66: crystal-clear,67: waters,68: of,69: the,70: Red,71: Sea.,109: perfect,110: for,111: unwinding,112: and,113: rejuvenating.,124: committed,125: to,126: accessibility,",No,,No,,No,,Yes,,,,,4,,,"16: in,17: the,18: heart,24: stunning,25: accommodation,36: comfortable,37: and,38: enjoyable,39: stay,40: for,41: all,42: guests.,59: making,60: it,61: easy,62: for,63: guests,64: to,65: explore,66: the,67: local,68: area.,103: providing,104: plenty,105: of,106: opportunities,107: to,108: stay,109: active,110: during,111: your,112: stay.,132: making,133: it,134: an,135: ideal,136: choice,137: for,138: families.,145: top-notch,,156: help,157: guests,158: relax,159: and,160: unwind.,167: ensuring,168: that,169: all,170: guests,171: can,172: enjoy,173: a,174: comfortable,175: and,176: accessible,177: stay.",No,,No,,No,,Yes,,,,,5,,,,,,,,,,,,,,,,,,,,,,,,,,,,,,,,,,,,,,,,,,,,,,,,,,,,,,,,,,,,,,,,,,,,,,,,,,,,,,,,,,,,,,,,,,,,,,,,,,,,,,,,,,,,,,,,,,,,,,,,,,,,,,,,,,,,,,,,,,,,,,,,,,,,,,,,,,,,,,,,,,,,,,,,,,,,,,,,,,,,,,,,,,,,,,,,,,,,,,,,,,,,,,,,,,,,,,,,,,,,,,,,,,,,,,,,,,,,,,,,,,,,,,,,,,,,,,,,,,,,,,,,,,,,,,,,,,,,,,,,,,,,,,,,,,,,,,,,,,,,,,Maybe about 3-4 minutes?,Maybe about 30 minutes?,4,I think trying to remember some of the rules (but it was handy to go back to the guidelines I downloaded when I wasn't sure I was remembering something correctly like the Inclusion rules) and then just making sure to check both input and output for divergent information before moving on,5,5,Yes,Not that I can think of,5,"No, it was very simple to use",,
4/12/24 5:20,4/12/24 6:00,IP Address,*******,100,2364,TRUE,4/12/24 6:00,,*******,*******,*******,*******,*******,*******,anonymous,EN,1,Yes,,,,English,,,,,No,No,"luxurious
Many of the rooms offer stunning views
making it an ideal choice for business travelers.","Libya
The hotel also has a range of dining options.",Yes,"5
the heart of
Libya.
Many of the rooms offer stunning views,
before or after check-in.
Unfortunately, the hotel is not pet-friendly.","4
Egypt
Pets allowed
Wellness: Steam room","5
Egypt
Pets allowed","4
Libya
Unfortunately, the hotel is not pet-friendly.",Yes,"Wellness: Steam room
Unfortunately, the hotel is not pet-friendly.
Many of the rooms offer stunning views, 
the heart of ","the hotel is pet-friendly!
Unfortunately, the hotel is not pet-friendly.","21: Nightclub,,22: Temperature,23: screening,26: Central,27: heating,29: Table,30: tennis,31: Childcare,41: Body,42: treatments,46: Accessible,47: bathroom,,48: Accessible,49: hotel","26: nightclub,27: and,28: temperature,29: screening,38: central,39: heating.,40: Stay,41: active,42: with,43: table,44: tennis,,60: body,61: treatments,75: accessible,76: bathrooms,,79: accessible,80: hotel.",Yes,"nightclub and temperature screening
Table tennis
 Stay active with table tennis,
Body treatments
body treatments",,,,,,,,,,5,most of the output are the same as the input,,"39: steam,40: room,",No,,No,,No,,Yes,,,,,7,all the information that was given was true,,,,,,,,,,,,,,,,,,,,,,,,,,,,,,,,,,,,,,,,,,,,,,,,,,,,,,,,,,,,,,,,,,,,,,,,,,,,,,,,,,,,,,,,,,,,,,,,,,,,,,,,,,,,,,,,,,,,,,,,,,,,,,,,,,,,,,,,,,,,,,,,,,,,,,,,,,,,,,,,,,,,,,,,,,,,,,,,,,,,,,,,,,,,,,,,,,,,,,,,,,,,,,,,,,,,,,,,,,,,,,,,,,,,,,,,,,,,,,,,,,,,,,,,,,,,,,,,,,,,,,,,,,,,,,,,,,,,,,,,,,,,,,,,,,,,,,,,,,,,,,,,,,,,,,,,,,,,,,,,,,,,,,,,,,,,,,,,,,,,,,,,,,,,,,,,,,,,,,,,,,,,,,,,,,,,,,,,,,,,,,,,,,,
4/12/24 5:16,4/12/24 6:00,IP Address,*******,100,2629,TRUE,4/12/24 6:00,,*******,*******,*******,*******,*******,*******,anonymous,EN,1,Yes,,,,English,,,"27: Room,28: amenities:,29: Balcony,30: (upon,31: inquiry),47: Accessible,48: parking","21: Many,22: of,23: the,24: rooms,25: offer,26: stunning,27: views,,39: The,40: hotel,41: also,42: has,43: a,44: range,45: of,46: dining,47: options.,48: For,49: those,50: who,51: like,52: to,53: stay,54: active,,55: the,56: hotel,57: has,58: a,59: range,60: of,61: sport,62: facilities,,70: If,71: you,72: are,73: traveling,74: with,75: children,,93: making,94: it,95: an,96: ideal,97: choice,98: for,99: business,100: travelers.,119: For,120: those,121: with,122: accessibility,123: needs,,129: And,130: if,131: you,132: are,133: traveling,134: with,135: pets,",No,No, Libya.,"Libya
The hotel also has a range of dining options.",Yes,"Egypt 
5
 Luggage storage
Pets allowed","Libya.
4
Unfortunately, the hotel is not pet-friendly
.before or after check-in.","5
Egypt
Pets allowed","4
Libya
Unfortunately, the hotel is not pet-friendly.",Yes,"Pets allowed
Unfortunately, the hotel is not pet-friendly.","the hotel is pet-friendly!
Unfortunately, the hotel is not pet-friendly.","2: DoubleTree,3: by,4: Hilton,5: Bodrum,6: Isil,7: Club,8: Resort,21: Nightclub,,22: Temperature,23: screening,26: Central,27: heating,29: Table,30: tennis,41: Body,42: treatments","1: Escape,2: to,3: the,4: alluring,18: Indulge,19: in,20: a,21: luxurious,22: stay,23: with,24: a,25: pulsating,30: for,31: enhanced,32: safety.,33: Unwind,34: in,35: cozy,36: rooms,37: boasting,40: Stay,41: active,56: Pamper,57: yourself,58: with,59: invigorating",No,,No,,No,,Yes,,,,,4,a lot of unactual information,"1: Name:,2: Aktiv,3: Panoramahotel,4: Daniel,15: Hotel,16: facilities:,17: Hotel,18: safe","5: is,6: an,7: alluring,20: swimming,21: pool.",Yes,"Hotel facilities include hotel safe, swimming pool.
Hotel facilities: Hotel safe",,,,,,,,,,2,false information on pool,,,,,,,,,,,,,,,,,,,,,,,,,,,,,,,,,,,,,,,,,,,,,,,,,,,,,,,,,,,,,,,,,,,,,,,,,,,,,,,,,,,,,,,,,,,,,,,,,,,,,,,,,,,,,,,,,,,,,,,,,,,,,,,,,,,,,,,,,,,,,,,,,,,,,,,,,,,,,,,,,,,,,,,,,,,,,,,,,,,,,,,,,,,,,,,,,,,,,,,,,,,,,,,,,,,,,,,,,,,,,,,,,,,,,,,,,,,,,,,,,,,,,,,,,,,,,,,,,,,,,,,,,,,,,,,,,,,,,,,,,,,,,,,,,,,,,,,,,,,,,,,,,,,,,,,,,,,,,,,,,,,,,,,,,,,,,,,,,,,,,,,,,,,,,,,,,,,,,,,,,,,,,,,,,,,,,,,,,,,,,,,,,,,
4/12/24 5:18,4/12/24 6:11,IP Address,*******,100,3207,TRUE,4/12/24 6:11,,*******,*******,*******,*******,*******,*******,anonymous,EN,1,Yes,,,,English,,,"44: Steam,45: room","10: luxurious,21: Many,22: of,23: the,24: rooms,25: offer,26: stunning,27: views,,39: The,40: hotel,41: also,42: has,43: a,44: range,45: of,46: dining,47: options.,93: making,94: it,95: an,96: ideal,97: choice,98: for,99: business,100: travelers.,115: before,116: or,117: after,118: check-in.",No,No,"Libya, is the wrong location, the location from Input is Egypt.","Libya
The hotel also has a range of dining options.",Yes,"5
Egypt
Pets allowed","4
Libya
Unfortunately, the hotel is not pet-friendly.",,,Yes,"the hotel is pet-friendly
Unfortunately, the hotel is not pet-friendly.","the hotel is pet-friendly!
Unfortunately, the hotel is not pet-friendly.",,"4: alluring,14: haven,21: luxurious,25: pulsating,30: for,31: enhanced,32: safety.,35: cozy,36: rooms,37: boasting,56: Pamper,57: yourself,58: with,59: invigorating,64: wellness,65: center.,71: all",No,,No,,Yes,wellness center,,Yes,,,,6,,,"6: an,7: alluring,20: swimming,21: pool.",No,,No,,Yes,swimming pool,,Yes,,,,6,,,,,,,,,,,,,,,,,,,,,,,,,,,,,,,,,,,,,,,,,,,,,,,,,,,,,,,,,,,,,,,,,,,,,,,,,,,,,,,,,,,,,,,,,,,,,,,,,,,,,,,,,,,,,,,,,,,,,,,,,,,,,,,,,,,,,,,,,,,,,,,,,,,,,,,,,,,,,,,,,,,,,,,,,,,,,,,,,,,,,,,,,,,,,,,,,,,,,,,,,,,,,,,,,,,,,,,,,,,,,,,,,,,,,,,,,,,,,,,,,,,,,,,,,,,,,,,,,,,,,,,,,,,,,,,,,,,,,,,,,,,,,,,,,,,,,,,,,,,,,,,,,,,,,,,,,,,,,,,,,,,,,,,,,,,,,,,,,,,,,,,,,,,,,,,,,,,,,,,,,,,,,,,,,,,,,,,,,,,,,,,,,,,,
4/12/24 5:17,4/12/24 6:29,IP Address,*******,100,4298,TRUE,4/12/24 6:29,,*******,*******,*******,*******,*******,*******,anonymous,EN,0.8999999761581421,Yes,,,,English,,,"21: Pets,22: allowed,,25: Luggage,26: storage","21: Many,22: of,23: the,24: rooms,25: offer,26: stunning,27: views,,48: For,49: those,50: who,51: like,52: to,53: stay,54: active,,70: If,71: you,72: are,73: traveling,74: with,75: children,,93: making,94: it,95: an,96: ideal,97: choice,98: for,99: business,100: travelers.,107: for,108: those,109: who,110: need,111: to,112: store,113: their,114: bags,115: before,116: or,117: after,118: check-in.,129: And,130: if,131: you,132: are,133: traveling,134: with,135: pets,",Yes,No,"For those who like to stay active
If you are traveling with children","Libya
The hotel also has a range of dining options.",Yes,"5
","4
Libya
Many of the rooms offer stunning views
Unfortunately, the hotel is not pet-friendly.
before or after check-in.","5
Egypt
Pets allowed","4
Libya
Unfortunately, the hotel is not pet-friendly.",Yes,"Pets allowed
Unfortunately, the hotel is not pet-friendly
the heart of
Egypt","the hotel is pet-friendly!
Unfortunately, the hotel is not pet-friendly.",,,No,,Yes,Yes,,,,,,,,4,,,,Yes,swimming pool,,,,,,,,,,4,,,,,,,,,,,,,,,,,,,,,,,,,,,,,,,,,,,,,,,,,,,,,,,,,,,,,,,,,,,,,,,,,,,,,,,,,,,,,,,,,,,,,,,,,,,,,,,,,,,,,,,,,,,,,,,,,,,,,,,,,,,,,,,,,,,,,,,,,,,,,,,,,,,,,,,,,,,,,,,,,,,,,,,,,,,,,,,,,,,,,,,,,,,,,,,,,,,,,,,,,,,,,,,,,,,,,,,,,,,,,,,,,,,,,,,,,,,,,,,,,,,,,,,,,,,,,,,,,,,,,,,,,,,,,,,,,,,,,,,,,,,,,,,,,,,,,,,,,,,,,,,,,,,,,,,,,,,,,,,,,,,,,,,,,,,,,,,,,,,,,,,,,,,,,,,,,,,,,,,,,,,,,,,,,,,,,,,,,,,,,,,,,,,,
4/12/24 7:01,4/12/24 7:21,IP Address,*******,100,1205,TRUE,4/12/24 7:21,,*******,*******,*******,*******,*******,*******,anonymous,EN,0.8999999761581421,Yes,,,,English,,,"2: Four,3: Seasons,4: Resort,5: Sharm,6: El,7: Sheikh,10: 5,12: Sharm,13: el-Sheikh,15: Egypt,18: Hotel,21: Pets,22: allowed,,23: Conference,24: rooms,,25: Luggage,26: storage,29: Balcony,30: (upon,31: inquiry),35: Tennis,36: court,39: Organised,40: activities,41: for,42: kids,44: Steam,45: room,47: Accessible,48: parking","1: The,2: Four,3: Seasons,4: Resort,5: Sharm,6: El,7: Sheikh,11: 5-star,18: Sharm,19: el-Sheikh,,20: Egypt.,26: stunning,27: views,,32: balconies,33: that,34: can,35: be,36: requested,37: upon,38: inquiry.,46: dining,47: options.,61: sport,62: facilities,,65: tennis,66: court,68: table,69: tennis.,78: has,79: organized,80: activities,91: conference,92: rooms,,104: luggage,105: storage,127: accessible,128: parking.,139: pet-friendly!",No,No," in the heart of Sharm el-Sheikh, Libya.
The hotel also has a range of dining options.","Libya
The hotel also has a range of dining options.",Yes,"5
Egypt
Pets allowed","4
Libya
Unfortunately, the hotel is not pet-friendly.",,,Yes,"Unfortunately, the hotel is not pet-friendly.","the hotel is pet-friendly!
Unfortunately, the hotel is not pet-friendly.","2: DoubleTree,3: by,4: Hilton,5: Bodrum,6: Isil,7: Club,8: Resort,11: 5,13: Bodrum,15: Türkiye,21: Nightclub,,22: Temperature,23: screening,26: Central,27: heating,29: Table,30: tennis,33: Organised,34: activities,35: for,36: kids,,37: Kids',38: club,,39: Playground,41: Body,42: treatments,44: Wheelchair,45: accessible,,46: Accessible,47: bathroom,,48: Accessible,49: hotel","5: DoubleTree,6: by,7: Hilton,8: Bodrum,9: Isil,10: Club,11: Resort,,13: 5-star,16: Bodrum,,17: Türkiye.,26: nightclub,28: temperature,29: screening,38: central,39: heating.,43: table,44: tennis,,46: kids,47: relish,48: organized,49: activities,,50: a,51: kids',52: club,,55: playground.,60: body,61: treatments,62: in,63: the,64: wellness,65: center.,73: wheelchair,74: access,,75: accessible,76: bathrooms,,77: and,78: an,79: accessible,80: hotel.",No,,Yes,Yes,,,,,,,,7,,"2: Aktiv,3: Panoramahotel,4: Daniel,7: 4,9: Sautens,11: Austria,17: Hotel,18: safe,21: Fridge,,22: Cable,23: TV,25: Volleyball,,26: Pool,27: table,29: Beauty,30: salon,,31: Steam,32: room,,33: Body,34: treatments,36: Wheelchair,37: accessible","2: Aktiv,3: Panoramahotel,4: Daniel,8: 4,9: star,13: Sautens,,14: Austria.,18: hotel,19: safe,,20: swimming,21: pool.,25: fridge,,26: cable,27: tv.,31: volleyball,,32: pool,33: table.,37: beauty,38: salon,,39: steam,40: room,,41: body,42: treatments.,46: wheelchair,47: accessible.",No,,No,,Yes,swimming pool,,Yes,,,,5,,,,,,,,,,,,,,,,,,,,,,,,,,,,,,,,,,,,,,,,,,,,,,,,,,,,,,,,,,,,,,,,,,,,,,,,,,,,,,,,,,,,,,,,,,,,,,,,,,,,,,,,,,,,,,,,,,,,,,,,,,,,,,,,,,,,,,,,,,,,,,,,,,,,,,,,,,,,,,,,,,,,,,,,,,,,,,,,,,,,,,,,,,,,,,,,,,,,,,,,,,,,,,,,,,,,,,,,,,,,,,,,,,,,,,,,,,,,,,,,,,,,,,,,,,,,,,,,,,,,,,,,,,,,,,,,,,,,,,,,,,,,,,,,,,,,,,,,,,,,,,,,,,,,,,,,,,,,,,,,,,,,,,,,,,,,,,,,,,,,,,,,,,,,,,,,,,,,,,,,,,,,,,,,,,,,,,,,,,,,,,,,,,,,
4/15/24 5:27,4/15/24 5:48,IP Address,*******,100,1261,TRUE,4/15/24 5:48,,*******,*******,*******,*******,*******,*******,anonymous,EN,0.800000012,Yes,,,,English,,,"43: Wellness:,44: Steam,45: room","10: luxurious,13: located,14: in,15: the,16: heart,21: Many,22: of,23: the,24: rooms,25: offer,26: stunning,27: views,,39: The,40: hotel,41: also,42: has,43: a,44: range,45: of,46: dining,47: options.",No,No,Libya The hotel also has a range of dining options.,"Libya
The hotel also has a range of dining options.",Yes,"5
Egypt
Pets allowed","4
Libya
Unfortunately, the hotel is not pet-friendly.",,,Yes,"And if you are traveling with pets, the hotel is pet-friendly!
Unfortunately, the hotel is not pet-friendly.",,,"4: alluring,14: haven,18: Indulge,19: in,20: a,21: luxurious,22: stay,31: enhanced,32: safety.,33: Unwind,34: in,35: cozy,36: rooms,62: in,63: the,64: wellness,65: center.",No,,No,,Yes,in the wellness center.,,Yes,,,,5,,,"6: an,7: alluring,20: swimming,21: pool.",No,,No,,Yes,swimming pool.,,Yes,,,,4,,,,,,,,,,,,,,,,,,,,,,,,,,,,,,,,,,,,,,,,,,,,,,,,,,,,,,,,,,,,,,,,,,,,,,,,,,,,,,,,,,,,,,,,,,,,,,,,,,,,,,,,,,,,,,,,,,,,,,,,,,,,,,,,,,,,,,,,,,,,,,,,,,,,,,,,,,,,,,,,,,,,,,,,,,,,,,,,,,,,,,,,,,,,,,,,,,,,,,,,,,,,,,,,,,,,,,,,,,,,,,,,,,,,,,,,,,,,,,,,,,,,,,,,,,,,,,,,,,,,,,,,,,,,,,,,,,,,,,,,,,,,,,,,,,,,,,,,,,,,,,,,,,,,,,,,,,,,,,,,,,,,,,,,,,,,,,,,,,,,,,,,,,,,,,,,,,,,,,,,,,,,,,,,,,,,,,,,,,,,,,,,,,,,
4/15/24 5:26,4/15/24 5:52,IP Address,*******,100,1526,TRUE,4/15/24 5:52,,*******,*******,*******,*******,*******,*******,anonymous,EN,0.4000000059604645,Yes,,,,English,,,,"8: is,9: a,10: luxurious,13: located,14: in,15: the,16: heart,17: of,33: that,34: can,35: be,36: requested,39: The,40: hotel,41: also,42: has,43: a,44: range,45: of,46: dining,47: options.,48: For,49: those,50: who,51: like,52: to,53: stay,54: active,,55: the,56: hotel,57: has,58: a,59: range,60: of,61: sport,62: facilities,,63: including,64: a,70: If,71: you,72: are,73: traveling,74: with,75: children,,76: the,77: hotel,78: has,93: making,94: it,95: an,96: ideal,97: choice,98: for,99: business,100: travelers.,101: There,102: is,103: also,106: available,107: for,108: those,109: who,110: need,111: to,112: store,113: their,114: bags,115: before,116: or,117: after,118: check-in.,119: For,120: those,121: with,122: accessibility,123: needs,,124: the,125: hotel,126: offers,129: And,130: if,131: you,132: are,133: traveling,134: with,135: pets,",No,No,"Libya
Many of the rooms offer stunning views,
The hotel also has a range of dining options
","Libya
The hotel also has a range of dining options.",Yes,5,4,"5
Egypt
Pets allowed","4
Libya
Unfortunately, the hotel is not pet-friendly.",Yes,"Unfortunately, the hotel is not pet-friendly.","the hotel is pet-friendly!
Unfortunately, the hotel is not pet-friendly.",,,No,,Yes,Yes,,,,,,,,5,,,"20: swimming,21: pool.",No,,No,,Yes,swimming pool.,,Yes,,,,2,,,,,,,,,,,,,,,,,,,,,,,,,,,,,,,,,,,,,,,,,,,,,,,,,,,,,,,,,,,,,,,,,,,,,,,,,,,,,,,,,,,,,,,,,,,,,,,,,,,,,,,,,,,,,,,,,,,,,,,,,,,,,,,,,,,,,,,,,,,,,,,,,,,,,,,,,,,,,,,,,,,,,,,,,,,,,,,,,,,,,,,,,,,,,,,,,,,,,,,,,,,,,,,,,,,,,,,,,,,,,,,,,,,,,,,,,,,,,,,,,,,,,,,,,,,,,,,,,,,,,,,,,,,,,,,,,,,,,,,,,,,,,,,,,,,,,,,,,,,,,,,,,,,,,,,,,,,,,,,,,,,,,,,,,,,,,,,,,,,,,,,,,,,,,,,,,,,,,,,,,,,,,,,,,,,,,,,,,,,,,,,,,,,,
4/15/24 5:26,4/15/24 5:55,IP Address,*******,100,1752,TRUE,4/15/24 5:55,,*******,*******,*******,*******,*******,*******,anonymous,EN,0.8999999761581421,Yes,,,,English,,,"44: Steam,45: room","10: luxurious,26: stunning,27: views,,39: The,40: hotel,41: also,42: has,43: a,44: range,45: of,46: dining,47: options.,96: ideal,97: choice,98: for,99: business,100: travelers.",No,No,"Libya
The hotel also has a range of dining options

","Libya
The hotel also has a range of dining options.",Yes,"5
Egypt
Pets allowed","4
Libya
Unfortunately, the hotel is not pet-friendly.
","5
Egypt
Pets allowed","4
Libya
Unfortunately, the hotel is not pet-friendly.",Yes,"the hotel is pet-friendly!
Unfortunately, the hotel is not pet-friendly.",,,,No,,No,,No,,Yes,,,,,1,No,,,No,,No,,Yes,swimming pool.,,Yes,,,,6,No,,,,,,,,,,,,,,,,,,,,,,,,,,,,,,,,,,,,,,,,,,,,,,,,,,,,,,,,,,,,,,,,,,,,,,,,,,,,,,,,,,,,,,,,,,,,,,,,,,,,,,,,,,,,,,,,,,,,,,,,,,,,,,,,,,,,,,,,,,,,,,,,,,,,,,,,,,,,,,,,,,,,,,,,,,,,,,,,,,,,,,,,,,,,,,,,,,,,,,,,,,,,,,,,,,,,,,,,,,,,,,,,,,,,,,,,,,,,,,,,,,,,,,,,,,,,,,,,,,,,,,,,,,,,,,,,,,,,,,,,,,,,,,,,,,,,,,,,,,,,,,,,,,,,,,,,,,,,,,,,,,,,,,,,,,,,,,,,,,,,,,,,,,,,,,,,,,,,,,,,,,,,,,,,,,,,,,,,,,,,,,,,,,,
4/15/24 5:34,4/15/24 5:56,IP Address,*******,100,1317,TRUE,4/15/24 5:56,,*******,*******,*******,*******,*******,*******,anonymous,EN,0.8999999761581421,Yes,,,,English,,,"8: Star,9: rating:,10: 5,12: Sharm,13: el-Sheikh,23: Conference,24: rooms,,25: Luggage,26: storage","8: is,9: a,10: luxurious,14: in,15: the,16: heart,17: of,21: Many,22: of,23: the,24: rooms,25: offer,26: stunning,27: views,,39: The,40: hotel,41: also,42: has,43: a,44: range,45: of,46: dining,47: options.,48: For,49: those,50: who,51: like,52: to,53: stay,54: active,,70: If,71: you,72: are,73: traveling,74: with,75: children,,93: making,94: it,95: an,96: ideal,97: choice,98: for,99: business,100: travelers.,107: for,108: those,109: who,110: need,111: to,112: store,113: their,114: bags,115: before,116: or,117: after,118: check-in.,119: For,120: those,121: with,122: accessibility,123: needs,,129: And,130: if,131: you,132: are,133: traveling,134: with,135: pets,",No,No,"Libya
The hotel also has a range of dining options.",,Yes,"5
Egypt
Pets allowed","4
Libya
Unfortunately, the hotel is not pet-friendly.",,,Yes,"And if you are traveling with pets, the hotel is pet-friendly!
Unfortunately, the hotel is not pet-friendly.",,,,No,,Yes,Yes,,,,,,,,6,,,"20: swimming,21: pool.",No,,Yes,No,,,,,,,,4,,,,,,,,,,,,,,,,,,,,,,,,,,,,,,,,,,,,,,,,,,,,,,,,,,,,,,,,,,,,,,,,,,,,,,,,,,,,,,,,,,,,,,,,,,,,,,,,,,,,,,,,,,,,,,,,,,,,,,,,,,,,,,,,,,,,,,,,,,,,,,,,,,,,,,,,,,,,,,,,,,,,,,,,,,,,,,,,,,,,,,,,,,,,,,,,,,,,,,,,,,,,,,,,,,,,,,,,,,,,,,,,,,,,,,,,,,,,,,,,,,,,,,,,,,,,,,,,,,,,,,,,,,,,,,,,,,,,,,,,,,,,,,,,,,,,,,,,,,,,,,,,,,,,,,,,,,,,,,,,,,,,,,,,,,,,,,,,,,,,,,,,,,,,,,,,,,,,,,,,,,,,,,,,,,,,,,,,,,,,,,,,,,,,
4/15/24 5:30,4/15/24 5:59,IP Address,*******,100,1791,TRUE,4/15/24 5:59,,*******,*******,*******,*******,*******,*******,anonymous,EN,0.8999999761581421,Yes,,,,English,,,,"21: Many,22: of,23: the,24: rooms,25: offer,26: stunning,27: views,,28: and,29: some,30: even,31: have,32: balconies,33: that,34: can,35: be,36: requested,37: upon,38: inquiry.,39: The,40: hotel,41: also,42: has,43: a,44: range,45: of,46: dining,47: options.",No,No,"Libya
The hotel also has a range of dining options.",,Yes,"5
Egypt
Pets allowed","4
Libya
Unfortunately, the hotel is not pet-friendly.",,,Yes,"And if you are traveling with pets, the hotel is pet-friendly!
Unfortunately, the hotel is not pet-friendly.",,,"14: haven,18: Indulge,19: in,20: a,21: luxurious,22: stay,23: with,24: a,25: pulsating,30: for,31: enhanced,32: safety.,33: Unwind,34: in,35: cozy,36: rooms,56: Pamper,57: yourself,58: with,59: invigorating,60: body,61: treatments,71: all",No,,No,,No,,Yes,,,,,6,,,"5: is,6: an,7: alluring,20: swimming,21: pool.",No,,No,,Yes, swimming pool.,,Yes,,,,5,,,,,,,,,,,,,,,,,,,,,,,,,,,,,,,,,,,,,,,,,,,,,,,,,,,,,,,,,,,,,,,,,,,,,,,,,,,,,,,,,,,,,,,,,,,,,,,,,,,,,,,,,,,,,,,,,,,,,,,,,,,,,,,,,,,,,,,,,,,,,,,,,,,,,,,,,,,,,,,,,,,,,,,,,,,,,,,,,,,,,,,,,,,,,,,,,,,,,,,,,,,,,,,,,,,,,,,,,,,,,,,,,,,,,,,,,,,,,,,,,,,,,,,,,,,,,,,,,,,,,,,,,,,,,,,,,,,,,,,,,,,,,,,,,,,,,,,,,,,,,,,,,,,,,,,,,,,,,,,,,,,,,,,,,,,,,,,,,,,,,,,,,,,,,,,,,,,,,,,,,,,,,,,,,,,,,,,,,,,,,,,,,,,,
4/15/24 5:27,4/15/24 6:03,IP Address,*******,100,2143,TRUE,4/15/24 6:03,,*******,*******,*******,*******,*******,*******,anonymous,EN,0.4000000059604645,Yes,,,,English,,,"43: Wellness:,44: Steam,45: room","13: located,14: in,15: the,16: heart,17: of,21: Many,22: of,23: the,24: rooms,25: offer,26: stunning,27: views,,44: range,45: of,46: dining,47: options.,59: range,60: of,61: sport,62: facilities,,100: travelers.,112: store,113: their,114: bags,115: before,116: or,117: after,118: check-in.",No,No,"Libya
The hotel also has a range of dining options","Libya
The hotel also has a range of dining options.",Yes,"5
Egypt
Pets allowed","4
Libya
Unfortunately, the hotel is not pet-friendly.",,,Yes,"And if you are traveling with pets, the hotel is pet-friendly!
Unfortunately, the hotel is not pet-friendly.",,"18: Hotel,26: Central,27: heating","4: alluring,14: haven,21: luxurious,22: stay,31: enhanced,32: safety.,35: cozy,36: rooms,59: invigorating,60: body,61: treatments,62: in,63: the,64: wellness,65: center.",No,,No,,No,,No,,,,,6,,,"7: alluring,20: swimming,21: pool.",No,,No,,No,,Yes,,,,,6,,,,,,,,,,,,,,,,,,,,,,,,,,,,,,,,,,,,,,,,,,,,,,,,,,,,,,,,,,,,,,,,,,,,,,,,,,,,,,,,,,,,,,,,,,,,,,,,,,,,,,,,,,,,,,,,,,,,,,,,,,,,,,,,,,,,,,,,,,,,,,,,,,,,,,,,,,,,,,,,,,,,,,,,,,,,,,,,,,,,,,,,,,,,,,,,,,,,,,,,,,,,,,,,,,,,,,,,,,,,,,,,,,,,,,,,,,,,,,,,,,,,,,,,,,,,,,,,,,,,,,,,,,,,,,,,,,,,,,,,,,,,,,,,,,,,,,,,,,,,,,,,,,,,,,,,,,,,,,,,,,,,,,,,,,,,,,,,,,,,,,,,,,,,,,,,,,,,,,,,,,,,,,,,,,,,,,,,,,,,,,,,,,,,
4/15/24 8:18,4/15/24 8:34,IP Address,*******,100,955,TRUE,4/15/24 8:34,,*******,*******,*******,*******,*******,*******,anonymous,EN,0.8999999761581421,Yes,,,,English,,,"43: Wellness:,44: Steam,45: room","10: luxurious,14: in,15: the,16: heart,21: Many,22: of,23: the,24: rooms,25: offer,26: stunning,27: views,,28: and,39: The,40: hotel,41: also,42: has,43: a,44: range,45: of,46: dining,47: options.,48: For,49: those,50: who,51: like,52: to,53: stay,54: active,,55: the,56: hotel,57: has,58: a,59: range,60: of,61: sport,62: facilities,,70: If,71: you,72: are,73: traveling,74: with,75: children,,87: has,88: a,89: range,93: making,94: it,95: an,96: ideal,97: choice,98: for,99: business,100: travelers.,107: for,108: those,109: who,110: need,111: to,112: store,113: their,114: bags,115: before,116: or,117: after,118: check-in.,119: For,120: those,121: with,122: accessibility,123: needs,,129: And,130: if,131: you,132: are,133: traveling,134: with,135: pets,",No,No,"Libya
Many of the rooms
The hotel also has a range of dining options.
","Libya
The hotel also has a range of dining options.",Yes,"5
 Egypt
Pets allowed
","4
Libya
Unfortunately, the hotel is not pet-friendly.","5
Egypt
Pets allowed","4
Libya
Unfortunately, the hotel is not pet-friendly.",Yes,"Unfortunately, the hotel is not pet-friendly.","the hotel is pet-friendly!
Unfortunately, the hotel is not pet-friendly.",,"1: Escape,2: to,3: the,4: alluring,14: haven,18: Indulge,19: in,20: a,21: luxurious,22: stay,23: with,24: a,25: pulsating,31: enhanced,32: safety.,33: Unwind,34: in,35: cozy,36: rooms,37: boasting,40: Stay,41: active,42: with,47: relish,56: Pamper,57: yourself,58: with,59: invigorating,62: in,63: the,64: wellness,65: center.,66: The,67: resort,68: ensures",No,,No,,No,,Yes,,,,,5,,,,No,,No,,Yes,Swimming pool,,Yes,,,,2,,,,,,,,,,,,,,,,,,,,,,,,,,,,,,,,,,,,,,,,,,,,,,,,,,,,,,,,,,,,,,,,,,,,,,,,,,,,,,,,,,,,,,,,,,,,,,,,,,,,,,,,,,,,,,,,,,,,,,,,,,,,,,,,,,,,,,,,,,,,,,,,,,,,,,,,,,,,,,,,,,,,,,,,,,,,,,,,,,,,,,,,,,,,,,,,,,,,,,,,,,,,,,,,,,,,,,,,,,,,,,,,,,,,,,,,,,,,,,,,,,,,,,,,,,,,,,,,,,,,,,,,,,,,,,,,,,,,,,,,,,,,,,,,,,,,,,,,,,,,,,,,,,,,,,,,,,,,,,,,,,,,,,,,,,,,,,,,,,,,,,,,,,,,,,,,,,,,,,,,,,,,,,,,,,,,,,,,,,,,,,,,,,,,
4/15/24 8:11,4/15/24 8:34,IP Address,*******,100,1350,TRUE,4/15/24 8:34,,*******,*******,*******,*******,*******,*******,anonymous,EN,0.8999999761581421,Yes,,,,English,,,"43: Wellness:,44: Steam,45: room","10: luxurious,14: in,15: the,16: heart,21: Many,22: of,23: the,24: rooms,25: offer,26: stunning,27: views,,39: The,40: hotel,41: also,42: has,43: a,44: range,45: of,46: dining,47: options.,96: ideal,97: choice,98: for,99: business,100: travelers.,115: before,116: or,117: after,118: check-in.",No,No,Libya,"Libya
The hotel also has a range of dining options.",Yes,"5
Egypt
Pets allowed","4
Libya
Unfortunately, the hotel is not pet-friendly","5
Egypt
Pets allowed","4
Libya
Unfortunately, the hotel is not pet-friendly.",Yes,"And if you are traveling with pets, the hotel is pet-friendly!
Unfortunately, the hotel is not pet-friendly.",,,"14: haven,21: luxurious,22: stay,25: pulsating,31: enhanced,32: safety.,35: cozy,36: rooms,59: invigorating,64: wellness,65: center.",No,,Yes,No,,,,,,,,5,No comments.,,"7: alluring,20: swimming,21: pool.",No,,No,,Yes,swimming pool,,Yes,,,,4,No comments,,,,,,,,,,,,,,,,,,,,,,,,,,,,,,,,,,,,,,,,,,,,,,,,,,,,,,,,,,,,,,,,,,,,,,,,,,,,,,,,,,,,,,,,,,,,,,,,,,,,,,,,,,,,,,,,,,,,,,,,,,,,,,,,,,,,,,,,,,,,,,,,,,,,,,,,,,,,,,,,,,,,,,,,,,,,,,,,,,,,,,,,,,,,,,,,,,,,,,,,,,,,,,,,,,,,,,,,,,,,,,,,,,,,,,,,,,,,,,,,,,,,,,,,,,,,,,,,,,,,,,,,,,,,,,,,,,,,,,,,,,,,,,,,,,,,,,,,,,,,,,,,,,,,,,,,,,,,,,,,,,,,,,,,,,,,,,,,,,,,,,,,,,,,,,,,,,,,,,,,,,,,,,,,,,,,,,,,,,,,,,,,,,,
4/15/24 8:24,4/15/24 8:39,IP Address,*******,100,907,TRUE,4/15/24 8:39,,*******,*******,*******,*******,*******,*******,anonymous,EN,0.8999999761581421,Yes,,,,English,,,,,No,No,"Libya
The hotel also has a range of dining options
","Libya
The hotel also has a range of dining options.",Yes,5,4,"5
Egypt
Pets allowed","4
Libya
Unfortunately, the hotel is not pet-friendly.",Yes,"Unfortunately, the hotel is not pet-friendly.","the hotel is pet-friendly!
Unfortunately, the hotel is not pet-friendly.",,,No,,Yes,Yes,,,,,,,,5,,,,No,,No,,No,,Yes,,,,,5,,,,,,,,,,,,,,,,,,,,,,,,,,,,,,,,,,,,,,,,,,,,,,,,,,,,,,,,,,,,,,,,,,,,,,,,,,,,,,,,,,,,,,,,,,,,,,,,,,,,,,,,,,,,,,,,,,,,,,,,,,,,,,,,,,,,,,,,,,,,,,,,,,,,,,,,,,,,,,,,,,,,,,,,,,,,,,,,,,,,,,,,,,,,,,,,,,,,,,,,,,,,,,,,,,,,,,,,,,,,,,,,,,,,,,,,,,,,,,,,,,,,,,,,,,,,,,,,,,,,,,,,,,,,,,,,,,,,,,,,,,,,,,,,,,,,,,,,,,,,,,,,,,,,,,,,,,,,,,,,,,,,,,,,,,,,,,,,,,,,,,,,,,,,,,,,,,,,,,,,,,,,,,,,,,,,,,,,,,,,,,,,,,,,
4/15/24 8:24,4/15/24 8:42,IP Address,*******,100,1037,TRUE,4/15/24 8:42,,*******,*******,*******,*******,*******,*******,anonymous,EN,0.8999999761581421,Yes,,,,English,,,"29: Balcony,30: (upon,31: inquiry),44: Steam,45: room","21: Many,22: of,23: the,24: rooms,25: offer,26: stunning,27: views,,39: The,40: hotel,41: also,42: has,43: a,44: range,45: of,46: dining,47: options.,48: For,49: those,50: who,51: like,52: to,53: stay,54: active,,55: the,56: hotel,57: has,58: a,59: range,60: of,61: sport,62: facilities,",No,No,"Libya, The hotel also has a range of dining options.","Libya
The hotel also has a range of dining options.",Yes,"5
Egypt
Pets allowed","4
Libya
Unfortunately, the hotel is not pet-friendly.",,,Yes,"the hotel is pet-friendly!
Unfortunately, the hotel is not pet-friendly.",,,,No,,Yes,Yes,,,,,,,,6,Nothing to add,,"20: swimming,21: pool.",No,,No,,Yes,swimming pool.,,Yes,,,,4,Nothing to add,,,,,,,,,,,,,,,,,,,,,,,,,,,,,,,,,,,,,,,,,,,,,,,,,,,,,,,,,,,,,,,,,,,,,,,,,,,,,,,,,,,,,,,,,,,,,,,,,,,,,,,,,,,,,,,,,,,,,,,,,,,,,,,,,,,,,,,,,,,,,,,,,,,,,,,,,,,,,,,,,,,,,,,,,,,,,,,,,,,,,,,,,,,,,,,,,,,,,,,,,,,,,,,,,,,,,,,,,,,,,,,,,,,,,,,,,,,,,,,,,,,,,,,,,,,,,,,,,,,,,,,,,,,,,,,,,,,,,,,,,,,,,,,,,,,,,,,,,,,,,,,,,,,,,,,,,,,,,,,,,,,,,,,,,,,,,,,,,,,,,,,,,,,,,,,,,,,,,,,,,,,,,,,,,,,,,,,,,,,,,,,,,,,
4/15/24 8:22,4/15/24 8:42,IP Address,*******,100,1237,TRUE,4/15/24 8:42,,*******,*******,*******,*******,*******,*******,anonymous,EN,0.8999999761581421,Yes,,,,English,,,,"39: The,40: hotel,41: also,42: has,43: a,44: range,45: of,46: dining,47: options.",No,No,The hotel also has a range of dining options.,"Libya
The hotel also has a range of dining options.",Yes,"5
Egypt
Pets allowed","4
Libya
Unfortunately, the hotel is not pet-friendly","5
Egypt
Pets allowed","4
Libya
Unfortunately, the hotel is not pet-friendly.",Yes,"Pets allowed
Unfortunately, the hotel is not pet-friendly","the hotel is pet-friendly!
Unfortunately, the hotel is not pet-friendly.",,"4: alluring,21: luxurious,22: stay,31: enhanced,32: safety.,56: Pamper,57: yourself,59: invigorating",No,,Yes,Yes,,,,,,,,5,,,"7: alluring,20: swimming,21: pool.",No,,No,,Yes,swimming pool.,,Yes,,,,5,,,,,,,,,,,,,,,,,,,,,,,,,,,,,,,,,,,,,,,,,,,,,,,,,,,,,,,,,,,,,,,,,,,,,,,,,,,,,,,,,,,,,,,,,,,,,,,,,,,,,,,,,,,,,,,,,,,,,,,,,,,,,,,,,,,,,,,,,,,,,,,,,,,,,,,,,,,,,,,,,,,,,,,,,,,,,,,,,,,,,,,,,,,,,,,,,,,,,,,,,,,,,,,,,,,,,,,,,,,,,,,,,,,,,,,,,,,,,,,,,,,,,,,,,,,,,,,,,,,,,,,,,,,,,,,,,,,,,,,,,,,,,,,,,,,,,,,,,,,,,,,,,,,,,,,,,,,,,,,,,,,,,,,,,,,,,,,,,,,,,,,,,,,,,,,,,,,,,,,,,,,,,,,,,,,,,,,,,,,,,,,,,,,,
4/15/24 8:11,4/15/24 8:44,IP Address,*******,100,1935,TRUE,4/15/24 8:44,,*******,*******,*******,*******,*******,*******,anonymous,EN,0.8999999761581421,Yes,,,,English,,,,"10: luxurious,13: located,14: in,15: the,16: heart,17: of,18: Sharm,19: el-Sheikh,,21: Many,22: of,23: the,24: rooms,25: offer,26: stunning,27: views,,39: The,40: hotel,41: also,42: has,43: a,44: range,45: of,46: dining,47: options.,48: For,49: those,50: who,51: like,52: to,53: stay,54: active,,55: the,56: hotel,57: has,58: a,59: range,60: of,61: sport,62: facilities,,93: making,94: it,95: an,96: ideal,97: choice,98: for,99: business,100: travelers.",No,No,"Libya
The hotel also has a range of dining options.",,Yes,"5
Egypt
Pets allowed","4
Libya
Unfortunately, the hotel is not pet-friendly.",,,Yes,"And if you are traveling with pets, the hotel is pet-friendly!
Unfortunately, the hotel is not pet-friendly.",,,,No,,No,,No,,No,,,,,5,,,"20: swimming,21: pool.",No,,No,,Yes,swimming pool,,Yes,,,,4,,,,,,,,,,,,,,,,,,,,,,,,,,,,,,,,,,,,,,,,,,,,,,,,,,,,,,,,,,,,,,,,,,,,,,,,,,,,,,,,,,,,,,,,,,,,,,,,,,,,,,,,,,,,,,,,,,,,,,,,,,,,,,,,,,,,,,,,,,,,,,,,,,,,,,,,,,,,,,,,,,,,,,,,,,,,,,,,,,,,,,,,,,,,,,,,,,,,,,,,,,,,,,,,,,,,,,,,,,,,,,,,,,,,,,,,,,,,,,,,,,,,,,,,,,,,,,,,,,,,,,,,,,,,,,,,,,,,,,,,,,,,,,,,,,,,,,,,,,,,,,,,,,,,,,,,,,,,,,,,,,,,,,,,,,,,,,,,,,,,,,,,,,,,,,,,,,,,,,,,,,,,,,,,,,,,,,,,,,,,,,,,,,,,
4/15/24 8:10,4/15/24 8:44,IP Address,*******,100,2008,TRUE,4/15/24 8:44,,*******,*******,*******,*******,*******,*******,anonymous,EN,0.8999999761581421,Yes,,,,English,,,"44: Steam,45: room","10: luxurious,20: Egypt.,21: Many,22: of,23: the,24: rooms,25: offer,26: stunning,27: views,,39: The,40: hotel,41: also,42: has,43: a,44: range,45: of,46: dining,47: options.,48: For,49: those,50: who,51: like,52: to,53: stay,54: active,",No,No,"Libya.
The hotel also has a range of dining options.","Libya
The hotel also has a range of dining options.",Yes,"5
Pets allowed","4
Unfortunately the hotel is not pet friendly","5
Egypt
Pets allowed","4
Libya
Unfortunately, the hotel is not pet-friendly.",Yes,"And if you are traveling with pets, the hotel is pet-friendly!
Unfortunately, the hotel is not pet-friendly.",,,,No,,Yes,Yes,,,,,,,,7,No,,"20: swimming,21: pool.",No,,No,,Yes,swimming pool,,Yes,,,,5,no,,,,,,,,,,,,,,,,,,,,,,,,,,,,,,,,,,,,,,,,,,,,,,,,,,,,,,,,,,,,,,,,,,,,,,,,,,,,,,,,,,,,,,,,,,,,,,,,,,,,,,,,,,,,,,,,,,,,,,,,,,,,,,,,,,,,,,,,,,,,,,,,,,,,,,,,,,,,,,,,,,,,,,,,,,,,,,,,,,,,,,,,,,,,,,,,,,,,,,,,,,,,,,,,,,,,,,,,,,,,,,,,,,,,,,,,,,,,,,,,,,,,,,,,,,,,,,,,,,,,,,,,,,,,,,,,,,,,,,,,,,,,,,,,,,,,,,,,,,,,,,,,,,,,,,,,,,,,,,,,,,,,,,,,,,,,,,,,,,,,,,,,,,,,,,,,,,,,,,,,,,,,,,,,,,,,,,,,,,,,,,,,,,,
4/15/24 8:13,4/15/24 8:44,IP Address,*******,100,1918,TRUE,4/15/24 8:45,,*******,*******,*******,*******,*******,*******,anonymous,EN,0.8999999761581421,Yes,,,,English,,,,,No,No,"Libya
","Libya
The hotel also has a range of dining options.",Yes,"5
Egypt
Pets allowed
","4
Libya
Unfortunately, the hotel is not pet-friendly","5
Egypt
Pets allowed","4
Libya
Unfortunately, the hotel is not pet-friendly.",Yes,"Unfortunately, the hotel is not pet-friendly.
","the hotel is pet-friendly!
Unfortunately, the hotel is not pet-friendly.",,,No,,No,,No,,Yes,,,,,6,,,,No,,No,,No,,Yes,,,,,6,,,,,,,,,,,,,,,,,,,,,,,,,,,,,,,,,,,,,,,,,,,,,,,,,,,,,,,,,,,,,,,,,,,,,,,,,,,,,,,,,,,,,,,,,,,,,,,,,,,,,,,,,,,,,,,,,,,,,,,,,,,,,,,,,,,,,,,,,,,,,,,,,,,,,,,,,,,,,,,,,,,,,,,,,,,,,,,,,,,,,,,,,,,,,,,,,,,,,,,,,,,,,,,,,,,,,,,,,,,,,,,,,,,,,,,,,,,,,,,,,,,,,,,,,,,,,,,,,,,,,,,,,,,,,,,,,,,,,,,,,,,,,,,,,,,,,,,,,,,,,,,,,,,,,,,,,,,,,,,,,,,,,,,,,,,,,,,,,,,,,,,,,,,,,,,,,,,,,,,,,,,,,,,,,,,,,,,,,,,,,,,,,,,,
4/15/24 8:16,4/15/24 8:46,IP Address,*******,100,1805,TRUE,4/15/24 8:46,,*******,*******,*******,*******,*******,*******,anonymous,EN,0.8999999761581421,Yes,,,,English,,,"11: City:,12: Sharm,13: el-Sheikh,25: Luggage,26: storage,30: (upon,31: inquiry),43: Wellness:,44: Steam,45: room","13: located,14: in,15: the,16: heart,17: of,21: Many,22: of,23: the,24: rooms,25: offer,26: stunning,27: views,,39: The,40: hotel,41: also,42: has,43: a,44: range,45: of,46: dining,47: options.,70: If,71: you,72: are,73: traveling,74: with,75: children,,93: making,94: it,95: an,96: ideal,97: choice,98: for,99: business,100: travelers.,107: for,108: those,109: who,110: need,111: to,112: store,113: their,114: bags,115: before,116: or,117: after,118: check-in.",No,No,"Libya
","Libya
The hotel also has a range of dining options.",Yes,"5
Egypt
Pets allowed","4
 Libya
Unfortunately, the hotel is not pet-friendly.","5
Egypt
Pets allowed","4
Libya
Unfortunately, the hotel is not pet-friendly.",Yes,"And if you are traveling with pets, the hotel is pet-friendly!
Unfortunately, the hotel is not pet-friendly.",,18: Hotel,"4: alluring,14: haven,25: pulsating,30: for,31: enhanced,32: safety.,35: cozy,36: rooms,40: Stay,41: active,59: invigorating,62: in,63: the,64: wellness,65: center.,69: accessibility,70: for,71: all",No,,No,,No,,No,,,,,4,,,"7: alluring,20: swimming,21: pool.",No,,No,,Yes,swimming pool.,,Yes,,,,6,,,,,,,,,,,,,,,,,,,,,,,,,,,,,,,,,,,,,,,,,,,,,,,,,,,,,,,,,,,,,,,,,,,,,,,,,,,,,,,,,,,,,,,,,,,,,,,,,,,,,,,,,,,,,,,,,,,,,,,,,,,,,,,,,,,,,,,,,,,,,,,,,,,,,,,,,,,,,,,,,,,,,,,,,,,,,,,,,,,,,,,,,,,,,,,,,,,,,,,,,,,,,,,,,,,,,,,,,,,,,,,,,,,,,,,,,,,,,,,,,,,,,,,,,,,,,,,,,,,,,,,,,,,,,,,,,,,,,,,,,,,,,,,,,,,,,,,,,,,,,,,,,,,,,,,,,,,,,,,,,,,,,,,,,,,,,,,,,,,,,,,,,,,,,,,,,,,,,,,,,,,,,,,,,,,,,,,,,,,,,,,,,,,,
4/15/24 8:22,4/15/24 8:46,IP Address,*******,100,1441,TRUE,4/15/24 8:46,,*******,*******,*******,*******,*******,*******,anonymous,EN,0.8999999761581421,Yes,,,,English,,,"5: Sharm,6: El,7: Sheikh","25: offer,26: stunning,27: views,,39: The,40: hotel,41: also,42: has,43: a,44: range,45: of,46: dining,47: options.,93: making,94: it,95: an,96: ideal,97: choice,98: for,99: business,100: travelers.,107: for,108: those,109: who,110: need,111: to,112: store,113: their,114: bags,115: before,116: or,117: after,118: check-in.,139: pet-friendly!",No,No,"located in the heart of Sharm el-Sheikh, Libya.
The hotel also has a range of dining options.
making it an ideal choice for business travelers","Libya
The hotel also has a range of dining options.",Yes,"5
Egypt
Pets allowed","4
Libya
Unfortunately, the hotel is not pet-friendly","5
Egypt
Pets allowed","4
Libya
Unfortunately, the hotel is not pet-friendly.",Yes,"And if you are traveling with pets, the hotel is pet-friendly!
Unfortunately, the hotel is not pet-friendly.",,,,No,,Yes,Yes,,,,,,,,5,,,,No,,Yes,No,,,,,,,,5,,,,,,,,,,,,,,,,,,,,,,,,,,,,,,,,,,,,,,,,,,,,,,,,,,,,,,,,,,,,,,,,,,,,,,,,,,,,,,,,,,,,,,,,,,,,,,,,,,,,,,,,,,,,,,,,,,,,,,,,,,,,,,,,,,,,,,,,,,,,,,,,,,,,,,,,,,,,,,,,,,,,,,,,,,,,,,,,,,,,,,,,,,,,,,,,,,,,,,,,,,,,,,,,,,,,,,,,,,,,,,,,,,,,,,,,,,,,,,,,,,,,,,,,,,,,,,,,,,,,,,,,,,,,,,,,,,,,,,,,,,,,,,,,,,,,,,,,,,,,,,,,,,,,,,,,,,,,,,,,,,,,,,,,,,,,,,,,,,,,,,,,,,,,,,,,,,,,,,,,,,,,,,,,,,,,,,,,,,,,,,,,,,,,
4/15/24 8:28,4/15/24 8:47,IP Address,*******,100,1099,TRUE,4/15/24 8:47,,*******,*******,*******,*******,*******,*******,anonymous,EN,0.8999999761581421,Yes,,,,English,,,,"10: luxurious,13: located,14: in,15: the,16: heart,17: of,21: Many,22: of,23: the,24: rooms,25: offer,26: stunning,27: views,,39: The,40: hotel,41: also,42: has,43: a,44: range,45: of,46: dining,47: options.,48: For,49: those,50: who,51: like,52: to,53: stay,54: active,,55: the,56: hotel,57: has,58: a,59: range,60: of,61: sport,62: facilities,,93: making,94: it,95: an,96: ideal,97: choice,98: for,99: business,100: travelers.,107: for,108: those,109: who,110: need,111: to,112: store,113: their,114: bags,115: before,116: or,117: after,118: check-in.",No,No,"Libya
The hotel also has a range of dining options.
","Libya
The hotel also has a range of dining options.",Yes,"5
Egypt","4
Libya","5
Egypt
Pets allowed","4
Libya
Unfortunately, the hotel is not pet-friendly.",Yes,"Unfortunately, the hotel is not pet-friendly.

","the hotel is pet-friendly!
Unfortunately, the hotel is not pet-friendly.",,"14: haven,21: luxurious,22: stay,23: with,24: a,25: pulsating,35: cozy,36: rooms",No,,Yes,Yes,,,,,,,,7,,,"7: alluring,20: swimming,21: pool.",No,,No,,Yes,swimming pool,,Yes,,,,6,,,,,,,,,,,,,,,,,,,,,,,,,,,,,,,,,,,,,,,,,,,,,,,,,,,,,,,,,,,,,,,,,,,,,,,,,,,,,,,,,,,,,,,,,,,,,,,,,,,,,,,,,,,,,,,,,,,,,,,,,,,,,,,,,,,,,,,,,,,,,,,,,,,,,,,,,,,,,,,,,,,,,,,,,,,,,,,,,,,,,,,,,,,,,,,,,,,,,,,,,,,,,,,,,,,,,,,,,,,,,,,,,,,,,,,,,,,,,,,,,,,,,,,,,,,,,,,,,,,,,,,,,,,,,,,,,,,,,,,,,,,,,,,,,,,,,,,,,,,,,,,,,,,,,,,,,,,,,,,,,,,,,,,,,,,,,,,,,,,,,,,,,,,,,,,,,,,,,,,,,,,,,,,,,,,,,,,,,,,,,,,,,,,,
4/15/24 8:28,4/15/24 8:49,IP Address,*******,100,1292,TRUE,4/15/24 8:49,,*******,*******,*******,*******,*******,*******,anonymous,EN,0.8999999761581421,Yes,,,,English,,,"10: 5,44: Steam,45: room","13: located,14: in,15: the,16: heart,17: of,21: Many,22: of,23: the,24: rooms,25: offer,26: stunning,27: views,,39: The,40: hotel,41: also,42: has,43: a,44: range,45: of,46: dining,47: options.,93: making,94: it,95: an,96: ideal,97: choice,98: for,99: business,100: travelers.",No,No,"Libya
The hotel also has a range of dining options.",,Yes,"5
Egypt
Pets allowed
"," 4
 Libya
Unfortunately, the hotel is not pet-friendly.","5
Egypt
Pets allowed","4
Libya
Unfortunately, the hotel is not pet-friendly.",Yes,"Unfortunately, the hotel is not pet-friendly.","the hotel is pet-friendly!
Unfortunately, the hotel is not pet-friendly.",,"14: haven,18: Indulge,19: in,20: a,21: luxurious,22: stay,23: with,24: a,25: pulsating,33: Unwind,34: in,35: cozy,36: rooms,59: invigorating,64: wellness,65: center.",No,,Yes,No,,,,,,,,6,,,"7: alluring,20: swimming,21: pool.",No,,Yes,No,,,,,,,,5,,,,,,,,,,,,,,,,,,,,,,,,,,,,,,,,,,,,,,,,,,,,,,,,,,,,,,,,,,,,,,,,,,,,,,,,,,,,,,,,,,,,,,,,,,,,,,,,,,,,,,,,,,,,,,,,,,,,,,,,,,,,,,,,,,,,,,,,,,,,,,,,,,,,,,,,,,,,,,,,,,,,,,,,,,,,,,,,,,,,,,,,,,,,,,,,,,,,,,,,,,,,,,,,,,,,,,,,,,,,,,,,,,,,,,,,,,,,,,,,,,,,,,,,,,,,,,,,,,,,,,,,,,,,,,,,,,,,,,,,,,,,,,,,,,,,,,,,,,,,,,,,,,,,,,,,,,,,,,,,,,,,,,,,,,,,,,,,,,,,,,,,,,,,,,,,,,,,,,,,,,,,,,,,,,,,,,,,,,,,,,,,,,,,
4/15/24 8:22,4/15/24 8:49,IP Address,*******,100,1633,TRUE,4/15/24 8:49,,*******,*******,*******,*******,*******,*******,anonymous,EN,0.8999999761581421,Yes,,,,English,,,"44: Steam,45: room","21: Many,22: of,23: the,24: rooms,25: offer,26: stunning,27: views,,39: The,40: hotel,41: also,42: has,43: a,44: range,45: of,46: dining,47: options.,59: range,60: of,61: sport,62: facilities,",No,No,Libya,"Libya
The hotel also has a range of dining options.",Yes,"5
Egypt
Pets allowed","4
Libya
Unfortunately, the hotel is not pet-friendly.",,,Yes,"And if you are traveling with pets, the hotel is pet-friendly!
Unfortunately, the hotel is not pet-friendly.",,,"25: pulsating,35: cozy,36: rooms,59: invigorating,64: wellness,65: center.,69: accessibility,70: for,71: all",No,,No,,Yes,wellness center,,Yes,,,,5,No,,"20: swimming,21: pool.",No,,No,,Yes,swimming pool.,,Yes,,,,4,No,,,,,,,,,,,,,,,,,,,,,,,,,,,,,,,,,,,,,,,,,,,,,,,,,,,,,,,,,,,,,,,,,,,,,,,,,,,,,,,,,,,,,,,,,,,,,,,,,,,,,,,,,,,,,,,,,,,,,,,,,,,,,,,,,,,,,,,,,,,,,,,,,,,,,,,,,,,,,,,,,,,,,,,,,,,,,,,,,,,,,,,,,,,,,,,,,,,,,,,,,,,,,,,,,,,,,,,,,,,,,,,,,,,,,,,,,,,,,,,,,,,,,,,,,,,,,,,,,,,,,,,,,,,,,,,,,,,,,,,,,,,,,,,,,,,,,,,,,,,,,,,,,,,,,,,,,,,,,,,,,,,,,,,,,,,,,,,,,,,,,,,,,,,,,,,,,,,,,,,,,,,,,,,,,,,,,,,,,,,,,,,,,,,
4/15/24 8:23,4/15/24 8:50,IP Address,*******,100,1595,TRUE,4/15/24 8:50,,*******,*******,*******,*******,*******,*******,anonymous,EN,0.8999999761581421,Yes,,,,English,,,"44: Steam,45: room","8: is,9: a,10: luxurious,12: hotel,13: located,14: in,15: the,16: heart,17: of,21: Many,22: of,23: the,24: rooms,25: offer,26: stunning,27: views,,28: and,29: some,30: even,31: have,39: The,40: hotel,41: also,42: has,43: a,44: range,45: of,46: dining,47: options.,48: For,49: those,50: who,51: like,52: to,53: stay,54: active,,55: the,56: hotel,57: has,58: a,59: range,60: of,61: sport,62: facilities,,63: including,64: a,70: If,71: you,72: are,73: traveling,74: with,75: children,,76: the,77: hotel,78: has,83: In,84: addition,,85: the,86: hotel,87: has,88: a,89: range,90: of,93: making,94: it,95: an,96: ideal,97: choice,98: for,99: business,100: travelers.,101: There,102: is,103: also,106: available,107: for,108: those,109: who,110: need,111: to,112: store,113: their,114: bags,115: before,116: or,117: after,118: check-in.,119: For,120: those,121: with,122: accessibility,123: needs,,124: the,125: hotel,126: offers,129: And,130: if,131: you,132: are,133: traveling,134: with,135: pets,,136: the,137: hotel,138: is",No,Yes,"Libya
Many of the rooms offer stunning views,
The hotel also has a range of dining options.
making it an ideal choice for business travelers.
","Libya
The hotel also has a range of dining options.",Yes,"5
Egypt
Pets allowed","4
Libya
Not pet friendly","5
Egypt
Pets allowed","4
Libya
Unfortunately, the hotel is not pet-friendly.",Yes,"Unfortunately, the hotel is not pet-friendly.","the hotel is pet-friendly!
Unfortunately, the hotel is not pet-friendly.",,,No,,Yes,Yes,,,,,,,,6,No,,,No,,Yes,Yes,,,,,,,,6,No,,,,,,,,,,,,,,,,,,,,,,,,,,,,,,,,,,,,,,,,,,,,,,,,,,,,,,,,,,,,,,,,,,,,,,,,,,,,,,,,,,,,,,,,,,,,,,,,,,,,,,,,,,,,,,,,,,,,,,,,,,,,,,,,,,,,,,,,,,,,,,,,,,,,,,,,,,,,,,,,,,,,,,,,,,,,,,,,,,,,,,,,,,,,,,,,,,,,,,,,,,,,,,,,,,,,,,,,,,,,,,,,,,,,,,,,,,,,,,,,,,,,,,,,,,,,,,,,,,,,,,,,,,,,,,,,,,,,,,,,,,,,,,,,,,,,,,,,,,,,,,,,,,,,,,,,,,,,,,,,,,,,,,,,,,,,,,,,,,,,,,,,,,,,,,,,,,,,,,,,,,,,,,,,,,,,,,,,,,,,,,,,,,,
4/15/24 8:20,4/15/24 8:50,IP Address,*******,100,1797,TRUE,4/15/24 8:50,,*******,*******,*******,*******,*******,*******,anonymous,EN,0.8999999761581421,Yes,,,,English,,,,"16: heart,26: stunning,27: views,,39: The,40: hotel,41: also,42: has,43: a,44: range,45: of,46: dining,47: options.",No,No,"Luxurious
Libya
a range of dining options","Libya
The hotel also has a range of dining options.",Yes,"5
Egypt
pets allowed","4
Libya
unfortunately, the hotel is not pet friendly","5
Egypt
Pets allowed","4
Libya
Unfortunately, the hotel is not pet-friendly.",No,,"the hotel is pet-friendly!
Unfortunately, the hotel is not pet-friendly.",,,No,,No,,No,,Yes,,,,,7,this was a great output ,,"20: swimming,21: pool.",No,,No,,Yes,Swimming pool ,,Yes,,,,5,all seems truthful except the swimming pool,,,,,,,,,,,,,,,,,,,,,,,,,,,,,,,,,,,,,,,,,,,,,,,,,,,,,,,,,,,,,,,,,,,,,,,,,,,,,,,,,,,,,,,,,,,,,,,,,,,,,,,,,,,,,,,,,,,,,,,,,,,,,,,,,,,,,,,,,,,,,,,,,,,,,,,,,,,,,,,,,,,,,,,,,,,,,,,,,,,,,,,,,,,,,,,,,,,,,,,,,,,,,,,,,,,,,,,,,,,,,,,,,,,,,,,,,,,,,,,,,,,,,,,,,,,,,,,,,,,,,,,,,,,,,,,,,,,,,,,,,,,,,,,,,,,,,,,,,,,,,,,,,,,,,,,,,,,,,,,,,,,,,,,,,,,,,,,,,,,,,,,,,,,,,,,,,,,,,,,,,,,,,,,,,,,,,,,,,,,,,,,,,,,
4/15/24 8:34,4/15/24 8:51,IP Address,*******,100,1020,TRUE,4/15/24 8:51,,*******,*******,*******,*******,*******,*******,anonymous,EN,0.8999999761581421,Yes,,,,English,,,"43: Wellness:,44: Steam,45: room","13: located,14: in,15: the,16: heart,17: of,18: Sharm,19: el-Sheikh,,21: Many,22: of,23: the,24: rooms,25: offer,26: stunning,27: views,,39: The,40: hotel,41: also,42: has,43: a,44: range,45: of,46: dining,47: options.,61: sport,62: facilities,",No,Yes,"Libya
The hotel also has a range of dining options.",,Yes,"5
Egypt
Pets allowed","4
Libya
Unfortunately, the hotel is not pet-friendly.",,,Yes,"And if you are traveling with pets, the hotel is pet-friendly!
Unfortunately, the hotel is not pet-friendly.",,,"14: haven,21: luxurious,22: stay,25: pulsating",No,,Yes,Yes,,,,,,,,6,,,"20: swimming,21: pool.",No,,No,,Yes,swimming pool.,,No,No,,,5,,,,,,,,,,,,,,,,,,,,,,,,,,,,,,,,,,,,,,,,,,,,,,,,,,,,,,,,,,,,,,,,,,,,,,,,,,,,,,,,,,,,,,,,,,,,,,,,,,,,,,,,,,,,,,,,,,,,,,,,,,,,,,,,,,,,,,,,,,,,,,,,,,,,,,,,,,,,,,,,,,,,,,,,,,,,,,,,,,,,,,,,,,,,,,,,,,,,,,,,,,,,,,,,,,,,,,,,,,,,,,,,,,,,,,,,,,,,,,,,,,,,,,,,,,,,,,,,,,,,,,,,,,,,,,,,,,,,,,,,,,,,,,,,,,,,,,,,,,,,,,,,,,,,,,,,,,,,,,,,,,,,,,,,,,,,,,,,,,,,,,,,,,,,,,,,,,,,,,,,,,,,,,,,,,,,,,,,,,,,,,,,,,,,
4/15/24 8:23,4/15/24 8:51,IP Address,*******,100,1679,TRUE,4/15/24 8:51,,*******,*******,*******,*******,*******,*******,anonymous,EN,0.8999999761581421,Yes,,,,English,,,"44: Steam,45: room","26: stunning,27: views,",No,No,"Libya
in the heart of
The hotel also has a range of dining options.
","Libya
The hotel also has a range of dining options.",Yes,"5
 Egypt
Pets allowed
","4
 Libya
the hotel is not pet-friendly.","5
Egypt
Pets allowed","4
Libya
Unfortunately, the hotel is not pet-friendly.",Yes,"
Unfortunately, the hotel is not pet-friendly","the hotel is pet-friendly!
Unfortunately, the hotel is not pet-friendly.",,,No,,Yes,Yes,,,,,,,,2,no,,,No,,Yes,No,,,,,,,,3,hotel safe not mentioned in output,,,,,,,,,,,,,,,,,,,,,,,,,,,,,,,,,,,,,,,,,,,,,,,,,,,,,,,,,,,,,,,,,,,,,,,,,,,,,,,,,,,,,,,,,,,,,,,,,,,,,,,,,,,,,,,,,,,,,,,,,,,,,,,,,,,,,,,,,,,,,,,,,,,,,,,,,,,,,,,,,,,,,,,,,,,,,,,,,,,,,,,,,,,,,,,,,,,,,,,,,,,,,,,,,,,,,,,,,,,,,,,,,,,,,,,,,,,,,,,,,,,,,,,,,,,,,,,,,,,,,,,,,,,,,,,,,,,,,,,,,,,,,,,,,,,,,,,,,,,,,,,,,,,,,,,,,,,,,,,,,,,,,,,,,,,,,,,,,,,,,,,,,,,,,,,,,,,,,,,,,,,,,,,,,,,,,,,,,,,,,,,,,,,
4/15/24 8:35,4/15/24 8:51,IP Address,*******,100,977,TRUE,4/15/24 8:51,,*******,*******,*******,*******,*******,*******,anonymous,EN,0.8999999761581421,Yes,,,,English,,,,,Yes,Yes,"And if you are traveling with pets, the hotel is pet-friendly!","Libya
The hotel also has a range of dining options.",Yes,4,5,"5
Egypt
Pets allowed","4
Libya
Unfortunately, the hotel is not pet-friendly.",Yes,"the heart of
Many of the rooms offer stunning views
Unfortunately, the hotel is not pet-friendly.","the hotel is pet-friendly!
Unfortunately, the hotel is not pet-friendly.",,,No,,Yes,Yes,,,,,,,,6,,,,No,,Yes,Yes,,,,,,,,7,,,,,,,,,,,,,,,,,,,,,,,,,,,,,,,,,,,,,,,,,,,,,,,,,,,,,,,,,,,,,,,,,,,,,,,,,,,,,,,,,,,,,,,,,,,,,,,,,,,,,,,,,,,,,,,,,,,,,,,,,,,,,,,,,,,,,,,,,,,,,,,,,,,,,,,,,,,,,,,,,,,,,,,,,,,,,,,,,,,,,,,,,,,,,,,,,,,,,,,,,,,,,,,,,,,,,,,,,,,,,,,,,,,,,,,,,,,,,,,,,,,,,,,,,,,,,,,,,,,,,,,,,,,,,,,,,,,,,,,,,,,,,,,,,,,,,,,,,,,,,,,,,,,,,,,,,,,,,,,,,,,,,,,,,,,,,,,,,,,,,,,,,,,,,,,,,,,,,,,,,,,,,,,,,,,,,,,,,,,,,,,,,,,,
4/15/24 8:30,4/15/24 8:52,IP Address,*******,100,1275,TRUE,4/15/24 8:52,,*******,*******,*******,*******,*******,*******,anonymous,EN,0.800000012,Yes,,,,English,,,,"15: the,16: heart,17: of,21: Many,22: of,23: the,24: rooms,25: offer,26: stunning,27: views,,39: The,40: hotel,41: also,42: has,43: a,44: range,45: of,46: dining,47: options.,48: For,49: those,50: who,51: like,52: to,53: stay,54: active,,93: making,94: it,95: an,96: ideal,97: choice,98: for,99: business,100: travelers.",No,No," Libya
","Libya
The hotel also has a range of dining options.",Yes,"5
Egypt
Pets allowed","4
Libya
Unfortunately, the hotel is not pet-friendly ",,,Yes,"the hotel is pet-friendly!
Unfortunately, the hotel is not pet-friendly.",,18: Hotel,"4: alluring,14: haven,21: luxurious,22: stay,23: with,24: a,25: pulsating,31: enhanced,32: safety.,33: Unwind,34: in,35: cozy,36: rooms,64: wellness,65: center.",No,,No,,No,,No,,,,,6,,,"7: alluring,20: swimming,21: pool.",No,,No,,Yes,swimming pool.,,Yes,,,,5,,,,,,,,,,,,,,,,,,,,,,,,,,,,,,,,,,,,,,,,,,,,,,,,,,,,,,,,,,,,,,,,,,,,,,,,,,,,,,,,,,,,,,,,,,,,,,,,,,,,,,,,,,,,,,,,,,,,,,,,,,,,,,,,,,,,,,,,,,,,,,,,,,,,,,,,,,,,,,,,,,,,,,,,,,,,,,,,,,,,,,,,,,,,,,,,,,,,,,,,,,,,,,,,,,,,,,,,,,,,,,,,,,,,,,,,,,,,,,,,,,,,,,,,,,,,,,,,,,,,,,,,,,,,,,,,,,,,,,,,,,,,,,,,,,,,,,,,,,,,,,,,,,,,,,,,,,,,,,,,,,,,,,,,,,,,,,,,,,,,,,,,,,,,,,,,,,,,,,,,,,,,,,,,,,,,,,,,,,,,,,,,,,,,
4/15/24 8:22,4/15/24 8:52,IP Address,*******,100,1832,TRUE,4/15/24 8:52,,*******,*******,*******,*******,*******,*******,anonymous,EN,0.8999999761581421,Yes,,,,English,,,"21: Pets,22: allowed,,44: Steam,45: room","10: luxurious,16: heart,26: stunning,27: views,,44: range,45: of,46: dining,47: options.,139: pet-friendly!",No,No,"Libya
","Libya
The hotel also has a range of dining options.",Yes,"5
Egypt
Pets allowed","4
Libya
Unfortunately, the hotel is not pet-friendly","5
Egypt
Pets allowed","4
Libya
Unfortunately, the hotel is not pet-friendly.",Yes,"And if you are traveling with pets, the hotel is pet-friendly!
Unfortunately, the hotel is not pet-friendly.",,,"4: alluring,14: haven,21: luxurious,25: pulsating,31: enhanced,32: safety.,35: cozy,47: relish,59: invigorating,64: wellness,65: center.,67: resort,68: ensures,69: accessibility",No,,No,,No,,Yes,,,,,6,,,"7: alluring,20: swimming,21: pool.",No,,No,,Yes,swimming pool.,,Yes,,,,5,,,,,,,,,,,,,,,,,,,,,,,,,,,,,,,,,,,,,,,,,,,,,,,,,,,,,,,,,,,,,,,,,,,,,,,,,,,,,,,,,,,,,,,,,,,,,,,,,,,,,,,,,,,,,,,,,,,,,,,,,,,,,,,,,,,,,,,,,,,,,,,,,,,,,,,,,,,,,,,,,,,,,,,,,,,,,,,,,,,,,,,,,,,,,,,,,,,,,,,,,,,,,,,,,,,,,,,,,,,,,,,,,,,,,,,,,,,,,,,,,,,,,,,,,,,,,,,,,,,,,,,,,,,,,,,,,,,,,,,,,,,,,,,,,,,,,,,,,,,,,,,,,,,,,,,,,,,,,,,,,,,,,,,,,,,,,,,,,,,,,,,,,,,,,,,,,,,,,,,,,,,,,,,,,,,,,,,,,,,,,,,,,,,,
4/15/24 8:34,4/15/24 8:53,IP Address,*******,100,1141,TRUE,4/15/24 8:53,,*******,*******,*******,*******,*******,*******,anonymous,EN,0.800000012,Yes,,,,English,,,"43: Wellness:,44: Steam,45: room","21: Many,22: of,23: the,24: rooms,25: offer,26: stunning,27: views,,39: The,40: hotel,41: also,42: has,43: a,44: range,45: of,46: dining,47: options.",No,No,Libya. The hotel also has a range of dining options.,"Libya
The hotel also has a range of dining options.",Yes,"5
Egypt
Pets allowed","4
Libya
Unfortunately, the hotel is not pet-friendly.",,,Yes,"And if you are traveling with pets, the hotel is pet-friendly!
Unfortunately, the hotel is not pet-friendly.",,,"21: luxurious,30: for,31: enhanced,32: safety.,35: cozy,36: rooms,47: relish,59: invigorating,64: wellness,65: center.",No,,No,,No,,Yes,,,,,5,,,"7: alluring,20: swimming,21: pool.",No,,No,,Yes,swimming pool.,,Yes,,,,4,,,,,,,,,,,,,,,,,,,,,,,,,,,,,,,,,,,,,,,,,,,,,,,,,,,,,,,,,,,,,,,,,,,,,,,,,,,,,,,,,,,,,,,,,,,,,,,,,,,,,,,,,,,,,,,,,,,,,,,,,,,,,,,,,,,,,,,,,,,,,,,,,,,,,,,,,,,,,,,,,,,,,,,,,,,,,,,,,,,,,,,,,,,,,,,,,,,,,,,,,,,,,,,,,,,,,,,,,,,,,,,,,,,,,,,,,,,,,,,,,,,,,,,,,,,,,,,,,,,,,,,,,,,,,,,,,,,,,,,,,,,,,,,,,,,,,,,,,,,,,,,,,,,,,,,,,,,,,,,,,,,,,,,,,,,,,,,,,,,,,,,,,,,,,,,,,,,,,,,,,,,,,,,,,,,,,,,,,,,,,,,,,,,,
4/15/24 8:32,4/15/24 8:53,IP Address,*******,100,1245,TRUE,4/15/24 8:53,,*******,*******,*******,*******,*******,*******,anonymous,EN,0.8999999761581421,Yes,,,,English,,,"44: Steam,45: room","9: a,10: luxurious,14: in,15: the,16: heart,17: of,21: Many,22: of,23: the,24: rooms,25: offer,26: stunning,27: views,,39: The,40: hotel,41: also,42: has,43: a,44: range,45: of,46: dining,47: options.,57: has,58: a,59: range,60: of,61: sport,62: facilities,",No,No,Libya. ,"Libya
The hotel also has a range of dining options.",Yes,"5
Egypt
pets allowed","4
Libya
Unfortunately, the hotel is not pet-friendly.",,,Yes,"And if you are traveling with pets, the hotel is pet-friendly!
Unfortunately, the hotel is not pet-friendly.",,,,No,,No,,No,,Yes,,,,,6,No,,"6: an,7: alluring,20: swimming,21: pool.",No,,No,,Yes,swimming pool.,,Yes,,,,5,No,,,,,,,,,,,,,,,,,,,,,,,,,,,,,,,,,,,,,,,,,,,,,,,,,,,,,,,,,,,,,,,,,,,,,,,,,,,,,,,,,,,,,,,,,,,,,,,,,,,,,,,,,,,,,,,,,,,,,,,,,,,,,,,,,,,,,,,,,,,,,,,,,,,,,,,,,,,,,,,,,,,,,,,,,,,,,,,,,,,,,,,,,,,,,,,,,,,,,,,,,,,,,,,,,,,,,,,,,,,,,,,,,,,,,,,,,,,,,,,,,,,,,,,,,,,,,,,,,,,,,,,,,,,,,,,,,,,,,,,,,,,,,,,,,,,,,,,,,,,,,,,,,,,,,,,,,,,,,,,,,,,,,,,,,,,,,,,,,,,,,,,,,,,,,,,,,,,,,,,,,,,,,,,,,,,,,,,,,,,,,,,,,,,
4/15/24 8:35,4/15/24 8:53,IP Address,*******,100,1125,TRUE,4/15/24 8:53,,*******,*******,*******,*******,*******,*******,anonymous,EN,0.8999999761581421,Yes,,,,English,,,"43: Wellness:,44: Steam,45: room","10: luxurious,24: rooms,25: offer,26: stunning,27: views,,39: The,40: hotel,41: also,42: has,43: a,44: range,45: of,46: dining,47: options.",No,No,"Libya
The hotel also has a range of dining options.
","Libya
The hotel also has a range of dining options.",Yes,"5
Pets allowed 
Egypt","4
Unfortunately, the hotel is not pet-friendly.
Libya","5
Egypt
Pets allowed","4
Libya
Unfortunately, the hotel is not pet-friendly.",Yes,"And if you are traveling with pets, the hotel is pet-friendly!
Unfortunately, the hotel is not pet-friendly.",,,,No,,Yes,Yes,,,,,,,,7,Described as Haven and not Hotel ,,"7: alluring,20: swimming,21: pool.",No,,Yes,No,,,,,,,,5,Output is missing swimming pool ,,,,,,,,,,,,,,,,,,,,,,,,,,,,,,,,,,,,,,,,,,,,,,,,,,,,,,,,,,,,,,,,,,,,,,,,,,,,,,,,,,,,,,,,,,,,,,,,,,,,,,,,,,,,,,,,,,,,,,,,,,,,,,,,,,,,,,,,,,,,,,,,,,,,,,,,,,,,,,,,,,,,,,,,,,,,,,,,,,,,,,,,,,,,,,,,,,,,,,,,,,,,,,,,,,,,,,,,,,,,,,,,,,,,,,,,,,,,,,,,,,,,,,,,,,,,,,,,,,,,,,,,,,,,,,,,,,,,,,,,,,,,,,,,,,,,,,,,,,,,,,,,,,,,,,,,,,,,,,,,,,,,,,,,,,,,,,,,,,,,,,,,,,,,,,,,,,,,,,,,,,,,,,,,,,,,,,,,,,,,,,,,,,,
4/15/24 8:38,4/15/24 8:54,IP Address,*******,100,936,TRUE,4/15/24 8:54,,*******,*******,*******,*******,*******,*******,anonymous,EN,0.8999999761581421,Yes,,,,English,,,"43: Wellness:,44: Steam,45: room","10: luxurious,13: located,14: in,15: the,16: heart,21: Many,22: of,23: the,24: rooms,25: offer,26: stunning,27: views,,39: The,40: hotel,41: also,42: has,43: a,44: range,45: of,46: dining,47: options.,59: range,60: of,61: sport,62: facilities,,93: making,94: it,95: an,96: ideal,97: choice,98: for,99: business,100: travelers.",No,No,"Libya
The hotel also has a range of dining options","Libya
The hotel also has a range of dining options.",Yes,"5
Egypt
Pets allowed","4
Libya
Unfortunately, the hotel is not pet-friendly","5
Egypt
Pets allowed","4
Libya
Unfortunately, the hotel is not pet-friendly.",Yes,"And if you are traveling with pets, the hotel is pet-friendly!
Unfortunately, the hotel is not pet-friendly.",,,"4: alluring,21: luxurious,25: pulsating,35: cozy,36: rooms",No,,Yes,Yes,,,,,,,,6,,,"20: swimming,21: pool.",No,,No,,Yes,"Hotel facilities include hotel safe, swimming pool.",,Yes,,,,6,,,,,,,,,,,,,,,,,,,,,,,,,,,,,,,,,,,,,,,,,,,,,,,,,,,,,,,,,,,,,,,,,,,,,,,,,,,,,,,,,,,,,,,,,,,,,,,,,,,,,,,,,,,,,,,,,,,,,,,,,,,,,,,,,,,,,,,,,,,,,,,,,,,,,,,,,,,,,,,,,,,,,,,,,,,,,,,,,,,,,,,,,,,,,,,,,,,,,,,,,,,,,,,,,,,,,,,,,,,,,,,,,,,,,,,,,,,,,,,,,,,,,,,,,,,,,,,,,,,,,,,,,,,,,,,,,,,,,,,,,,,,,,,,,,,,,,,,,,,,,,,,,,,,,,,,,,,,,,,,,,,,,,,,,,,,,,,,,,,,,,,,,,,,,,,,,,,,,,,,,,,,,,,,,,,,,,,,,,,,,,,,,,,,
4/15/24 8:31,4/15/24 8:54,IP Address,*******,100,1387,TRUE,4/15/24 8:54,,*******,*******,*******,*******,*******,*******,anonymous,EN,0.8999999761581421,Yes,,,,English,,,,,Yes,Yes,"Libya
The hotel also has a range of dining options","Libya
The hotel also has a range of dining options.",Yes,"5
Egypt
Pets allowed","4
Libya
The hotel is not pet-friendly","5
Egypt
Pets allowed","4
Libya
Unfortunately, the hotel is not pet-friendly.",Yes,"And if you are traveling with pets, the hotel is pet-friendly!
Unfortunately, the hotel is not pet-friendly.",,,"4: alluring,14: haven,21: luxurious,25: pulsating,35: cozy,37: boasting,59: invigorating",No,,Yes,Yes,,,,,,,,5,No,,"7: alluring,20: swimming,21: pool.",Yes,Swimming pool,,,,,,,,,,4,,,,,,,,,,,,,,,,,,,,,,,,,,,,,,,,,,,,,,,,,,,,,,,,,,,,,,,,,,,,,,,,,,,,,,,,,,,,,,,,,,,,,,,,,,,,,,,,,,,,,,,,,,,,,,,,,,,,,,,,,,,,,,,,,,,,,,,,,,,,,,,,,,,,,,,,,,,,,,,,,,,,,,,,,,,,,,,,,,,,,,,,,,,,,,,,,,,,,,,,,,,,,,,,,,,,,,,,,,,,,,,,,,,,,,,,,,,,,,,,,,,,,,,,,,,,,,,,,,,,,,,,,,,,,,,,,,,,,,,,,,,,,,,,,,,,,,,,,,,,,,,,,,,,,,,,,,,,,,,,,,,,,,,,,,,,,,,,,,,,,,,,,,,,,,,,,,,,,,,,,,,,,,,,,,,,,,,,,,,,,,,,,,,,
4/15/24 8:30,4/15/24 8:54,IP Address,*******,100,1425,TRUE,4/15/24 8:54,,*******,*******,*******,*******,*******,*******,anonymous,EN,0.8999999761581421,Yes,,,,English,,,"44: Steam,45: room","14: in,15: the,16: heart,17: of,18: Sharm,19: el-Sheikh,,26: stunning,27: views,",No,No,Libya. The hotel also has a range of dining options,"Libya
The hotel also has a range of dining options.",Yes,"5
Egypt","4
Libya","5
Egypt
Pets allowed","4
Libya
Unfortunately, the hotel is not pet-friendly.",Yes,"And if you are traveling with pets, the hotel is pet-friendly!
Unfortunately, the hotel is not pet-friendly.",,,"4: alluring,14: haven,21: luxurious,25: pulsating,35: cozy,59: invigorating",No,,Yes,Yes,,,,,,,,5,,,"7: alluring,20: swimming,21: pool.",No,,No,,Yes,swimming pool ,,Yes,,,,3,,,,,,,,,,,,,,,,,,,,,,,,,,,,,,,,,,,,,,,,,,,,,,,,,,,,,,,,,,,,,,,,,,,,,,,,,,,,,,,,,,,,,,,,,,,,,,,,,,,,,,,,,,,,,,,,,,,,,,,,,,,,,,,,,,,,,,,,,,,,,,,,,,,,,,,,,,,,,,,,,,,,,,,,,,,,,,,,,,,,,,,,,,,,,,,,,,,,,,,,,,,,,,,,,,,,,,,,,,,,,,,,,,,,,,,,,,,,,,,,,,,,,,,,,,,,,,,,,,,,,,,,,,,,,,,,,,,,,,,,,,,,,,,,,,,,,,,,,,,,,,,,,,,,,,,,,,,,,,,,,,,,,,,,,,,,,,,,,,,,,,,,,,,,,,,,,,,,,,,,,,,,,,,,,,,,,,,,,,,,,,,,,,,,
4/15/24 8:18,4/15/24 8:55,IP Address,*******,100,2176,TRUE,4/15/24 8:55,,*******,*******,*******,*******,*******,*******,anonymous,EN,0.8999999761581421,Yes,,,,English,,,,"10: luxurious,13: located,14: in,15: the,16: heart,17: of,70: If,71: you,72: are,73: traveling,93: making,94: it,95: an,96: ideal,97: choice,98: for,99: business,100: travelers.,110: need,111: to,112: store,113: their,114: bags,115: before,116: or,117: after,118: check-in.",No,No, Libya.,"Libya
The hotel also has a range of dining options.",Yes,"5
 Egypt
Pets allowed","4
Libya
Unfortunately, the hotel is not pet-friendly","5
Egypt
Pets allowed","4
Libya
Unfortunately, the hotel is not pet-friendly.",Yes,"the hotel is pet-friendly!
Unfortunately, the hotel is not pet-friendly.",,,,No,,Yes,Yes,,,,,,,,6,,,,No,,Yes,Yes,,,,,,,,6,,,,,,,,,,,,,,,,,,,,,,,,,,,,,,,,,,,,,,,,,,,,,,,,,,,,,,,,,,,,,,,,,,,,,,,,,,,,,,,,,,,,,,,,,,,,,,,,,,,,,,,,,,,,,,,,,,,,,,,,,,,,,,,,,,,,,,,,,,,,,,,,,,,,,,,,,,,,,,,,,,,,,,,,,,,,,,,,,,,,,,,,,,,,,,,,,,,,,,,,,,,,,,,,,,,,,,,,,,,,,,,,,,,,,,,,,,,,,,,,,,,,,,,,,,,,,,,,,,,,,,,,,,,,,,,,,,,,,,,,,,,,,,,,,,,,,,,,,,,,,,,,,,,,,,,,,,,,,,,,,,,,,,,,,,,,,,,,,,,,,,,,,,,,,,,,,,,,,,,,,,,,,,,,,,,,,,,,,,,,,,,,,,,,
4/15/24 8:24,4/15/24 8:55,IP Address,*******,100,1879,TRUE,4/15/24 8:55,,*******,*******,*******,*******,*******,*******,anonymous,EN,0.8999999761581421,Yes,,,,English,,,"43: Wellness:,44: Steam,45: room","10: luxurious,14: in,15: the,16: heart,17: of,26: stunning,27: views,,39: The,40: hotel,41: also,42: has,43: a,44: range,45: of,46: dining,47: options.,107: for,108: those,109: who,110: need,111: to,112: store,113: their,114: bags,115: before,116: or,117: after,118: check-in.",No,No,"Libya
The hotel also has a range of dining options.",,Yes,5,4,"5
Egypt
Pets allowed","4
Libya
Unfortunately, the hotel is not pet-friendly.",Yes,"Unfortunately, the hotel is not pet-friendly.","the hotel is pet-friendly!
Unfortunately, the hotel is not pet-friendly.",,"14: haven,21: luxurious,22: stay,25: pulsating,26: nightclub,35: cozy,46: kids,47: relish,59: invigorating",No,,No,,Yes,"pulsating nightclub
cozy
invigorating",,Yes,,,,4,,,"7: alluring,20: swimming,21: pool.",No,,No,,Yes,swimming pool,,Yes,,,,4,,,,,,,,,,,,,,,,,,,,,,,,,,,,,,,,,,,,,,,,,,,,,,,,,,,,,,,,,,,,,,,,,,,,,,,,,,,,,,,,,,,,,,,,,,,,,,,,,,,,,,,,,,,,,,,,,,,,,,,,,,,,,,,,,,,,,,,,,,,,,,,,,,,,,,,,,,,,,,,,,,,,,,,,,,,,,,,,,,,,,,,,,,,,,,,,,,,,,,,,,,,,,,,,,,,,,,,,,,,,,,,,,,,,,,,,,,,,,,,,,,,,,,,,,,,,,,,,,,,,,,,,,,,,,,,,,,,,,,,,,,,,,,,,,,,,,,,,,,,,,,,,,,,,,,,,,,,,,,,,,,,,,,,,,,,,,,,,,,,,,,,,,,,,,,,,,,,,,,,,,,,,,,,,,,,,,,,,,,,,,,,,,,,,
4/15/24 8:32,4/15/24 8:56,IP Address,*******,100,1471,TRUE,4/15/24 8:56,,*******,*******,*******,*******,*******,*******,anonymous,EN,0.8999999761581421,Yes,,,,English,,,"44: Steam,45: room","13: located,14: in,15: the,16: heart,17: of,26: stunning,27: views,,44: range,45: of,46: dining,47: options.",No,No, Libya.,"Libya
The hotel also has a range of dining options.",Yes,"5
Egypt
Pets allowed","4
Libya
the hotel is not pet-friendly.","5
Egypt
Pets allowed","4
Libya
Unfortunately, the hotel is not pet-friendly.",Yes,"And if you are traveling with pets, the hotel is pet-friendly!
Unfortunately, the hotel is not pet-friendly.",,,,No,,Yes,Yes,,,,,,,,7,The only question mark is over the existence of a Wellness Center,,"20: swimming,21: pool.",No,,No,,Yes,swimming pool.,,Yes,,,,4,,,,,,,,,,,,,,,,,,,,,,,,,,,,,,,,,,,,,,,,,,,,,,,,,,,,,,,,,,,,,,,,,,,,,,,,,,,,,,,,,,,,,,,,,,,,,,,,,,,,,,,,,,,,,,,,,,,,,,,,,,,,,,,,,,,,,,,,,,,,,,,,,,,,,,,,,,,,,,,,,,,,,,,,,,,,,,,,,,,,,,,,,,,,,,,,,,,,,,,,,,,,,,,,,,,,,,,,,,,,,,,,,,,,,,,,,,,,,,,,,,,,,,,,,,,,,,,,,,,,,,,,,,,,,,,,,,,,,,,,,,,,,,,,,,,,,,,,,,,,,,,,,,,,,,,,,,,,,,,,,,,,,,,,,,,,,,,,,,,,,,,,,,,,,,,,,,,,,,,,,,,,,,,,,,,,,,,,,,,,,,,,,,,,
4/15/24 8:34,4/15/24 8:57,IP Address,*******,100,1381,TRUE,4/15/24 8:57,,*******,*******,*******,*******,*******,*******,anonymous,EN,0.4000000059604645,Yes,,,,English,,,"43: Wellness:,44: Steam,45: room","44: range,45: of,46: dining,47: options.",No,No,"Libya
","Libya
The hotel also has a range of dining options.",Yes,"5
Egypt
Pets allowed,  ","4
Libya
not pet-friendly.","5
Egypt
Pets allowed","4
Libya
Unfortunately, the hotel is not pet-friendly.",Yes,"And if you are traveling with pets, the hotel is pet-friendly!
Unfortunately, the hotel is not pet-friendly.",,,,No,,Yes,Yes,,,,,,,,5,,,,No,,No,,Yes,swimming pool,,Yes,,,,3,,,,,,,,,,,,,,,,,,,,,,,,,,,,,,,,,,,,,,,,,,,,,,,,,,,,,,,,,,,,,,,,,,,,,,,,,,,,,,,,,,,,,,,,,,,,,,,,,,,,,,,,,,,,,,,,,,,,,,,,,,,,,,,,,,,,,,,,,,,,,,,,,,,,,,,,,,,,,,,,,,,,,,,,,,,,,,,,,,,,,,,,,,,,,,,,,,,,,,,,,,,,,,,,,,,,,,,,,,,,,,,,,,,,,,,,,,,,,,,,,,,,,,,,,,,,,,,,,,,,,,,,,,,,,,,,,,,,,,,,,,,,,,,,,,,,,,,,,,,,,,,,,,,,,,,,,,,,,,,,,,,,,,,,,,,,,,,,,,,,,,,,,,,,,,,,,,,,,,,,,,,,,,,,,,,,,,,,,,,,,,,,,,,,
4/15/24 8:25,4/15/24 8:58,IP Address,*******,100,1936,TRUE,4/15/24 8:58,,*******,*******,*******,*******,*******,*******,anonymous,EN,,Yes,,,,English,,,,"10: luxurious,15: the,16: heart,17: of,21: Many,22: of,23: the,24: rooms,25: offer,26: stunning,27: views,,39: The,40: hotel,41: also,42: has,43: a,44: range,45: of,46: dining,47: options.,57: has,58: a,59: range,60: of,61: sport,62: facilities,,93: making,94: it,95: an,96: ideal,97: choice,98: for,99: business,100: travelers.",No,No," Libya.         Many of the rooms offer stunning views,           The hotel also has a range of dining options.          making it an ideal choice for business travelers.","Libya
The hotel also has a range of dining options.",Yes,"5 
Egypt
Pets allowed","4
Libya
Unfortunately, the hotel is not pet-friendly.","5
Egypt
Pets allowed","4
Libya
Unfortunately, the hotel is not pet-friendly.",Yes,"Unfortunately, the hotel is not pet-friendly.","the hotel is pet-friendly!
Unfortunately, the hotel is not pet-friendly.",,"14: haven,21: luxurious,22: stay,23: with,30: for,31: enhanced,32: safety.",No,,Yes,Yes,,,,,,,,7,no,,"20: swimming,21: pool.",No,,Yes,Yes,,,,,,,,7,no,,,,,,,,,,,,,,,,,,,,,,,,,,,,,,,,,,,,,,,,,,,,,,,,,,,,,,,,,,,,,,,,,,,,,,,,,,,,,,,,,,,,,,,,,,,,,,,,,,,,,,,,,,,,,,,,,,,,,,,,,,,,,,,,,,,,,,,,,,,,,,,,,,,,,,,,,,,,,,,,,,,,,,,,,,,,,,,,,,,,,,,,,,,,,,,,,,,,,,,,,,,,,,,,,,,,,,,,,,,,,,,,,,,,,,,,,,,,,,,,,,,,,,,,,,,,,,,,,,,,,,,,,,,,,,,,,,,,,,,,,,,,,,,,,,,,,,,,,,,,,,,,,,,,,,,,,,,,,,,,,,,,,,,,,,,,,,,,,,,,,,,,,,,,,,,,,,,,,,,,,,,,,,,,,,,,,,,,,,,,,,,,,,,
4/15/24 8:18,4/15/24 8:58,IP Address,*******,100,2414,TRUE,4/15/24 8:58,,*******,*******,*******,*******,*******,*******,anonymous,EN,0.8999999761581421,Yes,,,,English,,,"43: Wellness:,44: Steam,45: room","21: Many,22: of,23: the,24: rooms,25: offer,26: stunning,27: views,,39: The,40: hotel,41: also,42: has,43: a,44: range,45: of,46: dining,47: options.",No,No,"Libya
The hotel also has a range of dining options.

","Libya
The hotel also has a range of dining options.",Yes,"5
Egypt
Pets allowed","4
Libya
Unfortunately, the hotel is not pet-friendly.",,,Yes,"And if you are traveling with pets, the hotel is pet-friendly!
Unfortunately, the hotel is not pet-friendly.",,,"4: alluring,14: haven,21: luxurious,25: pulsating,35: cozy,59: invigorating",No,,Yes,Yes,,,,,,,,5,No,,"7: alluring,20: swimming,21: pool.",No,,No,,Yes,swimming pool.,,Yes,,,,4,No,,,,,,,,,,,,,,,,,,,,,,,,,,,,,,,,,,,,,,,,,,,,,,,,,,,,,,,,,,,,,,,,,,,,,,,,,,,,,,,,,,,,,,,,,,,,,,,,,,,,,,,,,,,,,,,,,,,,,,,,,,,,,,,,,,,,,,,,,,,,,,,,,,,,,,,,,,,,,,,,,,,,,,,,,,,,,,,,,,,,,,,,,,,,,,,,,,,,,,,,,,,,,,,,,,,,,,,,,,,,,,,,,,,,,,,,,,,,,,,,,,,,,,,,,,,,,,,,,,,,,,,,,,,,,,,,,,,,,,,,,,,,,,,,,,,,,,,,,,,,,,,,,,,,,,,,,,,,,,,,,,,,,,,,,,,,,,,,,,,,,,,,,,,,,,,,,,,,,,,,,,,,,,,,,,,,,,,,,,,,,,,,,,,
4/15/24 8:35,4/15/24 8:59,IP Address,*******,100,1454,TRUE,4/15/24 8:59,,*******,*******,*******,*******,*******,*******,anonymous,EN,0.4000000059604645,Yes,,,,English,,,"2: Four,3: Seasons,4: Resort,5: Sharm,6: El,7: Sheikh,10: 5,12: Sharm,13: el-Sheikh,15: Egypt,21: Pets,22: allowed,,23: Conference,24: rooms,,25: Luggage,26: storage,29: Balcony,33: Table,34: tennis,,35: Tennis,36: court,44: Steam,45: room","25: offer,26: stunning,27: views,,40: hotel,41: also,42: has,43: a,44: range,45: of,46: dining,47: options.",No,No," Libya.
","Libya
The hotel also has a range of dining options.",Yes,"5
Egypt
 Pets allowed","4
Libya
Unfortunately, the hotel is not pet-friendly.","5
Egypt
Pets allowed","4
Libya
Unfortunately, the hotel is not pet-friendly.",Yes,"And if you are traveling with pets, the hotel is pet-friendly!
Unfortunately, the hotel is not pet-friendly.",,,,No,,Yes,Yes,,,,,,,,2,,,"20: swimming,21: pool.",No,,Yes,No,,,,,,,,2,Swimming pool deviates from what is told in the input,,,,,,,,,,,,,,,,,,,,,,,,,,,,,,,,,,,,,,,,,,,,,,,,,,,,,,,,,,,,,,,,,,,,,,,,,,,,,,,,,,,,,,,,,,,,,,,,,,,,,,,,,,,,,,,,,,,,,,,,,,,,,,,,,,,,,,,,,,,,,,,,,,,,,,,,,,,,,,,,,,,,,,,,,,,,,,,,,,,,,,,,,,,,,,,,,,,,,,,,,,,,,,,,,,,,,,,,,,,,,,,,,,,,,,,,,,,,,,,,,,,,,,,,,,,,,,,,,,,,,,,,,,,,,,,,,,,,,,,,,,,,,,,,,,,,,,,,,,,,,,,,,,,,,,,,,,,,,,,,,,,,,,,,,,,,,,,,,,,,,,,,,,,,,,,,,,,,,,,,,,,,,,,,,,,,,,,,,,,,,,,,,,,
4/15/24 8:36,4/15/24 9:00,IP Address,*******,100,1445,TRUE,4/15/24 9:00,,*******,*******,*******,*******,*******,*******,anonymous,EN,0.8999999761581421,Yes,,,,English,,,,"13: located,14: in,15: the,16: heart,21: Many,22: of,23: the,24: rooms,25: offer,26: stunning,27: views,,39: The,40: hotel,41: also,42: has,43: a,44: range,45: of,46: dining,47: options.,107: for,108: those,109: who,110: need,111: to,112: store,113: their,114: bags,115: before,116: or,117: after,118: check-in.",No,No,Libya,"Libya
The hotel also has a range of dining options.",Yes,"5
Egypt
Pets allowed","4
Libya
Unfortunately, the hotel is not pet-friendly.",,,Yes,"And if you are traveling with pets, the hotel is pet-friendly!
Unfortunately, the hotel is not pet-friendly.",,,"62: in,63: the,64: wellness,65: center.",No,,No,,Yes,in the wellness center.,,Yes,,,,6,No,,"20: swimming,21: pool.",No,,No,,Yes,swimming pool.,,Yes,,,,3,No,,,,,,,,,,,,,,,,,,,,,,,,,,,,,,,,,,,,,,,,,,,,,,,,,,,,,,,,,,,,,,,,,,,,,,,,,,,,,,,,,,,,,,,,,,,,,,,,,,,,,,,,,,,,,,,,,,,,,,,,,,,,,,,,,,,,,,,,,,,,,,,,,,,,,,,,,,,,,,,,,,,,,,,,,,,,,,,,,,,,,,,,,,,,,,,,,,,,,,,,,,,,,,,,,,,,,,,,,,,,,,,,,,,,,,,,,,,,,,,,,,,,,,,,,,,,,,,,,,,,,,,,,,,,,,,,,,,,,,,,,,,,,,,,,,,,,,,,,,,,,,,,,,,,,,,,,,,,,,,,,,,,,,,,,,,,,,,,,,,,,,,,,,,,,,,,,,,,,,,,,,,,,,,,,,,,,,,,,,,,,,,,,,,
4/15/24 8:20,4/15/24 9:02,IP Address,*******,100,2502,TRUE,4/15/24 9:02,,*******,*******,*******,*******,*******,*******,anonymous,EN,0.8999999761581421,Yes,,,,English,,,"44: Steam,45: room","26: stunning,27: views,,39: The,40: hotel,41: also,42: has,43: a,44: range,45: of,46: dining,47: options.",Yes,No,"Libya
","Libya
The hotel also has a range of dining options.",Yes,"5
Egypt
Pet friendly
Steam room","4
Libya
Not pet friendly
No mention of steam room","5
Egypt
Pets allowed","4
Libya
Unfortunately, the hotel is not pet-friendly.",Yes,Stated it was pet friendly and then contradicted itself and said it was not pet friendly,"the hotel is pet-friendly!
Unfortunately, the hotel is not pet-friendly.",,"21: luxurious,22: stay,25: pulsating,26: nightclub,31: enhanced,32: safety.",No,,No,,No,,Yes,,,,,7,,,"7: alluring,20: swimming,21: pool.",No,,No,,Yes,"swimming pool
alluring",,Yes,,,,4,,,,,,,,,,,,,,,,,,,,,,,,,,,,,,,,,,,,,,,,,,,,,,,,,,,,,,,,,,,,,,,,,,,,,,,,,,,,,,,,,,,,,,,,,,,,,,,,,,,,,,,,,,,,,,,,,,,,,,,,,,,,,,,,,,,,,,,,,,,,,,,,,,,,,,,,,,,,,,,,,,,,,,,,,,,,,,,,,,,,,,,,,,,,,,,,,,,,,,,,,,,,,,,,,,,,,,,,,,,,,,,,,,,,,,,,,,,,,,,,,,,,,,,,,,,,,,,,,,,,,,,,,,,,,,,,,,,,,,,,,,,,,,,,,,,,,,,,,,,,,,,,,,,,,,,,,,,,,,,,,,,,,,,,,,,,,,,,,,,,,,,,,,,,,,,,,,,,,,,,,,,,,,,,,,,,,,,,,,,,,,,,,,,,
4/15/24 8:38,4/15/24 9:02,IP Address,*******,100,1450,TRUE,4/15/24 9:02,,*******,*******,*******,*******,*******,*******,anonymous,EN,0.8999999761581421,Yes,,,,English,,,"44: Steam,45: room","26: stunning,27: views,,93: making,94: it,95: an,96: ideal,97: choice,98: for,99: business,100: travelers.",No,No,"Libya
The hotel also has a range of dining options.",,Yes,"5
Egypt
Pets allowed","4
Libya
Unfortunately, the hotel is not pet-friendly.",,,Yes,"the hotel is pet-friendly!
Unfortunately, the hotel is not pet-friendly.",,,,No,,No,,No,,Yes,,,,,5,,,,No,,Yes,Yes,,,,,,,,7,,,,,,,,,,,,,,,,,,,,,,,,,,,,,,,,,,,,,,,,,,,,,,,,,,,,,,,,,,,,,,,,,,,,,,,,,,,,,,,,,,,,,,,,,,,,,,,,,,,,,,,,,,,,,,,,,,,,,,,,,,,,,,,,,,,,,,,,,,,,,,,,,,,,,,,,,,,,,,,,,,,,,,,,,,,,,,,,,,,,,,,,,,,,,,,,,,,,,,,,,,,,,,,,,,,,,,,,,,,,,,,,,,,,,,,,,,,,,,,,,,,,,,,,,,,,,,,,,,,,,,,,,,,,,,,,,,,,,,,,,,,,,,,,,,,,,,,,,,,,,,,,,,,,,,,,,,,,,,,,,,,,,,,,,,,,,,,,,,,,,,,,,,,,,,,,,,,,,,,,,,,,,,,,,,,,,,,,,,,,,,,,,,,,
4/15/24 8:29,4/15/24 9:03,IP Address,*******,100,2031,TRUE,4/15/24 9:03,,*******,*******,*******,*******,*******,*******,anonymous,EN,0.699999988,Yes,,,,English,,,,,No,No,"the heart of Sharm el-Sheikh, Libya. 
Many of the rooms offer stunning views","Libya
The hotel also has a range of dining options.",Yes,"5
Egypt
Pets allowed","4
Libya
Unfortunately, the hotel is not pet-friendly","5
Egypt
Pets allowed","4
Libya
Unfortunately, the hotel is not pet-friendly.",Yes,"The hotel is pet-friendly!
Unfortunately, the hotel is not pet-friendly.

","the hotel is pet-friendly!
Unfortunately, the hotel is not pet-friendly.",,,No,,No,,No,,Yes,,,,,7,no,,,Yes,"hotel safe
hotel safe, swimming pool",,,,,,,,,,6,no,,,,,,,,,,,,,,,,,,,,,,,,,,,,,,,,,,,,,,,,,,,,,,,,,,,,,,,,,,,,,,,,,,,,,,,,,,,,,,,,,,,,,,,,,,,,,,,,,,,,,,,,,,,,,,,,,,,,,,,,,,,,,,,,,,,,,,,,,,,,,,,,,,,,,,,,,,,,,,,,,,,,,,,,,,,,,,,,,,,,,,,,,,,,,,,,,,,,,,,,,,,,,,,,,,,,,,,,,,,,,,,,,,,,,,,,,,,,,,,,,,,,,,,,,,,,,,,,,,,,,,,,,,,,,,,,,,,,,,,,,,,,,,,,,,,,,,,,,,,,,,,,,,,,,,,,,,,,,,,,,,,,,,,,,,,,,,,,,,,,,,,,,,,,,,,,,,,,,,,,,,,,,,,,,,,,,,,,,,,,,,,,,,,
4/15/24 9:00,4/15/24 9:03,IP Address,*******,100,162,TRUE,4/15/24 9:03,,*******,*******,*******,*******,*******,*******,anonymous,EN,0.699999988,Yes,,,,English,,,,,Yes,No,dfr,"Libya
The hotel also has a range of dining options.",No,,,"5
Egypt
Pets allowed","4
Libya
Unfortunately, the hotel is not pet-friendly.",Yes,d,"the hotel is pet-friendly!
Unfortunately, the hotel is not pet-friendly.",,,Yes,dewew,,,,,,,,,,4,,,"7: alluring,20: swimming,21: pool.",No,,No,,Yes,swimming pool,,Yes,,,,4,,,,,,,,,,,,,,,,,,,,,,,,,,,,,,,,,,,,,,,,,,,,,,,,,,,,,,,,,,,,,,,,,,,,,,,,,,,,,,,,,,,,,,,,,,,,,,,,,,,,,,,,,,,,,,,,,,,,,,,,,,,,,,,,,,,,,,,,,,,,,,,,,,,,,,,,,,,,,,,,,,,,,,,,,,,,,,,,,,,,,,,,,,,,,,,,,,,,,,,,,,,,,,,,,,,,,,,,,,,,,,,,,,,,,,,,,,,,,,,,,,,,,,,,,,,,,,,,,,,,,,,,,,,,,,,,,,,,,,,,,,,,,,,,,,,,,,,,,,,,,,,,,,,,,,,,,,,,,,,,,,,,,,,,,,,,,,,,,,,,,,,,,,,,,,,,,,,,,,,,,,,,,,,,,,,,,,,,,,,,,,,,,,,,
4/15/24 8:31,4/15/24 9:03,IP Address,*******,100,1911,TRUE,4/15/24 9:03,,*******,*******,*******,*******,*******,*******,anonymous,EN,0.800000012,Yes,,,,English,,,"43: Wellness:,44: Steam,45: room","13: located,14: in,15: the,16: heart,17: of,21: Many,22: of,23: the,24: rooms,25: offer,26: stunning,27: views,,39: The,40: hotel,41: also,42: has,43: a,44: range,45: of,46: dining,47: options.",No,No,"Sharm el-Sheikh, Libya.
","Libya
The hotel also has a range of dining options.",Yes,"5
Egypt
Pets allowed","4
Libya
Unfortunately, the hotel is not pet-friendly.",,,Yes,"And if you are traveling with pets, the hotel is pet-friendly!
Unfortunately, the hotel is not pet-friendly.",,,"4: alluring,14: haven,18: Indulge,19: in,20: a,21: luxurious,25: pulsating,35: cozy,36: rooms,59: invigorating",No,,No,,No,,Yes,,,,,4,,,,No,,Yes,No,,,,,,,,6,,,,,,,,,,,,,,,,,,,,,,,,,,,,,,,,,,,,,,,,,,,,,,,,,,,,,,,,,,,,,,,,,,,,,,,,,,,,,,,,,,,,,,,,,,,,,,,,,,,,,,,,,,,,,,,,,,,,,,,,,,,,,,,,,,,,,,,,,,,,,,,,,,,,,,,,,,,,,,,,,,,,,,,,,,,,,,,,,,,,,,,,,,,,,,,,,,,,,,,,,,,,,,,,,,,,,,,,,,,,,,,,,,,,,,,,,,,,,,,,,,,,,,,,,,,,,,,,,,,,,,,,,,,,,,,,,,,,,,,,,,,,,,,,,,,,,,,,,,,,,,,,,,,,,,,,,,,,,,,,,,,,,,,,,,,,,,,,,,,,,,,,,,,,,,,,,,,,,,,,,,,,,,,,,,,,,,,,,,,,,,,,,,,,
4/15/24 8:22,4/15/24 9:04,IP Address,*******,100,2564,TRUE,4/15/24 9:04,,*******,*******,*******,*******,*******,*******,anonymous,EN,0.8999999761581421,Yes,,,,English,,,"19: Hotel,20: facilities:","21: Many,22: of,23: the,24: rooms,25: offer,26: stunning,27: views,,39: The,40: hotel,41: also,42: has,43: a,44: range,45: of,46: dining,47: options.",No,No,Libya. The hotel also has a range of dining options.,"Libya
The hotel also has a range of dining options.",Yes,"5
Egypt
Pets allowed
Luggage storage
Steam room","4
Libya
Not pet friendly
Luggage storage for before and after check in
No mention of steam room","5
Egypt
Pets allowed","4
Libya
Unfortunately, the hotel is not pet-friendly.",Yes,"Unfortunately, the hotel is not pet-friendly.","the hotel is pet-friendly!
Unfortunately, the hotel is not pet-friendly.",,"4: alluring,14: haven,18: Indulge,19: in,20: a,21: luxurious,22: stay,23: with,24: a,25: pulsating,35: cozy,59: invigorating",No,,Yes,Yes,,,,,,,,4,No,,"20: swimming,21: pool.",No,,No,,Yes,Swimming pool,,Yes,,,,3,no,,,,,,,,,,,,,,,,,,,,,,,,,,,,,,,,,,,,,,,,,,,,,,,,,,,,,,,,,,,,,,,,,,,,,,,,,,,,,,,,,,,,,,,,,,,,,,,,,,,,,,,,,,,,,,,,,,,,,,,,,,,,,,,,,,,,,,,,,,,,,,,,,,,,,,,,,,,,,,,,,,,,,,,,,,,,,,,,,,,,,,,,,,,,,,,,,,,,,,,,,,,,,,,,,,,,,,,,,,,,,,,,,,,,,,,,,,,,,,,,,,,,,,,,,,,,,,,,,,,,,,,,,,,,,,,,,,,,,,,,,,,,,,,,,,,,,,,,,,,,,,,,,,,,,,,,,,,,,,,,,,,,,,,,,,,,,,,,,,,,,,,,,,,,,,,,,,,,,,,,,,,,,,,,,,,,,,,,,,,,,,,,,,,
4/15/24 8:33,4/15/24 9:06,IP Address,*******,100,1983,TRUE,4/15/24 9:06,,*******,*******,*******,*******,*******,*******,anonymous,EN,0.800000012,Yes,,,,English,,,,"39: The,40: hotel,41: also,42: has,43: a,44: range,45: of,46: dining,47: options.",No,No,"Libya
Many of the rooms offer stunning views
The hotel also has a range of dining options.","Libya
The hotel also has a range of dining options.",Yes,"5
Egypt
Pets allowed","4
Libya
Unfortunately, the hotel is not pet-friendly.",,,Yes,"Unfortunately, the hotel is not pet-friendly.
","the hotel is pet-friendly!
Unfortunately, the hotel is not pet-friendly.",,,No,,Yes,Yes,,,,,,,,6,,,"20: swimming,21: pool.",Yes,swimming pool,,,,,,,,,,4,,,,,,,,,,,,,,,,,,,,,,,,,,,,,,,,,,,,,,,,,,,,,,,,,,,,,,,,,,,,,,,,,,,,,,,,,,,,,,,,,,,,,,,,,,,,,,,,,,,,,,,,,,,,,,,,,,,,,,,,,,,,,,,,,,,,,,,,,,,,,,,,,,,,,,,,,,,,,,,,,,,,,,,,,,,,,,,,,,,,,,,,,,,,,,,,,,,,,,,,,,,,,,,,,,,,,,,,,,,,,,,,,,,,,,,,,,,,,,,,,,,,,,,,,,,,,,,,,,,,,,,,,,,,,,,,,,,,,,,,,,,,,,,,,,,,,,,,,,,,,,,,,,,,,,,,,,,,,,,,,,,,,,,,,,,,,,,,,,,,,,,,,,,,,,,,,,,,,,,,,,,,,,,,,,,,,,,,,,,,,,,,,,,,
4/15/24 8:52,4/15/24 9:08,IP Address,*******,100,945,TRUE,4/15/24 9:08,,*******,*******,*******,*******,*******,*******,anonymous,EN,0.8999999761581421,Yes,,,,English,,,"44: Steam,45: room","46: dining,47: options.",No,No,Libya,"Libya
The hotel also has a range of dining options.",Yes,4,4,"5
Egypt
Pets allowed","4
Libya
Unfortunately, the hotel is not pet-friendly.",Yes,"the hotel is pet-friendly!
Unfortunately, the hotel is not pet-friendly.",,,,No,,Yes,Yes,,,,,,,,5,,,"20: swimming,21: pool.",Yes,swimming pool,,,,,,,,,,5,,,,,,,,,,,,,,,,,,,,,,,,,,,,,,,,,,,,,,,,,,,,,,,,,,,,,,,,,,,,,,,,,,,,,,,,,,,,,,,,,,,,,,,,,,,,,,,,,,,,,,,,,,,,,,,,,,,,,,,,,,,,,,,,,,,,,,,,,,,,,,,,,,,,,,,,,,,,,,,,,,,,,,,,,,,,,,,,,,,,,,,,,,,,,,,,,,,,,,,,,,,,,,,,,,,,,,,,,,,,,,,,,,,,,,,,,,,,,,,,,,,,,,,,,,,,,,,,,,,,,,,,,,,,,,,,,,,,,,,,,,,,,,,,,,,,,,,,,,,,,,,,,,,,,,,,,,,,,,,,,,,,,,,,,,,,,,,,,,,,,,,,,,,,,,,,,,,,,,,,,,,,,,,,,,,,,,,,,,,,,,,,,,,,
4/15/24 8:44,4/15/24 9:08,IP Address,*******,100,1460,TRUE,4/15/24 9:08,,*******,*******,*******,*******,*******,*******,anonymous,EN,0.8999999761581421,Yes,,,,English,,,"43: Wellness:,44: Steam,45: room","10: luxurious,16: heart,17: of,26: stunning,27: views,,46: dining",No,No,"the heart of
Libya","Libya
The hotel also has a range of dining options.",Yes,5,4,"5
Egypt
Pets allowed","4
Libya
Unfortunately, the hotel is not pet-friendly.",Yes,"And if you are traveling with pets, the hotel is pet-friendly!
Unfortunately, the hotel is not pet-friendly.",,,,No,,Yes,Yes,,,,,,,,7,,,,No,,Yes,Yes,,,,,,,,7,,,,,,,,,,,,,,,,,,,,,,,,,,,,,,,,,,,,,,,,,,,,,,,,,,,,,,,,,,,,,,,,,,,,,,,,,,,,,,,,,,,,,,,,,,,,,,,,,,,,,,,,,,,,,,,,,,,,,,,,,,,,,,,,,,,,,,,,,,,,,,,,,,,,,,,,,,,,,,,,,,,,,,,,,,,,,,,,,,,,,,,,,,,,,,,,,,,,,,,,,,,,,,,,,,,,,,,,,,,,,,,,,,,,,,,,,,,,,,,,,,,,,,,,,,,,,,,,,,,,,,,,,,,,,,,,,,,,,,,,,,,,,,,,,,,,,,,,,,,,,,,,,,,,,,,,,,,,,,,,,,,,,,,,,,,,,,,,,,,,,,,,,,,,,,,,,,,,,,,,,,,,,,,,,,,,,,,,,,,,,,,,,,,,
4/15/24 8:27,4/15/24 9:08,IP Address,*******,100,2461,TRUE,4/15/24 9:08,,*******,*******,*******,*******,*******,*******,anonymous,EN,0.8999999761581421,Yes,,,,English,,,"43: Wellness:,44: Steam,45: room","10: luxurious,13: located,14: in,15: the,16: heart,17: of,21: Many,22: of,23: the,24: rooms,25: offer,26: stunning,27: views,,39: The,40: hotel,41: also,42: has,43: a,44: range,45: of,46: dining,47: options.,48: For,49: those,50: who,51: like,52: to,53: stay,54: active,,93: making,94: it,95: an,96: ideal,97: choice,98: for,99: business,100: travelers.,106: available,107: for,108: those,109: who,110: need,111: to,112: store,113: their,114: bags,115: before,116: or,117: after,118: check-in.,139: pet-friendly!",No,No,"Libya
The hotel also has a range of dining options.",,Yes,"5
Egypt
Pets allowed","4
Libya
Unfortunately, the hotel is not pet-friendly.",,,Yes,"And if you are traveling with pets, the hotel is pet-friendly!
Unfortunately, the hotel is not pet-friendly.",,,"14: haven,21: luxurious,22: stay,25: pulsating,31: enhanced,32: safety.,33: Unwind,34: in,35: cozy,36: rooms,37: boasting,45: while,46: kids,47: relish,48: organized,49: activities,,56: Pamper,57: yourself,58: with,59: invigorating,60: body,61: treatments",No,,No,,No,,Yes,,,,,5,"Appears factually correct, has many subjective descriptions in the output ",,"7: alluring,20: swimming,21: pool.",Yes,swimming pool.,,,,,,,,,,2,"The output has included something major that was not included in the input, a swimming pool. Therefore I don't trust the output.",,,,,,,,,,,,,,,,,,,,,,,,,,,,,,,,,,,,,,,,,,,,,,,,,,,,,,,,,,,,,,,,,,,,,,,,,,,,,,,,,,,,,,,,,,,,,,,,,,,,,,,,,,,,,,,,,,,,,,,,,,,,,,,,,,,,,,,,,,,,,,,,,,,,,,,,,,,,,,,,,,,,,,,,,,,,,,,,,,,,,,,,,,,,,,,,,,,,,,,,,,,,,,,,,,,,,,,,,,,,,,,,,,,,,,,,,,,,,,,,,,,,,,,,,,,,,,,,,,,,,,,,,,,,,,,,,,,,,,,,,,,,,,,,,,,,,,,,,,,,,,,,,,,,,,,,,,,,,,,,,,,,,,,,,,,,,,,,,,,,,,,,,,,,,,,,,,,,,,,,,,,,,,,,,,,,,,,,,,,,,,,,,,,
4/15/24 8:33,4/15/24 9:11,IP Address,*******,100,2246,TRUE,4/15/24 9:11,,*******,*******,*******,*******,*******,*******,anonymous,EN,0.8999999761581421,Yes,,,,English,,,"44: Steam,45: room","1: The,10: luxurious,14: in,15: the,16: heart,17: of,21: Many,22: of,23: the,24: rooms,25: offer,26: stunning,27: views,,39: The,40: hotel,41: also,42: has,43: a,44: range,45: of,46: dining,47: options.,93: making,94: it,95: an,96: ideal,97: choice,98: for,99: business,100: travelers.,107: for,108: those,109: who,110: need,111: to,112: store,113: their,114: bags,115: before,116: or,117: after,118: check-in.",No,No,"Libya
The hotel also has a range of dining options.",,Yes,"5
Egypt
Pets allowed","4
Libya
Unfortunately, the hotel is not pet-friendly.",,,Yes,"And if you are traveling with pets, the hotel is pet-friendly!
Unfortunately, the hotel is not pet-friendly.",,,"4: alluring,14: haven,21: luxurious,25: pulsating,30: for,31: enhanced,32: safety.,35: cozy,59: invigorating,62: in,63: the,64: wellness,65: center.",No,,No,,No,,Yes,,,,,6,,,"7: alluring,20: swimming,21: pool.",No,,No,,Yes,swimming pool.,,Yes,,,,5,,,,,,,,,,,,,,,,,,,,,,,,,,,,,,,,,,,,,,,,,,,,,,,,,,,,,,,,,,,,,,,,,,,,,,,,,,,,,,,,,,,,,,,,,,,,,,,,,,,,,,,,,,,,,,,,,,,,,,,,,,,,,,,,,,,,,,,,,,,,,,,,,,,,,,,,,,,,,,,,,,,,,,,,,,,,,,,,,,,,,,,,,,,,,,,,,,,,,,,,,,,,,,,,,,,,,,,,,,,,,,,,,,,,,,,,,,,,,,,,,,,,,,,,,,,,,,,,,,,,,,,,,,,,,,,,,,,,,,,,,,,,,,,,,,,,,,,,,,,,,,,,,,,,,,,,,,,,,,,,,,,,,,,,,,,,,,,,,,,,,,,,,,,,,,,,,,,,,,,,,,,,,,,,,,,,,,,,,,,,,,,,,,,,
4/15/24 8:31,4/15/24 9:12,IP Address,*******,100,2433,TRUE,4/15/24 9:12,,*******,*******,*******,*******,*******,*******,anonymous,EN,0.699999988,Yes,,,,English,,,,"14: in,15: the,16: heart,17: of,21: Many,22: of,23: the,24: rooms,25: offer,26: stunning,27: views,,39: The,40: hotel,41: also,42: has,43: a,44: range,45: of,46: dining,47: options.,48: For,49: those,50: who,51: like,52: to,53: stay,54: active,,59: range,60: of,61: sport,62: facilities,,70: If,71: you,72: are,73: traveling,74: with,75: children,,87: has,88: a,89: range,90: of,107: for,108: those,109: who,110: need,111: to,112: store,113: their,114: bags,115: before,116: or,117: after,118: check-in.,119: For,120: those,121: with,122: accessibility,123: needs,,133: traveling,134: with,135: pets,",No,No,"Libya
The hotel also has a range of dining options.",,Yes,"5
Egypt
Pets allowed","4
Libya
Unfortunately, the hotel is not pet-friendly.",,,Yes,"the hotel is pet-friendly!
Unfortunately, the hotel is not pet-friendly.",,,"1: Escape,2: to,3: the,4: alluring,18: Indulge,19: in,20: a,21: luxurious,22: stay,33: Unwind,34: in,35: cozy,36: rooms,40: Stay,41: active,56: Pamper,57: yourself,58: with,59: invigorating,64: wellness,65: center.",No,,No,,No,,Yes,,,,,6,There is divergent information in the output that isn't factually wrong.,,"6: an,7: alluring,20: swimming,21: pool.",No,,No,,Yes,swimming pool,,Yes,,,,2,"Output has factually wrong information, the swimming pool.",,,,,,,,,,,,,,,,,,,,,,,,,,,,,,,,,,,,,,,,,,,,,,,,,,,,,,,,,,,,,,,,,,,,,,,,,,,,,,,,,,,,,,,,,,,,,,,,,,,,,,,,,,,,,,,,,,,,,,,,,,,,,,,,,,,,,,,,,,,,,,,,,,,,,,,,,,,,,,,,,,,,,,,,,,,,,,,,,,,,,,,,,,,,,,,,,,,,,,,,,,,,,,,,,,,,,,,,,,,,,,,,,,,,,,,,,,,,,,,,,,,,,,,,,,,,,,,,,,,,,,,,,,,,,,,,,,,,,,,,,,,,,,,,,,,,,,,,,,,,,,,,,,,,,,,,,,,,,,,,,,,,,,,,,,,,,,,,,,,,,,,,,,,,,,,,,,,,,,,,,,,,,,,,,,,,,,,,,,,,,,,,,,,
4/15/24 8:34,4/15/24 9:12,IP Address,*******,100,2310,TRUE,4/15/24 9:12,,*******,*******,*******,*******,*******,*******,anonymous,EN,0.699999988,Yes,,,,English,,,,"10: luxurious,15: the,16: heart,17: of,25: offer,26: stunning,27: views,,28: and,29: some,30: even,39: The,40: hotel,41: also,42: has,43: a,44: range,45: of,46: dining,47: options.,58: a,59: range,60: of,61: sport,62: facilities,,93: making,94: it,95: an,96: ideal,97: choice,98: for,99: business,100: travelers.,119: For,120: those,121: with,122: accessibility,123: needs,,129: And,130: if,131: you,132: are,133: traveling,134: with,135: pets,",No,No,"Libya
The hotel also has a range of dining options.",,Yes,"5
Egypt
Pets allowed","4
Libya
Unfortunately, the hotel is not pet-friendly.",,,Yes,"And if you are traveling with pets, the hotel is pet-friendly!
Unfortunately, the hotel is not pet-friendly.",,,"14: haven,21: luxurious,22: stay,23: with,24: a,25: pulsating,35: cozy,36: rooms",No,,No,,No,,Yes,,,,,6,No,,"7: alluring,20: swimming,21: pool.",No,,No,,Yes,swimming pool,,Yes,,,,5,No,,,,,,,,,,,,,,,,,,,,,,,,,,,,,,,,,,,,,,,,,,,,,,,,,,,,,,,,,,,,,,,,,,,,,,,,,,,,,,,,,,,,,,,,,,,,,,,,,,,,,,,,,,,,,,,,,,,,,,,,,,,,,,,,,,,,,,,,,,,,,,,,,,,,,,,,,,,,,,,,,,,,,,,,,,,,,,,,,,,,,,,,,,,,,,,,,,,,,,,,,,,,,,,,,,,,,,,,,,,,,,,,,,,,,,,,,,,,,,,,,,,,,,,,,,,,,,,,,,,,,,,,,,,,,,,,,,,,,,,,,,,,,,,,,,,,,,,,,,,,,,,,,,,,,,,,,,,,,,,,,,,,,,,,,,,,,,,,,,,,,,,,,,,,,,,,,,,,,,,,,,,,,,,,,,,,,,,,,,,,,,,,,,,
4/15/24 8:34,4/15/24 9:15,IP Address,*******,100,2463,TRUE,4/15/24 9:15,,*******,*******,*******,*******,*******,*******,anonymous,EN,0.8999999761581421,Yes,,,,English,,,,"10: luxurious,15: the,16: heart,17: of,25: offer,26: stunning,27: views,,28: and,29: some,30: even,39: The,40: hotel,41: also,42: has,43: a,44: range,45: of,46: dining,47: options.,93: making,94: it,95: an,96: ideal,97: choice,98: for,99: business,100: travelers.",No,No,"Libya.
The hotel also has a range of dining options.
","Libya
The hotel also has a range of dining options.",Yes,"5
Egypt
Pets allowed","4
Libya
Unfortunately, the hotel is not pet-friendly
","5
Egypt
Pets allowed","4
Libya
Unfortunately, the hotel is not pet-friendly.",Yes,"And if you are traveling with pets, the hotel is pet-friendly!
Unfortunately, the hotel is not pet-friendly.",,,"1: Escape,2: to,3: the,4: alluring,14: haven,15: in,18: Indulge,19: in,20: a,21: luxurious,22: stay,23: with,24: a,25: pulsating,30: for,31: enhanced,32: safety.,33: Unwind,34: in,35: cozy,36: rooms,37: boasting,47: relish,56: Pamper,57: yourself,58: with,59: invigorating,62: in,63: the,64: wellness,65: center.,66: The,67: resort,68: ensures,69: accessibility,70: for,71: all,72: with",No,,No,,No,,Yes,,,,,6,The output contains additional subjective content written in a more persuasive style than the input. ,,"5: is,6: an,7: alluring,20: swimming,21: pool.",No,,No,,Yes, swimming pool,,Yes,,,,4,"The output is quite succinct but does subjectively describe the hotel as ""alluring"" and also misleads by stating that the hotel has a pool when there isn't a pool mentioned in the input text. ",,,,,,,,,,,,,,,,,,,,,,,,,,,,,,,,,,,,,,,,,,,,,,,,,,,,,,,,,,,,,,,,,,,,,,,,,,,,,,,,,,,,,,,,,,,,,,,,,,,,,,,,,,,,,,,,,,,,,,,,,,,,,,,,,,,,,,,,,,,,,,,,,,,,,,,,,,,,,,,,,,,,,,,,,,,,,,,,,,,,,,,,,,,,,,,,,,,,,,,,,,,,,,,,,,,,,,,,,,,,,,,,,,,,,,,,,,,,,,,,,,,,,,,,,,,,,,,,,,,,,,,,,,,,,,,,,,,,,,,,,,,,,,,,,,,,,,,,,,,,,,,,,,,,,,,,,,,,,,,,,,,,,,,,,,,,,,,,,,,,,,,,,,,,,,,,,,,,,,,,,,,,,,,,,,,,,,,,,,,,,,,,,,,
4/15/24 8:40,4/15/24 9:20,IP Address,*******,100,2352,TRUE,4/15/24 9:20,,*******,*******,*******,*******,*******,*******,anonymous,EN,0.8999999761581421,Yes,,,,English,,,"43: Wellness:,44: Steam,45: room","26: stunning,27: views,,39: The,40: hotel,41: also,42: has,43: a,44: range,45: of,46: dining,47: options.",No,No,"Libya
","Libya
The hotel also has a range of dining options.",Yes,"5
Egypt
Pets allowed","4
Libya
Unfortunately, the hotel is not pet-friendly.",,,Yes,"And if you are traveling with pets, the hotel is pet-friendly!
Unfortunately, the hotel is not pet-friendly.",,,"1: Escape,2: to,3: the,4: alluring,14: haven,18: Indulge,19: in,20: a,21: luxurious,22: stay,23: with,24: a,25: pulsating,31: enhanced,32: safety.,33: Unwind,34: in,35: cozy,36: rooms,64: wellness,65: center.,66: The,67: resort,68: ensures,69: accessibility,70: for,71: all,72: with",No,,No,,No,,Yes,,,,,2,There might not be a wellness center,,"7: alluring,20: swimming,21: pool.",No,,No,,Yes,swimming pool.,,Yes,,,,2,A swimming pool is not mentioned in the Input and that would be a big thing to get wrong.,,,,,,,,,,,,,,,,,,,,,,,,,,,,,,,,,,,,,,,,,,,,,,,,,,,,,,,,,,,,,,,,,,,,,,,,,,,,,,,,,,,,,,,,,,,,,,,,,,,,,,,,,,,,,,,,,,,,,,,,,,,,,,,,,,,,,,,,,,,,,,,,,,,,,,,,,,,,,,,,,,,,,,,,,,,,,,,,,,,,,,,,,,,,,,,,,,,,,,,,,,,,,,,,,,,,,,,,,,,,,,,,,,,,,,,,,,,,,,,,,,,,,,,,,,,,,,,,,,,,,,,,,,,,,,,,,,,,,,,,,,,,,,,,,,,,,,,,,,,,,,,,,,,,,,,,,,,,,,,,,,,,,,,,,,,,,,,,,,,,,,,,,,,,,,,,,,,,,,,,,,,,,,,,,,,,,,,,,,,,,,,,,,,
4/15/24 8:29,4/15/24 9:25,IP Address,*******,100,3312,TRUE,4/15/24 9:25,,*******,*******,*******,*******,*******,*******,anonymous,EN,0.800000012,Yes,,,,English,,,"43: Wellness:,44: Steam,45: room","10: luxurious,21: Many,22: of,23: the,24: rooms,25: offer,26: stunning,27: views,,39: The,40: hotel,41: also,42: has,43: a,44: range,45: of,46: dining,47: options.,93: making,94: it,95: an,96: ideal,97: choice,98: for,99: business,100: travelers.,107: for,108: those,109: who,110: need,111: to,112: store,113: their,114: bags,115: before,116: or,117: after,118: check-in.",No,No,Libya,"Libya
The hotel also has a range of dining options.",Yes,"5
Egypt
Pets allowed","4
Libya
Unfortunately, the hotel is not pet-friendly.",,,Yes,"And if you are traveling with pets, the hotel is pet-friendly!
Unfortunately, the hotel is not pet-friendly.",,,"4: alluring,14: haven,21: luxurious,22: stay,25: pulsating,30: for,31: enhanced,32: safety.,35: cozy,36: rooms,59: invigorating,62: in,63: the,64: wellness,65: center.",No,,No,,No,,Yes,,,,,7,"Output does not appear to contain factually incorrect information, only subjective opinions and information that can be inferred from Input to hold in most cases.",,"7: alluring,20: swimming,21: pool.",No,,No,,Yes,swimming pool,,Yes,,,,3,,,,,,,,,,,,,,,,,,,,,,,,,,,,,,,,,,,,,,,,,,,,,,,,,,,,,,,,,,,,,,,,,,,,,,,,,,,,,,,,,,,,,,,,,,,,,,,,,,,,,,,,,,,,,,,,,,,,,,,,,,,,,,,,,,,,,,,,,,,,,,,,,,,,,,,,,,,,,,,,,,,,,,,,,,,,,,,,,,,,,,,,,,,,,,,,,,,,,,,,,,,,,,,,,,,,,,,,,,,,,,,,,,,,,,,,,,,,,,,,,,,,,,,,,,,,,,,,,,,,,,,,,,,,,,,,,,,,,,,,,,,,,,,,,,,,,,,,,,,,,,,,,,,,,,,,,,,,,,,,,,,,,,,,,,,,,,,,,,,,,,,,,,,,,,,,,,,,,,,,,,,,,,,,,,,,,,,,,,,,,,,,,,,,
4/15/24 8:30,4/15/24 9:30,IP Address,*******,100,3578,TRUE,4/15/24 9:30,,*******,*******,*******,*******,*******,*******,anonymous,EN,0.8999999761581421,Yes,,,,English,,,"44: Steam,45: room","10: luxurious,32: balconies,33: that,34: can,35: be,36: requested,37: upon,38: inquiry.,65: tennis,66: court,67: and,68: table,69: tennis.,79: organized,80: activities,81: for,82: kids.,91: conference,92: rooms,,104: luggage,105: storage,127: accessible,128: parking.,139: pet-friendly!",No,Yes,"
Libya
The hotel also has a range of dining options","Libya
The hotel also has a range of dining options.",Yes,"5
Egypt
Wellness steam room
Pet friendly","4
Libya
Not pet friendly","5
Egypt
Pets allowed","4
Libya
Unfortunately, the hotel is not pet-friendly.",Yes,"Unfortunately, the hotel is not pet-friendly.","the hotel is pet-friendly!
Unfortunately, the hotel is not pet-friendly.",,,No,,Yes,Yes,,,,,,,,3,none,,"20: swimming,21: pool.",No,,No,,Yes,Swimming Pool,,No,No,,,2,None,,,,,,,,,,,,,,,,,,,,,,,,,,,,,,,,,,,,,,,,,,,,,,,,,,,,,,,,,,,,,,,,,,,,,,,,,,,,,,,,,,,,,,,,,,,,,,,,,,,,,,,,,,,,,,,,,,,,,,,,,,,,,,,,,,,,,,,,,,,,,,,,,,,,,,,,,,,,,,,,,,,,,,,,,,,,,,,,,,,,,,,,,,,,,,,,,,,,,,,,,,,,,,,,,,,,,,,,,,,,,,,,,,,,,,,,,,,,,,,,,,,,,,,,,,,,,,,,,,,,,,,,,,,,,,,,,,,,,,,,,,,,,,,,,,,,,,,,,,,,,,,,,,,,,,,,,,,,,,,,,,,,,,,,,,,,,,,,,,,,,,,,,,,,,,,,,,,,,,,,,,,,,,,,,,,,,,,,,,,,,,,,,,,
4/15/24 10:31,4/15/24 11:06,IP Address,*******,100,2055,TRUE,4/15/24 11:06,,*******,*******,*******,*******,*******,*******,anonymous,EN,0.800000012,Yes,,,,English,,,"44: Steam,45: room","10: luxurious,14: in,15: the,16: heart,17: of,21: Many,22: of,23: the,24: rooms,25: offer,26: stunning,27: views,,39: The,40: hotel,41: also,42: has,43: a,44: range,45: of,46: dining,47: options.,48: For,49: those,50: who,51: like,52: to,53: stay,54: active,,107: for,108: those,109: who,110: need,111: to,112: store,113: their,114: bags,115: before,116: or,117: after,118: check-in.",No,No,"Libya
The hotel also has a range of dining options.",,Yes,"5
Egypt
Pets allowed","4
Libya
Unfortunately, the hotel is not pet-friendly.",,,Yes,"And if you are traveling with pets, the hotel is pet-friendly!
Unfortunately, the hotel is not pet-friendly.",,,"4: alluring,14: haven,21: luxurious,25: pulsating,31: enhanced,32: safety.,35: cozy,59: invigorating,69: accessibility,70: for,71: all,72: with",No,,No,,No,,Yes,,,,,5,,,"7: alluring,20: swimming,21: pool.",No,,No,,Yes,swimming pool,,Yes,,,,2,,,,,,,,,,,,,,,,,,,,,,,,,,,,,,,,,,,,,,,,,,,,,,,,,,,,,,,,,,,,,,,,,,,,,,,,,,,,,,,,,,,,,,,,,,,,,,,,,,,,,,,,,,,,,,,,,,,,,,,,,,,,,,,,,,,,,,,,,,,,,,,,,,,,,,,,,,,,,,,,,,,,,,,,,,,,,,,,,,,,,,,,,,,,,,,,,,,,,,,,,,,,,,,,,,,,,,,,,,,,,,,,,,,,,,,,,,,,,,,,,,,,,,,,,,,,,,,,,,,,,,,,,,,,,,,,,,,,,,,,,,,,,,,,,,,,,,,,,,,,,,"39: Accessible,40: hotel,,41: Wheelchair,42: accessible,","11: welcomes,12: guests,13: with,14: a,15: warm,16: and,17: inviting,18: atmosphere.,23: convenient,26: for,27: your,28: assistance.,29: Enjoy,30: a,31: delicious,33: to,34: start,35: your,36: day,37: and,38: indulge,42: for,43: relaxation,44: and,45: rejuvenation.,46: For,47: entertainment,,48: the,49: hotel,50: boasts,57: Families,58: will,59: appreciate,65: while,66: guests,67: with,68: disabilities,69: can,70: enjoy,71: the,72: accessible,73: amenities,77: comfortable",No,,No,,Yes,while guests with disabilities can enjoy the accessible amenities ,,No,No,,,5,,"49: Accessible,50: hotel","22: This,23: prestigious,24: hotel,25: offers,26: unparalleled,27: hospitality,28: with,29: a,30: range,31: of,32: amenities,33: and,34: services,35: to,36: ensure,37: a,38: memorable,39: stay.,40: Enjoy,41: the,42: convenience,47: stay,48: connected,56: exciting,57: activities,65: relax,70: indulge,75: rejuvenate,79: Families,80: will,81: appreciate,96: hotel,97: facilities,98: cater,99: to,100: all,101: guests',102: needs.",No,,No,,No,,No,,,,,5,,,"7: stunning,13: beautiful,22: exceptional,23: experience,34: perfect,35: for,36: those,37: who,38: want,39: to,40: enjoy,41: a,42: comfortable,43: and,44: relaxing,45: stay,46: while,47: exploring,48: the,49: city.,55: where,56: you,57: can,58: enjoy,59: a,60: drink,61: or,62: two,63: with,64: friends,65: or,66: family.,79: and,80: a,81: flat-screen,82: TV,83: for,84: your,85: entertainment.,94: and,95: other,96: sports,97: activities,98: for,99: guests,100: to,101: enjoy.,102: For,103: families,,134: for,135: guests,136: who,137: want,138: to,139: indulge,140: in,141: some,142: pampering,143: during,144: their,145: stay.,159: making,160: it,161: suitable,162: for,163: guests,164: with,165: disabilities.,166: Overall,,167: the,168: Piscina,169: Rei,170: Resort,171: is,172: a,173: perfect,174: destination,175: for,176: those,177: seeking,178: a,179: luxurious,180: and,181: relaxing,182: stay,183: in,184: Italy.",No,,No,,Yes,and a flat-screen TV for your entertainment.,,Yes,,,,4,,"41: Kids,42: stay,43: for,44: free,,47: Wellness:,48: Body,49: treatments,,50: Hot,51: tub,52: Accessibility:,53: Accessible,54: parking","12: luxurious,18: beautiful,24: This,25: stunning,26: accommodation,27: offers,28: breathtaking,29: views,30: of,31: the,32: Red,33: Sea,34: and,35: provides,36: guests,37: with,38: a,39: wide,40: range,41: of,42: facilities,43: and,44: amenities,45: to,46: ensure,47: a,48: comfortable,49: and,50: enjoyable,51: stay.,52: As,53: a,54: guest,55: of,56: the,57: hotel,,58: you,59: can,60: enjoy,61: access,62: to,63: a,64: private,65: beach,,66: where,67: you,68: can,69: soak,70: up,71: the,72: sun,73: and,74: take,75: a,76: refreshing,77: dip,78: in,79: the,80: crystal-clear,81: waters,82: of,83: the,84: Red,85: Sea.,93: where,94: you,95: can,96: enjoy,97: a,98: refreshing,99: drink,100: or,101: a,102: light,103: snack,104: while,105: taking,106: in,107: the,108: stunning,109: views.,118: so,119: you,120: can,121: stay,122: connected,123: with,124: your,125: loved,126: ones,127: or,128: work,129: while,130: on,131: the,132: go.,143: providing,144: you,145: with,146: all,147: the,148: comforts,149: and,150: conveniences,151: you,152: need,153: for,154: a,155: relaxing,156: stay.,157: If,158: you're,159: looking,160: for,161: adventure,,162: the,163: hotel,164: offers,165: a,166: range,167: of,168: sports,169: activities,,172: so,173: you,174: can,175: explore,176: the,177: underwater,178: world,179: of,180: the,181: Red,182: Sea.",No,,No,,Yes,"you can enjoy access to a private beach
the hotel offers a range of sporting activities",,No,No,,,2,,"22: Hotel,23: facilities:,24: Cashless,25: payment,,26: Car,27: hire,41: Organised,42: activities,43: for,44: kids,,45: Childcare,,54: Accessibility:,55: Wheelchair,56: accessible",,No,,Yes,No,,,,,,,,7,,possibly between 3 and 4 minutes,"35 minutes, not sure",3,dealing with nuance and ambiguity to try and work out whether something is contradictory or factually wrong.,4,4,Yes,The training seemed fine.,5,No.,No.,
4/15/24 10:34,4/15/24 11:07,IP Address,*******,100,2004,TRUE,4/15/24 11:07,,*******,*******,*******,*******,*******,*******,anonymous,EN,0.8999999761581421,Yes,,,,English,,,"44: Steam,45: room","9: a,10: luxurious,21: Many,22: of,23: the,24: rooms,25: offer,26: stunning,27: views,,39: The,40: hotel,41: also,42: has,43: a,44: range,45: of,46: dining,47: options.,93: making,94: it,95: an,96: ideal,97: choice,98: for,99: business,100: travelers.,115: before,116: or,117: after,118: check-in.",No,No,"Libya
The hotel also has a range of dining options.
","Libya
The hotel also has a range of dining options.",Yes,"5
Egypt
Pets allowed","4
Libya
Unfortunately, the hotel is not pet-friendly","5
Egypt
Pets allowed","4
Libya
Unfortunately, the hotel is not pet-friendly.",Yes,"And if you are traveling with pets, the hotel is pet-friendly!
Unfortunately, the hotel is not pet-friendly.
","the hotel is pet-friendly!
Unfortunately, the hotel is not pet-friendly.",,"3: the,4: alluring,20: a,21: luxurious,22: stay",No,,No,,No,,Yes,,,,,5,,,"6: an,7: alluring,20: swimming,21: pool.",No,,No,,Yes,swimming pool,,Yes,,,,5,,,,,,,,,,,,,,,,,,,,,,,,,,,,,,,,,,,,,,,,,,,,,,,,,,,,,,,,,,,,,,,,,,,,,,,,,,,,,,,,,,,,,,,,,,,,,,,,,,,,,,,,,,,,,,,,,,,,,,,,,,,,,,,,,,,,,,,,,,,,,,,,,,,,,,,,,,No,,Yes,Yes,,,,,,,,6,,"47: Accessible,48: bathroom,,49: Accessible,50: hotel","10: luxurious,16: beautiful,17: city,23: This,24: stunning,28: wide,29: range,30: of,31: facilities,32: and,33: amenities,34: to,35: ensure,36: a,37: comfortable,38: and,39: unforgettable,40: stay,41: for,42: all,43: guests.,88: a,89: variety,90: of,91: activities,,97: Guests,98: can,99: explore,100: the,101: beautiful,102: surroundings,103: of,104: Bahía,105: de,106: Banderas,107: while,108: enjoying,109: their,110: favorite,111: sports.,112: The,113: hotel,114: also,115: offers,116: childcare,117: services,,159: Guests,160: can,161: indulge,162: in,163: a,164: variety,165: of,166: treatments,167: and,168: therapies,169: to,170: unwind,171: and,172: recharge.",No,,No,,Yes,"The hotel also offers childcare services,
Guests can indulge in a variety of treatments and therapies to unwind and recharge.
offers a variety of activities,",,No,No,,,4,,"20: Balcony,21: (upon,22: inquiry),24: Volleyball,,25: Surfing,,26: Bike,27: rental,30: Kids,31: stay,32: for,33: free,,46: Accessible,47: bathroom,,48: Wheelchair,49: accessible,,50: Accessible,51: parking",35: free,No,,No,,Yes,free childcare,,No,No,,,4,,"40: Cot,","20: idyllic,21: beach,30: elegant,31: rooms,40: rejuvenating,41: spa",No,,No,,Yes,rejuvenating spa,,No,No,,,5,,"35: Tennis,36: court,","20: This,21: luxurious,22: accommodation,64: tennis,65: courts",No,,No,,Yes,tennis courts,,No,Yes,Tennis court,tennis courts,5,,,,,,,,,,,,,,,,,,,,,,,,,,,,,,,,,,,,,,,,,,,,,,,,,,,,,,,,,,,,,,,,,,,,,,,,,,,,,,,,,,,,,,,,,,,,,,,,,,,,,,,,,,,,,,,,,,,,,,,,,,,,,,,,,,,,,,,,,,,,,,,,,,,,,,,,two minutes,25 minutes,4,Deciding between opinions and facts,5,3,Yes,No,4,No,No!,
4/15/24 10:35,4/15/24 11:34,IP Address,*******,100,3547,TRUE,4/15/24 11:34,,*******,*******,*******,*******,*******,*******,anonymous,EN,0.10000000149011612,Yes,,,,English,,,"43: Wellness:,44: Steam,45: room","10: luxurious,14: in,15: the,16: heart,17: of,21: Many,22: of,23: the,24: rooms,25: offer,26: stunning,27: views,,39: The,40: hotel,41: also,42: has,43: a,44: range,45: of,46: dining,47: options.,93: making,94: it,95: an,96: ideal,97: choice,98: for,99: business,100: travelers.,115: before,116: or,117: after,118: check-in.",No,No,"Libya
The hotel also has a range of dining options.",,Yes,"5
Egypt
Pets allowed","4
Libya
Unfortunately, the hotel is not pet-friendly.",,,Yes,"And if you are traveling with pets, the hotel is pet-friendly!
Unfortunately, the hotel is not pet-friendly.",,,"4: alluring,14: haven,21: luxurious,25: pulsating,30: for,31: enhanced,32: safety.,35: cozy,59: invigorating,64: wellness,65: center.,68: ensures,69: accessibility,70: for,71: all",No,,No,,Yes,"ensure accessibility for all
for enhanced safety",,Yes,,,,6,,,"7: alluring,20: swimming,21: pool.",No,,No,,Yes,swimming pool.,,Yes,,,,5,,,,,,,,,,,,,,,,,,,,,,,,,,,,,,,,,,,,,,,,,,,,,,,,,,,,,,,,,,,,,,,,,,,,,,,,,,,,,,,,,,,,,,,,,,,,,,,,,,,,,,,,,,,,,,,,,,,,,,,,,,,,,,,,,,,,,,,,,,,,,,,,,,,,,,,,,,,,,,,,,,,,,,,,,,,,,,,,,,,,,,,,,,,,,,,,,,,,,,,,,,,,,,,,,,,,,,,,,,,,,,,,,,,,"6: charming,16: comfortable,27: in,28: each,29: room.,34: complimentary,75: relaxing,80: wellness,81: center.,86: accessible,87: for,88: all,89: guests,93: accessible,94: rooms,,98: convenient",No,,No,,Yes,"sitting area in each room.
complimentary breakfast
wellness center
accessible for all guests
accessible rooms,",,Yes,,,,5,,,"11: luxurious,23: world-class,24: accommodations,25: and,26: amenities,,30: perfect,31: place,32: for,33: a,34: relaxing,35: and,36: comfortable,37: stay.,42: range,43: of,44: facilities,78: a,79: range,80: of,81: room,82: amenities,88: you,89: can,90: stay,91: connected,92: throughout,93: your,94: stay.,106: to,107: keep,108: you,109: active,110: and,111: relaxed,112: during,113: your,114: stay.,121: beautiful,122: area,127: stunning,128: views,129: of,130: the,131: surrounding,132: countryside.,141: ideal,142: choice,143: for,144: those,145: with,146: mobility,147: issues.,159: perfect,160: choice,161: for,162: anyone,163: looking,164: for,165: a,166: luxurious,167: and,168: comfortable,169: stay",No,,No,,Yes,"world-class
a range of room amenities
beautiful area
stunning views of the surrounding countryside.",,Yes,,,,4,,,"10: charming,16: beautiful,20: wide,21: range,27: ensure,28: a,29: comfortable,30: and,31: enjoyable,43: guests,44: can,45: enjoy,46: a,47: refreshing,48: drink,49: or,50: a,51: light,52: snack.,65: offering,66: stunning,67: views,68: of,69: the,70: surrounding,71: area.,79: variety,80: of,81: activities,137: fully,138: accessible,,157: excellent,158: choice,159: for,160: travelers,161: seeking,162: a,163: comfortable,164: and,165: enjoyable,166: stay",No,,No,,Yes,"guests can enjoy a refreshing drink or a light snack.
offering stunning views of the surrounding area.
The resort is fully accessible,",,Yes,,,,6,,"25: WiFi,26: in,27: public,28: areas,,37: Diving,41: Kids,42: stay,43: for,44: free,,50: Hot,51: tub,53: Accessible,54: parking","50: fitness,51: centre",No,,No,,Yes,fitness centre,,No,No,,,5,,"18: USA,31: Cosmetic,32: mirror,,46: Kids',47: club,51: Hot,52: stone,53: massage,55: Wheelchair,56: accessible","13: offering,14: tranquility.,27: relaxing,31: rejuvenate,41: while,42: you,43: enjoy,44: organized,45: activities,54: ensure,55: comfort,56: for,57: all.,64: add,65: convenience,,71: provide,72: peace,73: of,74: mind,75: for,76: parents.",No,,No,,Yes,"while you enjoy organized activities
ensure comfort for all",,No,No,,,6,,,,,,,,,,,,,,,,,,,,,,,,,,,,,,,,,,,,,,,,,,,,,,,,,,,,,,,,,,,,,,,,,,,,,,,,,,,,,About 5 minutes,"In the initial survey (there was a bug), the training took about 35mins, and the task has taken maybe a little under 30mins.",4,"Maybe some of the more subtle parts. For example, ""at the centre of"" not being factually incorrect in the instructions, so did this mean that ""a wide range of"" is also not factually incorrect? Sometimes it says there's a wide range of facilities but only one is listed on the input. So it's a divergence, but is it enough to be factually incorrect?",4,5,Yes (it was explained clearly),I mentioned in the previous part about more subtle parts. Maybe a few more example sentences are needed in the instructions.,3,"There's a copy and paste issue with the highlighted parts. I could highlight the words fine, but I couldn't directly copy and paste the highlighted sections and so had to manually type them in the box underneath.",,
4/15/24 11:06,4/15/24 12:04,IP Address,*******,100,3522,TRUE,4/15/24 12:04,,*******,*******,*******,*******,*******,*******,anonymous,EN,0.8999999761581421,Yes,,,,English,,,,"10: luxurious,13: located,14: in,15: the,16: heart,17: of,21: Many,22: of,23: the,24: rooms,25: offer,26: stunning,27: views,,29: some,30: even,31: have,39: The,40: hotel,41: also,42: has,43: a,44: range,45: of,46: dining,47: options.,107: for,108: those,109: who,110: need,111: to,112: store,113: their,114: bags,115: before,116: or,117: after,118: check-in.",No,No,"Libya
The hotel also has a range of dining options.",,Yes,"5
Egypt
Pets allowed","4
Libya
Unfortunately, the hotel is not pet-friendly.",,,Yes,"And if you are traveling with pets, the hotel is pet-friendly!
Unfortunately, the hotel is not pet-friendly.",,18: Hotel,"4: alluring,14: haven,21: luxurious,22: stay,25: pulsating,30: for,31: enhanced,32: safety.,35: cozy,36: rooms,47: relish,66: The,67: resort,68: ensures,69: accessibility,70: for,71: all",No,,No,,Yes,The resort ensures accessibility for all,,No,No,,,4,,,"7: alluring,20: swimming,21: pool.",No,,No,,Yes,swimming pool.,,Yes,,,,6,,,,,,,,,,,,,,,,,,,,,,,,,,,,,,,,,,,,,,,,,,,,,,,,,,,,,,,,,,,,,,,,,,,,,,,,,,,,,"38: Accessibility:,39: Accessible,40: hotel,,41: Wheelchair,42: accessible,,43: Accessible,44: parking","6: charming,10: in,11: the,12: heart,13: of,26: ensure,27: a,28: comfortable,29: and,30: enjoyable,31: stay,32: for,33: all,34: guests.,44: boasts,45: a,46: variety,47: of,48: room,49: amenities,59: providing,60: guests,61: with,62: a,63: comfortable,64: and,65: relaxing,66: space,67: to,68: unwind,69: after,70: a,71: long,72: day,73: of,74: exploring,75: the,76: city.,80: offers,81: a,82: range,83: of,84: hotel,85: facilities,,90: ensuring,91: that,92: guests,93: have,94: access,95: to,96: assistance,97: and,98: support,99: at,100: all,101: times.,107: delicious,109: providing,110: guests,111: with,112: the,113: energy,114: they,115: need,116: to,117: start,118: their,119: day,120: off,121: right.,122: For,123: sports,124: enthusiasts,,135: providing,136: guests,137: with,138: the,139: opportunity,140: to,141: enjoy,142: some,143: leisurely,144: activities,145: during,146: their,147: stay.,159: ensuring,160: that,161: families,162: with,163: young,164: children,165: are,166: well,167: catered,168: for.,169: Guests,170: looking,171: to,172: relax,173: and,174: unwind",No,,No,,Yes,"ensuring that guests have access to assistance and support at all times.
ensuring that families with young children are well catered for.",,No,No,,,4,,"2: Hotel,3: The,4: St,5: Regis,6: Punta,7: Mita,8: Resort,13: Bahía,14: de,15: Banderas,27: Free,28: WiFi,29: (rooms),31: Horse,32: riding,,33: Diving,36: Organised,37: activities,38: for,39: kids,,47: Accessible,48: bathroom,","2: St,3: Regis,4: Punta,5: Mita,6: Resort,12: Baha,13: de,14: Banderas,,31: free,32: Wi-Fi,38: hotel,39: is,40: accessible,41: for,42: the,43: disabled.",No,,No,,Yes,"St Regis Punta Mita Resort
Baha de Banderas,",,No,No,,,3,,"35: Organised,36: activities,37: for,38: kids","3: coastal,4: bliss,8: Resort,,11: retreat,15: This,16: resort,17: offers,18: a,19: tranquil,20: haven,25: rooms,26: may,27: feature,28: balconies,39: Cater,40: to,41: your,42: little,43: ones,50: organized,51: activities.",No,,No,,Yes," 4-star retreat
This resort offers a tranquil haven",,Yes,,,,3,,"25: WiFi,26: in,27: public,28: areas,,37: Diving,41: Kids,42: stay,43: for,44: free,","1: Experience,2: luxury,21: Nestled,22: along,23: the,24: picturesque,25: coastline,,28: offers,29: a,30: range,31: of,32: amenities,37: free,38: WiFi,39: in,40: public,41: areas,,45: Indulge,46: in,47: comfort,57: refreshing,59: Dive,60: into,61: adventure,63: diving,64: excursions,,74: cater,75: to,76: families.,77: Relax,78: and,79: rejuvenate,85: soothing,88: making,89: your,90: stay,91: a,92: memorable,93: blend,94: of,95: leisure,96: and,97: indulgence.",No,,No,,Yes,"free WiFi in public areas
offers a range of amenities
Nestled along the picturesque coastline,
diving excursions,",,No,Yes,"WiFi in public areas,","free WiFi in public areas,",5,,,"46: For,47: sports,48: enthusiasts,,58: Families,59: traveling,60: with,61: children,62: can,63: benefit,64: from,78: For,79: those,80: seeking,81: relaxation,,103: making,104: it,105: suitable,106: for,107: guests,108: with,109: disabilities.",No,,No,,Yes,making it suitable for guests with disabilities.,,Yes,,,,6,,,,,,,,,,,,,,,,,,,,,,,,,,,,,,,,,,,,,,,,,,,,,,,,,,,,,,,,,,,,,,,,,,,,,,,,,,,,,,,,,,,,,,,,,,,,,,,,,,,,,,,,,,,,,,,,,,,,,,,,,,,,,,,,,,,,,,,,,,,,,,,,,,,,,,,,,,,,,,,,,,,,,,,,,,,,,,,,,,,,,,,,,,,,,,,,,,,,,,,,,,,,,,,,,,,,,,,,,,,,,,,,,,,4 minutes,45 minutes,4,Categorizing the different types of divergent information,5,4,Yes,Providing more examples,5,,,
4/15/24 11:27,4/15/24 12:28,IP Address,*******,100,3648,TRUE,4/15/24 12:28,,*******,*******,*******,*******,*******,*******,anonymous,EN,0.8999999761581421,Yes,,,,English,,,"43: Wellness:,44: Steam,45: room","10: luxurious,14: in,15: the,16: heart,17: of,21: Many,22: of,23: the,24: rooms,25: offer,26: stunning,27: views,,39: The,40: hotel,41: also,42: has,43: a,44: range,45: of,46: dining,47: options.,93: making,94: it,95: an,96: ideal,97: choice,98: for,99: business,100: travelers.,107: for,108: those,109: who,110: need,111: to,112: store,113: their,114: bags,115: before,116: or,117: after,118: check-in.",No,No,"Libya
The hotel also has a range of dining options.",,Yes,"5
Egypt
Pets allowed","4
Libya
Unfortunately, the hotel is not pet-friendly.",,,Yes,"And if you are traveling with pets, the hotel is pet-friendly!
Unfortunately, the hotel is not pet-friendly.",,,"4: alluring,14: haven,21: luxurious,25: pulsating,31: enhanced,32: safety.,35: cozy,36: rooms,59: invigorating,64: wellness,65: center.",No,,No,,No,,Yes,,,,,6,"Output does not appear to contain factually wrong information, only subjective opinions and information that can be inferred from Input to hold in most cases.",,"7: alluring,20: swimming,21: pool.",No,,No,,Yes,swimming pool.,,Yes,,,,4,,,,,,,,,,,,,,,,,,,,,,,,,,,,,,,,,,,,,,,,,,,,,,,,,,,,,,,,,,,,,,,,,,,,,,,,,,,,,,,,,,,,,,,,,,,,,,,,,,,,,,,,,,,,,,,,,,,,,,,,,,,,,,,,,,,,,,,,,,,,,,,,,,,,,,,,,,,,,,,,,,,,,,,,,,,,,,,,,,,,,,,,,,,,,,,,,,,,,,,,,,,,,,,,,,,,,,,,,,,,,,,,,,,,,,,,,,,,,,,,,,,,,,,,,,,,,,,,,,,,,,,,,,,,,,,,,,,,,,,,,,,,,,,,,,,,,,,,,,,,,,,"5: cozy,11: welcomes,12: guests,13: with,14: a,15: warm,16: and,17: inviting,18: atmosphere.,31: delicious,42: for,43: relaxation,44: and,45: rejuvenation.",No,,No,,No,,Yes,,,,,7,,,"2: luxury,3: at,4: its,5: finest,22: This,23: prestigious,24: hotel,25: offers,26: unparalleled,27: hospitality,28: with,29: a,30: range,31: of,32: amenities,33: and,34: services,35: to,36: ensure,37: a,38: memorable,39: stay.,56: exciting,98: cater,99: to,100: all,101: guests',102: needs.",No,,No,,No,,Yes,,,,,7,,,"7: stunning,13: beautiful,18: It,19: offers,20: guests,21: an,22: exceptional,23: experience,31: The,32: resort,33: is,34: perfect,35: for,36: those,37: who,38: want,39: to,40: enjoy,41: a,42: comfortable,43: and,44: relaxing,45: stay,46: while,47: exploring,48: the,49: city.,55: where,56: you,57: can,58: enjoy,59: a,60: drink,61: or,62: two,63: with,64: friends,65: or,66: family.,80: a,81: flat-screen,82: TV,83: for,84: your,85: entertainment.,94: and,95: other,96: sports,97: activities,98: for,99: guests,100: to,101: enjoy.,166: Overall,,167: the,168: Piscina,169: Rei,170: Resort,171: is,172: a,173: perfect,174: destination,175: for,176: those,177: seeking,178: a,179: luxurious,180: and,181: relaxing,182: stay,183: in,184: Italy.",No,,No,,Yes,a flat-screen TV for your entertainment,,Yes,,,,6,,"41: Kids,42: stay,43: for,44: free,","12: luxurious,18: beautiful,25: stunning,28: breathtaking,29: views,30: of,31: the,32: Red,33: Sea,34: and,35: provides,36: guests,37: with,38: a,39: wide,40: range,41: of,42: facilities,43: and,44: amenities,45: to,46: ensure,47: a,48: comfortable,49: and,50: enjoyable,51: stay.,52: As,53: a,54: guest,55: of,56: the,57: hotel,,58: you,59: can,60: enjoy,61: access,62: to,63: a,64: private,65: beach,,66: where,67: you,68: can,69: soak,70: up,71: the,72: sun,73: and,74: take,75: a,76: refreshing,77: dip,78: in,79: the,80: crystal-clear,81: waters,82: of,83: the,84: Red,85: Sea.,93: where,94: you,95: can,96: enjoy,97: a,98: refreshing,99: drink,100: or,101: a,102: light,103: snack,104: while,105: taking,106: in,107: the,108: stunning,109: views.,118: so,119: you,120: can,121: stay,122: connected,123: with,124: your,125: loved,126: ones,127: or,128: work,129: while,130: on,131: the,132: go.,143: providing,144: you,145: with,146: all,147: the,148: comforts,149: and,150: conveniences,151: you,152: need,153: for,154: a,155: relaxing,156: stay.,162: the,163: hotel,164: offers,165: a,166: range,167: of,168: sports,169: activities,,173: you,174: can,175: explore,176: the,177: underwater,178: world,179: of,180: the,181: Red,182: Sea.",No,,No,,Yes,"As a guest of the hotel, you can enjoy access to a private beach, where you can soak up the sun and take a refreshing dip in the crystal-clear waters of the Red Sea.
the hotel offers a range of sports activities,",,No,No,,,4,,"22: Hotel,23: facilities:,24: Cashless,25: payment,,26: Car,27: hire,39: Childcare,40: services:,41: Organised,42: activities,43: for,44: kids,,45: Childcare,,54: Accessibility:,55: Wheelchair,56: accessible",,No,,Yes,No,,,,,,,,7,,5 minutes,1 hour,4,Deciding whether or not the researchers would also label a certain part of the text as divergent information,5,4,Yes,"The training could possibly include some more detailed examples, specifically for the section that covers Factually Wrong Information.",5,"No, I felt it worked very well.",Thank you for allowing me to participate and for sorting out the bug in the first round of the experiment!,
4/15/24 11:04,4/15/24 12:29,IP Address,*******,100,5119,TRUE,4/15/24 12:29,,*******,*******,*******,*******,*******,*******,anonymous,EN,0.8999999761581421,Yes,,,,English,,,"43: Wellness:,44: Steam,45: room","10: luxurious,14: in,15: the,16: heart,17: of,21: Many,22: of,23: the,24: rooms,25: offer,26: stunning,27: views,,39: The,40: hotel,41: also,42: has,43: a,44: range,45: of,46: dining,47: options.,93: making,94: it,95: an,96: ideal,97: choice,98: for,99: business,100: travelers.,115: before,116: or,117: after,118: check-in.",No,No,"Libya
The hotel also has a range of dining options.",,Yes,"5
Egypt
Pets allowed","4
Libya
Unfortunately, the hotel is not pet-friendly.",,,Yes,"And if you are traveling with pets, the hotel is pet-friendly!
Unfortunately, the hotel is not pet-friendly.",,,"4: alluring,14: haven,21: luxurious,25: pulsating,30: for,31: enhanced,32: safety.,35: cozy,36: rooms,37: boasting,59: invigorating",No,,No,,No,,Yes,,,,,5,No,,"7: alluring,20: swimming,21: pool.",No,,No,,Yes,swimming pool.,,Yes,,,,5,No.,,,No,,No,,No,,No,,,,,5,No.,,,No,,No,,No,,Yes,,,,,7,,,,No,,No,,No,,Yes,,,,,7,,,,No,,No,,No,,Yes,,,,,7,No,,,No,,No,,No,,Yes,,,,,1,,,,,,,,,,,,,,,,,,,,,,,,,,,,,,,,,,,,,,,,,,,,,,,,,,,,,,,,,,,,,,,,,,,,,,,,,,,,,,,,,,,,,,,,,,,,,,,,,,,,,,,,,,,,,,,,,,,,,,,,,,,,,,,,,,,,,,,,,,,,,,,,,,,,,,,,,,,,,,,,,,,,,,,,,,,,,,,,,,,,,,,,,,,,,,,,,,,,,,,,,,,,,,,,,,,,,,,,,,,,,,,,,,,,,,,,,,,,,,,,,,,,,,,,,,,,,,,,,,,,,,,,,,,,,,,,,,,,,,,,,,,,,,,,,,,,,,,,,,,,,,It depending on how long the output was. Under 5 minutes.,About 30-40 minutes.,5,Learning the new terms and the differences between them.,5,5,Yes.,"Bugs at first, which were corrected. I had issues with the slide bar being a bit buggy as well.",5,No,No,
4/15/24 11:31,4/15/24 12:30,IP Address,*******,100,3545,TRUE,4/15/24 12:30,,*******,*******,*******,*******,*******,*******,anonymous,EN,0.8999999761581421,Yes,,,,English,,,"44: Steam,45: room","8: is,9: a,10: luxurious,13: located,14: in,15: the,16: heart,17: of,21: Many,22: of,23: the,24: rooms,25: offer,26: stunning,27: views,,39: The,40: hotel,41: also,42: has,43: a,44: range,45: of,46: dining,47: options.,93: making,94: it,95: an,96: ideal,97: choice,98: for,99: business,100: travelers.,107: for,108: those,109: who,110: need,111: to,112: store,113: their,114: bags,115: before,116: or,117: after,118: check-in.",No,No,"Libya
The hotel also has a range of dining options.
","Libya
The hotel also has a range of dining options.",Yes,"5
Egypt
Pets allowed","4
Libya
Unfortunately, the hotel is not pet-friendly.",,,Yes,"And if you are traveling with pets, the hotel is pet-friendly!
Unfortunately, the hotel is not pet-friendly.",,,"1: Escape,2: to,3: the,4: alluring,14: haven,15: in,18: Indulge,19: in,20: a,21: luxurious,22: stay,23: with,24: a,25: pulsating,30: for,31: enhanced,32: safety.,33: Unwind,34: in,35: cozy,36: rooms,37: boasting,47: relish,62: in,63: the,64: wellness,65: center.",No,,No,,No,,Yes,,,,,6,The output has additional content and is written more subjectively than the input. ,,"5: is,6: an,7: alluring,20: swimming,21: pool.",No,,No,,Yes,swimming pool.,,Yes,,,,4,The output is fairly concise but it contains an error regarding the swimming pool. ,,,,,,,,,,,,,,,,,,,,,,,,,,,,,,,,,,,,,,,,,,,,,,,,,,,,,,,,,,,,,,,,,,,,,,,,,,,,"38: Accessibility:,39: Accessible,40: hotel,,41: Wheelchair,42: accessible,,43: Accessible,44: parking","4: is,5: a,6: charming,11: the,12: heart,13: of,16: This,17: hotel,18: offers,19: a,20: range,21: of,22: facilities,23: and,24: amenities,25: to,26: ensure,27: a,28: comfortable,29: and,30: enjoyable,31: stay,32: for,33: all,34: guests.,42: and,43: it,44: boasts,45: a,46: variety,47: of,59: providing,60: guests,61: with,62: a,63: comfortable,64: and,65: relaxing,66: space,67: to,68: unwind,69: after,70: a,71: long,72: day,73: of,74: exploring,75: the,76: city.,80: offers,81: a,82: range,83: of,84: hotel,85: facilities,,90: ensuring,91: that,92: guests,93: have,94: access,95: to,96: assistance,97: and,98: support,99: at,100: all,101: times.,106: a,107: delicious,109: providing,110: guests,111: with,112: the,113: energy,114: they,115: need,116: to,117: start,118: their,119: day,120: off,121: right.,135: providing,136: guests,137: with,138: the,139: opportunity,140: to,141: enjoy,142: some,143: leisurely,144: activities,145: during,146: their,147: stay.,159: ensuring,160: that,161: families,162: with,163: young,164: children,165: are,166: well,167: catered,168: for.,169: Guests,170: looking,171: to,172: relax,173: and,174: unwind,175: can,176: take,177: advantage,178: of,179: the,180: hotel's",No,,No,,No,,No,,,,,5,The output contains a lot of additional persuasive content but doesn't include the accessibility information from the input. ,"29: (rooms),31: Horse,32: riding,,33: Diving,34: Childcare,35: services:,36: Organised,37: activities,38: for,39: kids,,47: Accessible,48: bathroom,",,No,,Yes,No,,,,,,,,4,The output is missing several crucial details from the input. There is also a spelling mistake in the location in the output (Baha). ,,"1: Indulge,2: in,3: coastal,4: bliss,5: at,17: offers,18: a,19: tranquil,20: haven,52: Rejuvenate,53: in,54: style,55: with,63: The,64: resort,65: prioritizes,66: accessibility,,67: boasting",No,,No,,No,,Yes,,,,,6,"In the output, ""cater to your little ones"" sounds quite subjective compared to the input text, ""childcare services"". ","29: Free,30: WiFi,41: Kids,42: stay,43: for,44: free,","1: Experience,2: luxury,3: at,4: the,21: Nestled,22: along,23: the,24: picturesque,25: coastline,,37: free,45: Indulge,46: in,47: comfort,48: with,57: refreshing,59: Dive,60: into,61: adventure,62: with,64: excursions,,77: Relax,78: and,79: rejuvenate,80: with,85: soothing,88: making,89: your,90: stay,91: a,92: memorable,93: blend,94: of,95: leisure,96: and,97: indulgence.",No,,No,,No,,No,,,,,6,"The input lists ""WiFi in public areas, Free WiFi"" while the output merges these, stating ""free WiFi in public areas.""",,,No,,Yes,Yes,,,,,,,,7,,,,,,,,,,,,,,,,,,,,,,,,,,,,,,,,,,,,,,,,,,,,,,,,,,,,,,,,,,,,,,,,,,,,,,,,,,,,,,,,,,,,,,,,,,,,,,,,,,,,,,,,,,,,,,,,,,,,,,,,,,,,,,,,,,,,,,,,,,,,,,,,,,,,,,,,,,,,,,,,,,,,,,,,,,,,,,,,,,,,,,,,,,,,,,,,,,,,,,,,,,,,,,,,,,,,,,,,,,,,,,,,,,,I would guess around 5-7 minutes. ,I would guess around 45 mins. ,4,Carefully checking over the input/output pairs to try and identify as much of the divergent information as possible. ,5,5,Yes.,The inclusion of a video guide or other visual instructions could be helpful.,5,The graphical interface was fit for purpose. ,Thank you. ,
4/15/24 11:46,4/15/24 12:31,IP Address,*******,100,2666,TRUE,4/15/24 12:31,,*******,*******,*******,*******,*******,*******,anonymous,EN,0.8999999761581421,Yes,,,,English,,,"43: Wellness:,44: Steam,45: room","10: luxurious,13: located,14: in,15: the,16: heart,21: Many,22: of,23: the,24: rooms,25: offer,26: stunning,27: views,,39: The,40: hotel,41: also,42: has,43: a,44: range,45: of,46: dining,47: options.,93: making,94: it,95: an,96: ideal,97: choice,98: for,99: business,100: travelers.,115: before,116: or,117: after,118: check-in.",No,No,Libya,"Libya
The hotel also has a range of dining options.",Yes,"5
Egypt
Pets allowed
","4
Libya
Unfortunately, the hotel is not pet-friendly.
","5
Egypt
Pets allowed","4
Libya
Unfortunately, the hotel is not pet-friendly.",Yes,"And if you are traveling with pets, the hotel is pet-friendly!
Unfortunately, the hotel is not pet-friendly.",,,"4: alluring,14: haven,21: luxurious,22: stay,25: pulsating,31: enhanced,32: safety.,35: cozy,36: rooms,59: invigorating,62: in,63: the,64: wellness,65: center.",No,,No,,No,,Yes,,,,,5,No comments,,"7: alluring,20: swimming,21: pool.",No,,No,,Yes,swimming pool,,Yes,,,,4,No comments,,,,,,,,,,,,,,,,,,,,,,,,,,,,,,,,,,,,,,,,,,,,,,,,,,,,,,,,,,,,,,,,,,,,,,,,,,,,,,,,,,,,,,,,,,,,,,,,,,,,,,,,,,,,,,,,,,,,,,,,,,,,,,,,,,,,,,,,,,,,,,,,,,,,,,,,"57: wellness,58: facilities.",No,,No,,No,,Yes,,,,,5,"The input does not mention ""wellness facilities"".","46: Accessibility:,47: Accessible,48: bathroom,,49: Accessible,50: hotel","10: luxurious,16: beautiful,17: city,24: stunning,35: ensure,36: a,37: comfortable,38: and,39: unforgettable,40: stay,41: for,42: all,43: guests.,50: ensuring,51: that,52: guests,53: can,54: have,55: their,56: clothes,57: cleaned,58: and,59: pressed,60: during,61: their,62: stay.,70: allowing,71: guests,72: to,73: stay,74: connected,75: with,76: their,77: loved,78: ones,79: or,80: work,81: remotely.,101: beautiful,102: surroundings,107: while,108: enjoying,109: their,110: favorite,111: sports.,126: Parents,127: can,128: relax,129: and,130: enjoy,131: their,132: stay,133: while,134: their,135: children,136: are,137: well,138: taken,139: care,140: of,141: and,142: entertained.,145: seeking,146: relaxation,147: and,148: rejuvenation,,159: Guests,160: can,161: indulge,162: in,163: a,164: variety,165: of,166: treatments,167: and,168: therapies,169: to,170: unwind,171: and,172: recharge.",No,,No,,No,,No,,,,,5,No comments.,"14: Hotel,15: facilities:,16: Hotel,17: bar,18: Room,19: amenities:,20: Balcony,21: (upon,22: inquiry),23: Sport:,24: Volleyball,,25: Surfing,,26: Bike,27: rental,28: Childcare,29: services:,30: Kids,31: stay,32: for,33: free,,34: Childcare,,45: Accessibility:,46: Accessible,47: bathroom,,48: Wheelchair,49: accessible,,50: Accessible,51: parking","33: family-friendly,,35: free,36: childcare",No,,No,,Yes,free childcare,,No,Yes,Childcare,free childcare,5,"The Input does not state ""free childcare"" however the Output specifies ""free childcare"".","29: Free,30: WiFi,40: Cot,","3: paradise,20: idyllic,21: beach,40: rejuvenating,41: spa,54: free,55: WiFi,56: in,57: public,58: areas.,67: delight,83: added,84: convenience.",No,,No,,Yes,free WiFi in public areas,,No,No,,,5,"Even though the input states WiFi in public areas, followed by free WiFi - it is not clear if it is ""free WiFi in public areas"" as stated in the Output. This is why I flagged this as not factual.",,"21: luxurious,32: comfortable,33: stay.,36: enjoy,39: options,45: convenience.,65: courts,103: ensuring,104: inclusivity,105: for,106: all,107: guests.",No,,No,,No,,Yes,,,,,5,No comments,,,,,,,,,,,,,,,,,,,,,,,,,,,,,,,,,,,,,,,,,,,,,,,,,,,,,,,,,,,,,,,,,,,,,,,,,,,,,,,,,,,,,,,,,,,,,,,,,,,,,,,,,,,,,,,,,,,,,,,,,,,,,,,,,,,,,,,,,,,,,,,,,,,,,,,5 minutes.,30 minutes.,3,Making sure you didn't miss anything and deciding on which parts were considered divergent.,4,4,Yes.,Perhaps more reassurance that you are highlighting the right sections of the Input/Output.,4,Not that I can think of.,No last remark.,
4/15/24 11:12,4/15/24 12:31,IP Address,*******,100,4743,TRUE,4/15/24 12:31,,*******,*******,*******,*******,*******,*******,anonymous,EN,0.800000012,Yes,,,,English,,,"43: Wellness:,44: Steam,45: room","10: luxurious,15: the,16: heart,17: of,26: stunning,27: views,,43: a,44: range,45: of,46: dining,47: options.,58: a,59: range,60: of,61: sport,62: facilities,,96: ideal,97: choice,98: for,99: business,100: travelers.,115: before,116: or,117: after,118: check-in.",No,No,"Libya
","Libya
The hotel also has a range of dining options.",Yes,"5
 Egypt
Pets allowed","4
Libya
Unfortunately, the hotel is not pet-friendly.","5
Egypt
Pets allowed","4
Libya
Unfortunately, the hotel is not pet-friendly.",Yes,"And if you are traveling with pets, the hotel is pet-friendly!
Unfortunately, the hotel is not pet-friendly.",,,"14: haven,21: luxurious,25: pulsating,35: cozy",No,,No,,No,,Yes,,,,,6,No,,"7: alluring,20: swimming,21: pool.",No,,No,,Yes,Swimming Pool,,Yes,,,,5,No,,,,,,,,,,,,,,,,,,,,,,,,,,,,,,,,,,,,,,,,,,,,,,,,,,,,,,,,,,,,,,,,,,,,,,,,,,,,,,,,,,,,,,,,,,,,,,,,,,,,,,,,,,,,,,,,,,,,,,,,,,,,,,,,,,,,,,,,,,,,,,,,,,,,,,,,,,,,,,,,,,,,,,,,,,,,,,,,,,,,,,,,,,,,,,,,,,,,,,,,,,,,,,,,,,,,,,,,,,,,,,,,,,,"6: charming,16: comfortable,27: in,28: each,29: room.,34: complimentary,57: for,58: entertainment.",No,,No,,Yes,Complimentary,,Yes,,,,4,No,,"11: luxurious,23: world-class,30: perfect,31: place,32: for,33: a,34: relaxing,35: and,36: comfortable,37: stay.,41: a,42: range,43: of,44: facilities,121: beautiful,122: area,127: stunning,128: views,148: Overall,,149: the,150: Hotel,151: The,152: St,153: Regis,154: Punta,155: Mita,156: Resort,157: is,158: the,159: perfect,160: choice,161: for,162: anyone,163: looking,164: for,165: a,166: luxurious,167: and,168: comfortable,169: stay,170: in,171: Mexico.",No,,No,,No,,Yes,,,,,6,No,,"10: charming,16: beautiful,19: a,20: wide,21: range,22: of,23: facilities,24: and,25: services,29: comfortable,30: and,31: enjoyable,47: refreshing,49: or,50: a,51: light,52: snack.,65: offering,66: stunning,67: views,68: of,69: the,70: surrounding,71: area.,137: fully,138: accessible,,152: Overall,,153: Piscina,154: Rei,155: is,156: an,157: excellent,158: choice,159: for,160: travelers,161: seeking,162: a,163: comfortable,164: and,165: enjoyable,166: stay,167: in,168: Muravera,,169: Italy.",No,,No,,No,,Yes,,,,,5,No,"25: WiFi,26: in,27: public,28: areas,,36: Sport:,37: Diving,52: Accessibility:,53: Accessible,54: parking","50: fitness,51: centre",No,,No,,Yes,Fitness Centre,,No,No,,,5,No,"6: a,7: Destination,8: by,9: Hyatt,10: Residence,17: Country:,18: USA,31: Cosmetic,32: mirror,,46: Kids',47: club,51: Hot,52: stone,53: massage","12: haven,13: offering,14: tranquility.,16: well-equipped,35: Let,36: your,37: kids,38: join,39: organized,40: activities,41: while,42: you,43: enjoy,44: organized,45: activities,54: ensure,55: comfort,56: for,57: all.",Yes,Let your kids join organized activities while you enjoy organized activities,,,,,,,,,,4,No,,,,,,,,,,,,,,,,,,,,,,,,,,,,,,,,,,,,,,,,,,,,,,,,,,,,,,,,,,,,,,,,,,,,,,,,,,,,5 Minutes,60 mins,3,Finding the divergents,5,5,Yes,No,5,No,"Besides the bugs that killed most of my time, everything else was fine.",
4/15/24 12:17,4/15/24 13:08,IP Address,*******,100,3064,TRUE,4/15/24 13:08,,*******,*******,*******,*******,*******,*******,anonymous,EN,0.8999999761581421,Yes,,,,English,,,"43: Wellness:,44: Steam,45: room","10: luxurious,15: the,16: heart,17: of,21: Many,22: of,23: the,24: rooms,25: offer,26: stunning,27: views,,39: The,40: hotel,41: also,42: has,43: a,44: range,45: of,46: dining,47: options.,48: For,49: those,50: who,51: like,52: to,53: stay,54: active,,93: making,94: it,95: an,96: ideal,97: choice,98: for,99: business,100: travelers.,107: for,108: those,109: who,110: need,111: to,112: store,113: their,114: bags,115: before,116: or,117: after,118: check-in.",No,No,"Libya
The hotel also has a range of dining options","Libya
The hotel also has a range of dining options.",Yes,"5
Egypt
Pets allowed","4
Libya
the hotel is not pet-friendly","5
Egypt
Pets allowed","4
Libya
Unfortunately, the hotel is not pet-friendly.",Yes,"the hotel is pet-friendly
Unfortunately, the hotel is not pet-friendly","the hotel is pet-friendly!
Unfortunately, the hotel is not pet-friendly.",,"4: alluring,14: haven,21: luxurious,22: stay,25: pulsating,30: for,31: enhanced,32: safety.,35: cozy,37: boasting,47: relish,59: invigorating,71: all",No,,No,,No,,Yes,,,,,6,,,"7: alluring,20: swimming,21: pool.",No,,No,,Yes,swimming pool,,Yes,,,,5,,,,,,,,,,,,,,,,,,,,,,,,,,,,,,,,,,,,,,,,,,,,,,,,,,,,,,,,,,,,,,,,,,,,,,,,,,,,,,,,,,,,,,,,,,,,,,,,,,,,,,,,,,,,,,,,,,,,,,,,,,,,,,,,,,,,,,,,,,,,,,,,,,,,,,,,,31: enjoy,No,,No,,No,,Yes,,,,,7,,,"10: luxurious,16: beautiful,23: This,24: stunning,25: hotel,26: offers,27: a,28: wide,29: range,30: of,31: facilities,32: and,33: amenities,34: to,35: ensure,36: a,37: comfortable,38: and,39: unforgettable,40: stay,41: for,42: all,43: guests.,50: ensuring,51: that,52: guests,53: can,54: have,55: their,56: clothes,57: cleaned,58: and,59: pressed,60: during,61: their,62: stay.,70: allowing,71: guests,72: to,73: stay,74: connected,75: with,76: their,77: loved,78: ones,79: or,80: work,81: remotely.,82: For,83: sports,84: enthusiasts,,97: Guests,98: can,99: explore,100: the,101: beautiful,102: surroundings,103: of,104: Bahía,105: de,106: Banderas,107: while,108: enjoying,109: their,110: favorite,111: sports.,126: Parents,127: can,128: relax,129: and,130: enjoy,131: their,132: stay,133: while,134: their,135: children,136: are,137: well,138: taken,139: care,140: of,141: and,142: entertained.,143: For,144: those,145: seeking,146: relaxation,147: and,148: rejuvenation,,159: Guests,160: can,161: indulge,162: in,163: a,164: variety,165: of,166: treatments,167: and,168: therapies,169: to,170: unwind,171: and,172: recharge.",No,,No,,No,,Yes,,,,,6,,"14: Hotel,15: facilities:,16: Hotel,17: bar,18: Room,19: amenities:,20: Balcony,21: (upon,22: inquiry),23: Sport:,24: Volleyball,,25: Surfing,,26: Bike,27: rental,45: Accessibility:,46: Accessible,47: bathroom,,48: Wheelchair,49: accessible,,50: Accessible,51: parking","31: is,32: also,33: family-friendly,,35: free",No,,No,,No,,No,,,,,2,,"13: City:,14: Sharm,15: el-Sheikh,40: Cot,","3: paradise,20: idyllic,30: elegant,40: rejuvenating,67: delight,83: added,84: convenience.",No,,No,,No,,No,,,,,5,,,"20: This,21: luxurious,22: accommodation,23: offers,24: a,25: variety,26: of,27: amenities,28: and,29: facilities,30: for,31: a,32: comfortable,33: stay.,36: enjoy,44: for,45: convenience.,58: For,59: sports,60: enthusiasts,,74: can,75: take,76: advantage,103: ensuring,104: inclusivity,105: for,106: all,107: guests.",No,,No,,No,,Yes,,,,,5,,,,,,,,,,,,,,,,,,,,,,,,,,,,,,,,,,,,,,,,,,,,,,,,,,,,,,,,,,,,,,,,,,,,,,,,,,,,,,,,,,,,,,,,,,,,,,,,,,,,,,,,,,,,,,,,,,,,,,,,,,,,,,,,,,,,,,,,,,,,,,,,,,,,,,,,10mins,Less than an hour because I did the training previously,3,The experiment itself because there is no feed back,5,4,Yes,"Yes, The responses from the training only gave ""your answer is wrong"" from the factually wrong stage, even though the answers were correct",1,No,No,
4/15/24 12:54,4/15/24 13:35,IP Address,*******,100,2423,TRUE,4/15/24 13:35,,*******,*******,*******,*******,*******,*******,anonymous,EN,0.8999999761581421,Yes,,,,English,,,"44: Steam,45: room","10: luxurious,14: in,15: the,16: heart,21: Many,22: of,23: the,24: rooms,25: offer,26: stunning,27: views,,39: The,40: hotel,41: also,42: has,43: a,44: range,45: of,46: dining,47: options.,93: making,94: it,95: an,96: ideal,97: choice,98: for,99: business,100: travelers.,115: before,116: or,117: after,118: check-in.",No,No,"Libya
The hotel also has a range of dining options.",,Yes,"5
Egypt
Pets allowed","4
Libya
Unfortunately, the hotel is not pet-friendly.",,,Yes,"And if you are traveling with pets, the hotel is pet-friendly!
Unfortunately, the hotel is not pet-friendly.",,,"4: alluring,14: haven,21: luxurious,25: pulsating,31: enhanced,32: safety.,35: cozy,47: relish,59: invigorating,65: center.",No,,No,,No,,Yes,,,,,5,,,"7: alluring,20: swimming,21: pool.",No,,No,,Yes,swimming pool.,,Yes,,,,5,,,,,,,,,,,,,,,,,,,,,,,,,,,,,,,,,,,,,,,,,,,,,,,,,,,,,,,,,,,,,,,,,,,,,,,,,,,,,,,,,,,,,,,,,,,,,,,,,,,,,,,,,,,,,,,,,,,,,,,,,,,,,,,,,,,,,,,,,,,,,,,,,,,,,,,,,,,,,,,,,,,,,,,,,,,,,,,,,,,,,,,,,,,,,,,,,,,,,,,,,,,,,,,,,,,,,,,,,,,,,,,,,,,,"6: charming,16: comfortable,17: accommodations,34: complimentary,43: convenience.,75: relaxing",No,,No,,No,,Yes,,,,,6,,,"11: luxurious,22: offers,23: world-class,24: accommodations,25: and,26: amenities,,27: making,28: it,29: the,30: perfect,31: place,32: for,33: a,34: relaxing,35: and,36: comfortable,37: stay.,86: which,87: means,88: you,89: can,90: stay,91: connected,92: throughout,93: your,94: stay.,106: to,107: keep,108: you,109: active,110: and,111: relaxed,112: during,113: your,114: stay.,121: beautiful,126: offers,127: stunning,128: views,129: of,130: the,131: surrounding,132: countryside.,138: making,139: it,140: an,141: ideal,142: choice,143: for,144: those,145: with,146: mobility,147: issues.,148: Overall,,149: the,150: Hotel,151: The,152: St,153: Regis,154: Punta,155: Mita,156: Resort,157: is,158: the,159: perfect,160: choice,161: for,162: anyone,163: looking,164: for,165: a,166: luxurious,167: and,168: comfortable,169: stay,170: in,171: Mexico.",No,,No,,No,,Yes,,,,,6,,,"15: This,16: beautiful,17: accommodation,18: offers,19: a,20: wide,21: range,22: of,23: facilities,24: and,25: services,26: to,27: ensure,28: a,29: comfortable,30: and,31: enjoyable,32: stay,33: for,34: all,35: guests.,42: where,43: guests,44: can,45: enjoy,46: a,47: refreshing,48: drink,49: or,50: a,51: light,52: snack.,65: offering,66: stunning,67: views,68: of,69: the,70: surrounding,71: area.,77: offers,78: a,79: variety,80: of,81: activities,82: including,137: fully,138: accessible,,152: Overall,,153: Piscina,154: Rei,155: is,156: an,157: excellent,158: choice,159: for,160: travelers,161: seeking,162: a,163: comfortable,164: and,165: enjoyable,166: stay",No,,No,,No,,Yes,,,,,6,,"25: WiFi,26: in,27: public,28: areas,,37: Diving,41: Kids,42: stay,43: for,44: free,,53: Accessible,54: parking","50: fitness,51: centre",No,,No,,Yes,fitness centre,,No,No,,,6,,"8: by,9: Hyatt,10: Residence,18: USA,31: Cosmetic,32: mirror,,46: Kids',47: club,51: Hot,52: stone,55: Wheelchair,56: accessible","12: haven,13: offering,14: tranquility.,16: well-equipped,17: rooms,27: relaxing,31: rejuvenate,41: while,42: you,43: enjoy,44: organized,45: activities,54: ensure,55: comfort,56: for,57: all.,64: add,65: convenience,,70: offerings,71: provide,72: peace,73: of,74: mind,75: for,76: parents.",No,,No,,Yes,while you enjoy organized activities,,No,No,,,5,,,,,,,,,,,,,,,,,,,,,,,,,,,,,,,,,,,,,,,,,,,,,,,,,,,,,,,,,,,,,,,,,,,,,,,,,,,,,5 minutes,45,4,None,5,5,Yes,No,5,No,No,
4/15/24 13:14,4/15/24 13:52,IP Address,*******,100,2310,TRUE,4/15/24 13:52,,*******,*******,*******,*******,*******,*******,anonymous,EN,0.8999999761581421,Yes,,,,English,,,"44: Steam,45: room","10: luxurious,13: located,14: in,15: the,16: heart,39: The,40: hotel,41: also,42: has,43: a,44: range,45: of,46: dining,47: options.,93: making,94: it,95: an,96: ideal,97: choice,98: for,99: business,100: travelers.,115: before,116: or,117: after,118: check-in.",No,No,"Libya
The hotel also has a range of dining options.",,Yes,"5
Egypt
Pets allowed","4
Libya
Unfortunately, the hotel is not pet-friendly.",,,Yes,"And if you are traveling with pets, the hotel is pet-friendly!
Unfortunately, the hotel is not pet-friendly.",,18: Hotel,"4: alluring,14: haven,25: pulsating,30: for,31: enhanced,32: safety.,35: cozy",No,,No,,No,,No,,,,,5,,,"7: alluring,20: swimming,21: pool.",No,,No,,Yes,swimming pool.,,Yes,,,,5,,"22: Coffee,23: machine,,27: Golf,28: course,,34: Childcare,39: Accessible,40: hotel,,41: Wheelchair,42: accessible,","19: buffet,",No,,No,,Yes,"buffet,",,No,No,,,3,,"47: Accessible,48: bathroom,,49: Accessible,50: hotel","27: accessible,28: accommodations",No,,No,,No,,No,,,,,6,,,"5: luxurious,13: elegant,40: wellness,41: center,,61: Families,62: are,63: catered,64: to",No,,No,,No,,Yes,,,,,6,,,"12: luxurious,18: sunny,19: city,64: in,65: the,66: crystal-clear,67: waters,68: of,69: the,70: Red,71: Sea.,109: perfect,110: for,111: unwinding,112: and,113: rejuvenating.",No,,No,,No,,Yes,,,,,6,,,"17: the,18: heart,19: of,24: stunning,59: making,60: it,61: easy,62: for,63: guests,64: to,65: explore,66: the,67: local,68: area.,103: providing,104: plenty,105: of,106: opportunities,107: to,108: stay,109: active,110: during,111: your,112: stay.,132: making,133: it,134: an,135: ideal,136: choice,137: for,138: families.,139: The,140: hotel's,141: wellness,142: facilities,143: are,144: also,145: top-notch,,167: ensuring,168: that,169: all,170: guests,171: can,172: enjoy,173: a,174: comfortable,175: and,176: accessible,177: stay.",No,,No,,No,,Yes,,,,,6,,,,,,,,,,,,,,,,,,,,,,,,,,,,,,,,,,,,,,,,,,,,,,,,,,,,,,,,,,,,,,,,,,,,,,,,,,,,,,,,,,,,,,,,,,,,,,,,,,,,,,,,,,,,,,,,,,,,,,,,,,,,,,,,,,,,,,,,,,,,,,,,,,,,,,,,,,,,,,,,,,,,,,,,,,,,,,,,,,,,,,,,,,,,,,,,,,,,,,,,,,,,,,,,,,,,,,,,,,,,,,,,,,,,,,,,,,,,,,,,,,,,,,,,,,,,,,,,,,,,,,,,,,,,,,,,,,,,,,,,,,,,,,,,,,,,,,,,,,,,,,2 minutes,around 30 minutes,3,figuring out what counts as divergent information,5,4,yes,"the training marked some answers as wrong if a space or punctuation was omitted or included (""hotel "" vs ""hotel"")",4,no,n/a,
4/15/24 14:43,4/15/24 15:06,IP Address,*******,100,1369,TRUE,4/15/24 15:06,,*******,*******,*******,*******,*******,*******,anonymous,EN,0.8999999761581421,Yes,,,,English,,,"43: Wellness:,44: Steam,45: room","10: luxurious,26: stunning,27: views,,39: The,40: hotel,41: also,42: has,43: a,44: range,45: of,46: dining,47: options.",No,No,"Libya
The hotel also has a range of dining options.",,Yes,"5
Egypt
Pets allowed","4
Libya
Unfortunately, the hotel is not pet-friendly.",,,Yes,"And if you are traveling with pets, the hotel is pet-friendly!
Unfortunately, the hotel is not pet-friendly.",,,"4: alluring,14: haven,18: Indulge,19: in,20: a,21: luxurious,22: stay,23: with,24: a,25: pulsating,31: enhanced,32: safety.,33: Unwind,34: in,35: cozy,36: rooms,47: relish,56: Pamper,57: yourself,58: with,59: invigorating",No,,Yes,Yes,,,,,,,,7,,,"7: alluring,20: swimming,21: pool.",No,,No,,Yes,swimming pool,,Yes,,,,6,,,,,,,,,,,,,,,,,,,,,,,,,,,,,,,,,,,,,,,,,,,,,,,,,,,,,,,,,,,,,,,,,,,,,,,,,,,,,,,,,,,,,,,,,,,,,,,,,,,,,,,,,,,,,,,,,,,,,,,,,,,,,,,,,,,,,,,,,,,,,,,,,,,,,,,,,,,,,,,,,,,,,,,,,,,,,,,,,,,,,,,,,,,,,,,,,,,,,,,,,,,,,,,,,,,,,,,,,,,,,,,,,,,,,,,,,,,,,,,,,,,,,,,,,,,,,,,,,,,,,,,,,,,,,,,,,,,,,,,,,,,,,,,,,,,,,,,,,,,,,,"39: Accessible,40: hotel,,41: Wheelchair,42: accessible,","5: cozy,11: welcomes,12: guests,13: with,14: a,15: warm,16: and,17: inviting,18: atmosphere.,26: for,27: your,28: assistance.,29: Enjoy,30: a,31: delicious,33: to,34: start,35: your,36: day,37: and,38: indulge,39: in,42: for,43: relaxation,44: and,45: rejuvenation.,57: Families,58: will,59: appreciate,76: The,77: comfortable,78: rooms,85: for,86: your,87: comfort.",No,,Yes,No,,,,,,,,6,,,"1: Experience,2: luxury,3: at,4: its,5: finest,6: at,7: the,22: This,23: prestigious,24: hotel,25: offers,26: unparalleled,27: hospitality,28: with,29: a,30: range,31: of,32: amenities,33: and,34: services,35: to,36: ensure,37: a,38: memorable,39: stay.",No,,Yes,Yes,,,,,,,,7,,,"7: stunning,18: It,19: offers,20: guests,21: an,22: exceptional,23: experience,24: with,25: a,26: variety,27: of,28: facilities,29: and,30: amenities.,31: The,32: resort,33: is,34: perfect,35: for,36: those,37: who,38: want,39: to,40: enjoy,41: a,42: comfortable,43: and,44: relaxing,45: stay,46: while,47: exploring,48: the,49: city.,55: where,56: you,57: can,58: enjoy,59: a,60: drink,61: or,62: two,63: with,64: friends,65: or,66: family.,79: and,80: a,81: flat-screen,82: TV,83: for,84: your,85: entertainment.,94: and,95: other,96: sports,97: activities,98: for,99: guests,100: to,101: enjoy.,166: Overall,,167: the,168: Piscina,169: Rei,170: Resort,171: is,172: a,173: perfect,174: destination,175: for,176: those,177: seeking,178: a,179: luxurious,180: and,181: relaxing,182: stay,183: in,184: Italy.",No,,No,,Yes,flat-screen TV for your entertainment,,Yes,,,,6,,"41: Kids,42: stay,43: for,44: free,,48: Body,49: treatments,,50: Hot,51: tub,53: Accessible,54: parking","12: luxurious,24: This,25: stunning,26: accommodation,27: offers,28: breathtaking,29: views,30: of,31: the,32: Red,33: Sea,34: and,35: provides,36: guests,37: with,38: a,39: wide,40: range,41: of,42: facilities,43: and,44: amenities,45: to,46: ensure,47: a,48: comfortable,49: and,50: enjoyable,51: stay.,52: As,53: a,54: guest,55: of,56: the,57: hotel,,58: you,59: can,60: enjoy,61: access,62: to,63: a,64: private,65: beach,,66: where,67: you,68: can,69: soak,70: up,71: the,72: sun,73: and,74: take,75: a,76: refreshing,77: dip,78: in,79: the,80: crystal-clear,81: waters,82: of,83: the,84: Red,85: Sea.,93: where,94: you,95: can,96: enjoy,97: a,98: refreshing,99: drink,100: or,101: a,102: light,103: snack,104: while,105: taking,106: in,107: the,108: stunning,109: views.,118: so,119: you,120: can,121: stay,122: connected,123: with,124: your,125: loved,126: ones,127: or,128: work,129: while,130: on,131: the,132: go.,143: providing,144: you,145: with,146: all,147: the,148: comforts,149: and,150: conveniences,151: you,152: need,153: for,154: a,155: relaxing,156: stay.,162: the,163: hotel,164: offers,165: a,166: range,167: of,168: sports,169: activities,,172: so,173: you,174: can,175: explore,176: the,177: underwater,178: world,179: of,180: the,181: Red,182: Sea.",No,,No,,Yes,Red Sea,,No,No,,,5,,"24: Cashless,25: payment,,26: Car,27: hire,41: Organised,42: activities,43: for,44: kids,,45: Childcare,,55: Wheelchair,56: accessible",,No,,Yes,No,,,,,,,,6,,5 minutes,25 minutes,5,remembering the rules initially; easy after that,5,5,Yes,"None, really",5,Not really; worked well,,
4/16/24 0:32,4/16/24 1:32,IP Address,*******,100,3614,TRUE,4/16/24 1:32,,*******,*******,*******,*******,*******,*******,anonymous,EN,0.800000012,Yes,,,,English,,,"43: Wellness:,44: Steam,45: room","10: luxurious,14: in,15: the,16: heart,17: of,21: Many,22: of,23: the,24: rooms,25: offer,26: stunning,27: views,,39: The,40: hotel,41: also,42: has,43: a,44: range,45: of,46: dining,47: options.,48: For,49: those,50: who,51: like,52: to,53: stay,54: active,,55: the,56: hotel,57: has,58: a,59: range,60: of,61: sport,62: facilities,,73: traveling,74: with,75: children,,83: In,84: addition,,85: the,86: hotel,87: has,88: a,89: range,90: of,91: conference,92: rooms,,93: making,94: it,95: an,96: ideal,97: choice,98: for,99: business,100: travelers.,107: for,108: those,109: who,110: need,111: to,112: store,113: their,114: bags,115: before,116: or,117: after,118: check-in.,133: traveling,134: with,135: pets,",No,No,"Libya
The hotel also has a range of dining options.",,Yes,"5
Egypt
Pets allowed","4
Libya
Unfortunately, the hotel is not pet-friendly.",,,Yes,"the hotel is pet-friendly!
Unfortunately, the hotel is not pet-friendly.",,,"1: Escape,2: to,3: the,4: alluring,14: haven,18: Indulge,19: in,20: a,21: luxurious,22: stay,23: with,24: a,25: pulsating,31: enhanced,32: safety.,35: cozy,36: rooms,40: Stay,41: active,56: Pamper,57: yourself,59: invigorating,64: wellness,65: center.",No,,No,,No,,Yes,,,,,7,The Output has divergent information that isn't factually wrong.,,"7: alluring,20: swimming,21: pool.",No,,No,,Yes,swimming pool,,Yes,,,,2,The Output has factually wrong divergent information.,,,,,,,,,,,,,,,,,,,,,,,,,,,,,,,,,,,,,,,,,,,,,,,,,,,,,,,,,,,,,,,,,,,,,,,,,,,,"38: Accessibility:,39: Accessible,40: hotel,,41: Wheelchair,42: accessible,,43: Accessible,44: parking","10: in,11: the,12: heart,13: of,16: This,17: hotel,18: offers,19: a,20: range,21: of,22: facilities,23: and,24: amenities,25: to,26: ensure,27: a,28: comfortable,29: and,30: enjoyable,31: stay,32: for,33: all,34: guests.,43: it,44: boasts,45: a,46: variety,47: of,48: room,49: amenities,59: providing,60: guests,61: with,62: a,63: comfortable,64: and,65: relaxing,66: space,67: to,68: unwind,69: after,70: a,71: long,72: day,73: of,74: exploring,75: the,76: city.,80: offers,81: a,82: range,83: of,84: hotel,85: facilities,,90: ensuring,91: that,92: guests,93: have,94: access,95: to,96: assistance,97: and,98: support,99: at,100: all,101: times.,107: delicious,109: providing,110: guests,111: with,112: the,113: energy,114: they,115: need,116: to,117: start,118: their,119: day,120: off,121: right.,122: For,123: sports,124: enthusiasts,,135: providing,136: guests,137: with,138: the,139: opportunity,140: to,141: enjoy,142: some,143: leisurely,144: activities,145: during,146: their,147: stay.,159: ensuring,160: that,161: families,162: with,163: young,164: children,165: are,166: well,167: catered,168: for.,169: Guests,170: looking,171: to,172: relax,173: and,174: unwind,175: can,176: take,177: advantage,178: of,179: the,180: hotel's,181: wellness,182: facilities,",No,,No,,No,,No,,,,,6,The Output omits the accessiblity criteria in the Input. The Output also includes divergent information in the form of excessive flowery language to describe the hotel's offerings.,"13: Bahía,29: (rooms),31: Horse,32: riding,,33: Diving,36: Organised,37: activities,38: for,39: kids,,47: Accessible,48: bathroom,,49: Accessible,50: hotel","12: Baha,40: accessible,41: for,42: the,43: disabled.",No,,No,,No,,No,,,,,3,"Misspellings are not meant to be taken into account, but the Output misspelt a proper noun. The Output omits that 'Free WiFi' is for rooms only (ambiguous). It also omits the Sport activities and that the hotel offers Organised activities for kids. The Output also fails to mention what type of Accessibility facilities it offers.",,"1: Indulge,2: in,3: coastal,4: bliss,11: retreat,18: a,19: tranquil,20: haven,25: rooms,26: may,27: feature,31: Stay,32: active,39: Cater,40: to,41: your,42: little,43: ones,52: Rejuvenate,53: in,54: style,63: The,64: resort,65: prioritizes,66: accessibility,",No,,No,,No,,Yes,,,,,7,The Output contains divergent information that isn't factually wrong but uses adjectives to portray subjective opinons.,"41: Kids,42: stay,43: for,44: free,","1: Experience,2: luxury,21: Nestled,22: along,23: the,24: picturesque,25: coastline,,29: a,30: range,31: of,32: amenities,45: Indulge,46: in,47: comfort,57: refreshing,59: Dive,60: into,61: adventure,64: excursions,,74: cater,75: to,76: families.,77: Relax,78: and,79: rejuvenate,88: making,89: your,90: stay,91: a,92: memorable,93: blend,94: of,95: leisure,96: and,97: indulgence.",No,,No,,No,,No,,,,,5,The Output omits the fact that kids stay for free.,,"32: The,33: rooms,34: are,35: equipped,46: For,47: sports,48: enthusiasts,,58: Families,59: traveling,60: with,61: children,62: can,63: benefit,78: For,79: those,80: seeking,81: relaxation,,103: making,104: it,105: suitable,106: for,107: guests,108: with,109: disabilities.",No,,No,,No,,Yes,,,,,7,The Output has some divergent information that isn't factually incorrect.,,,,,,,,,,,,,,,,,,,,,,,,,,,,,,,,,,,,,,,,,,,,,,,,,,,,,,,,,,,,,,,,,,,,,,,,,,,,,,,,,,,,,,,,,,,,,,,,,,,,,,,,,,,,,,,,,,,,,,,,,,,,,,,,,,,,,,,,,,,,,,,,,,,,,,,,,,,,,,,,,,,,,,,,,,,,,,,,,,,,,,,,,,,,,,,,,,,,,,,,,,,,,,,,,,,,,,,,,,,,,,,,,,7 minutes,1 hour,2,"Making certain the Ouput omitted a certain phrase, or if it shuffled the phrase to another part of the snippet.",5,5,Yes.,Perhaps it could be made clear how much of a phrase should be selected as divergent information.,5,The scale part jumps around if I try to re-adjust it. I had to use the Tab key and arrows to re-adjust it.,,
4/16/24 4:42,4/16/24 5:07,IP Address,*******,100,1467,TRUE,4/16/24 5:07,,*******,*******,*******,*******,*******,*******,anonymous,EN,0.800000012,Yes,,,,English,,,"43: Wellness:,44: Steam,45: room","10: luxurious,26: stunning,27: views,,39: The,40: hotel,41: also,42: has,43: a,44: range,45: of,46: dining,47: options.,96: ideal,97: choice,98: for,99: business,100: travelers.",No,No,"Libya
The hotel also has a range of dining options.",,Yes,"5
Egypt
Pets allowed","4
Libya
Unfortunately, the hotel is not pet-friendly.",,,Yes,"And if you are traveling with pets, the hotel is pet-friendly!
Unfortunately, the hotel is not pet-friendly.",,,"4: alluring,14: haven,21: luxurious,22: stay,30: for,31: enhanced,32: safety.,35: cozy,36: rooms,62: in,63: the,64: wellness,65: center.",No,,No,,Yes,in the wellness center.,,Yes,,,,5,,,"7: alluring,20: swimming,21: pool.",No,,No,,Yes,swimming pool,,Yes,,,,5,,"20: Room,21: amenities:,22: Coffee,23: machine,,24: Sitting,25: area,27: Golf,28: course,,34: Childcare,39: Accessible,40: hotel,,41: Wheelchair,42: accessible,","19: buffet,",No,,No,,No,,No,,,,,4,,,"3: luxury,44: thrilling",No,,No,,No,,Yes,,,,,6,,,"5: luxurious,13: elegant,14: accommodation,38: at,39: the,40: wellness,41: center,,88: subject,89: to,90: availability.",No,,No,,No,,Yes,,,,,5,,,"12: luxurious,18: sunny,19: city,63: diving,64: in,65: the,66: crystal-clear,67: waters,68: of,69: the,70: Red,71: Sea.,109: perfect,110: for,111: unwinding,112: and,113: rejuvenating.",No,,No,,No,,Yes,,,,,6,,,"16: in,17: the,18: heart,24: stunning,25: accommodation,61: easy,62: for,63: guests,64: to,65: explore,66: the,67: local,68: area.,145: top-notch,",No,,No,,No,,Yes,,,,,6,,,,,,,,,,,,,,,,,,,,,,,,,,,,,,,,,,,,,,,,,,,,,,,,,,,,,,,,,,,,,,,,,,,,,,,,,,,,,,,,,,,,,,,,,,,,,,,,,,,,,,,,,,,,,,,,,,,,,,,,,,,,,,,,,,,,,,,,,,,,,,,,,,,,,,,,,,,,,,,,,,,,,,,,,,,,,,,,,,,,,,,,,,,,,,,,,,,,,,,,,,,,,,,,,,,,,,,,,,,,,,,,,,,,,,,,,,,,,,,,,,,,,,,,,,,,,,,,,,,,,,,,,,,,,,,,,,,,,,,,,,,,,,,,,,,,,,,,,,,,,,5,45,4,,5,4,yes,no,4,,,
4/16/24 8:56,4/16/24 9:13,IP Address,*******,100,1019,TRUE,4/16/24 9:13,,*******,*******,*******,*******,*******,*******,anonymous,EN,0.8999999761581421,Yes,,,,English,,,,"10: luxurious,13: located,14: in,15: the,16: heart,17: of,26: stunning,27: views,",No,No,"Libya
he heart of","Libya
The hotel also has a range of dining options.",Yes,"5
Pets allowed","4
Unfortunately, the hotel is not pet-friendly.","5
Egypt
Pets allowed","4
Libya
Unfortunately, the hotel is not pet-friendly.",Yes,"And if you are traveling with pets, the hotel is pet-friendly!
And if you are traveling with pets, the hotel is pet-friendly!","the hotel is pet-friendly!
Unfortunately, the hotel is not pet-friendly.",,,No,,Yes,Yes,,,,,,,,5,,,"7: alluring,20: swimming,21: pool.",No,,Yes,Yes,,,,,,,,3,,,,,,,,,,,,,,,,,,,,,,,,,,,,,,,,,,,,,,,,,,,,,,,,,,,,,,,,,,,,,,,,,,,,,,,,,,,,,,,,,,,,,,,,,,,,,,,,,,,,,,,,,,,,,,,,,,,,,,,,,,,,,,,,,,,,,,,,,,,,,,,,,,,,,,,,,,,,,,,,,,,,,,,,,,,,,,,,,,,,,,,,,,,,,,,,,,,,,,,,,,,,,,,,,,,,,,,,,,,,,,,,,,,,,,,,,,,,,,,,,,,,,,,,,,,,,,,,,,,,,,,,,,,,,,,,,,,,,,,,,,,,,,,,,,,,,,,,,,,,,,,,,,,,,,,,,,,,,,,,,,,,,,,,,,,,,,,,,,,,,,,,,,,,,,,,,,,,,,,,,,,,,,,,,,,,,,,,,,,,,,,,,,,,
4/17/24 5:24,4/17/24 5:58,IP Address,*******,100,2008,TRUE,4/17/24 5:58,,*******,*******,*******,*******,*******,*******,anonymous,EN,0.8999999761581421,Yes,,,,English,,,,"14: in,15: the,16: heart,21: Many,22: of,23: the,24: rooms,25: offer,26: stunning,27: views,,39: The,40: hotel,41: also,42: has,43: a,44: range,45: of,46: dining,47: options.,93: making,94: it,95: an,96: ideal,97: choice,98: for,99: business,100: travelers.",No,No,Libya,"Libya
The hotel also has a range of dining options.",Yes,"5
Egypt
Pets allowed","4
Libya
Unfortunately, the hotel is not pet-friendly.",,,Yes,"And if you are traveling with pets, the hotel is pet-friendly!
Unfortunately, the hotel is not pet-friendly.",,18: Hotel,"21: luxurious,33: Unwind,34: in,35: cozy,36: rooms",No,,No,,No,,No,,,,,6,,,"7: alluring,20: swimming,21: pool.",No,,No,,Yes,swimming pool.,,Yes,,,,5,,,,,,,,,,,,,,,,,,,,,,,,,,,,,,,,,,,,,,,,,,,,,,,,,,,,,,,,,,,,,,,,,,,,,,,,,,,,,,,,,,,,,,,,,,,,,,,,,,,,,,,,,,,,,,,,,,,,,,,,,,,,,,,,,,,,,,,,,,,,,,,,,,,,,,,,,,,,,,,,,,,,,,,,,,,,,,,,,,,,,,,,,,,,,,,,,,,,,,,,,,,,,,,,,,,,,,,,,,,,,,,,,,,,,,,,,,,,,,,,,,,,,,,,,,,,,,,,,,,,,,,,,,,,,,,,,,,,,,,,,,,,,,,,,,,,,,,,,,,,,,,"5: cozy,11: welcomes,12: guests,13: with,14: a,15: warm,16: and,17: inviting,18: atmosphere.,23: convenient,26: for,27: your,28: assistance.,31: delicious,33: to,34: start,35: your,36: day,37: and,38: indulge,42: for,43: relaxation,44: and,45: rejuvenation.,46: For,47: entertainment,,57: Families,58: will,59: appreciate,76: The,77: comfortable,78: rooms,85: for,86: your,87: comfort.",No,,No,,No,,Yes,,,,,7,,,"1: Experience,2: luxury,3: at,4: its,5: finest,22: This,23: prestigious,25: offers,26: unparalleled,27: hospitality,28: with,29: a,30: range,31: of,32: amenities,33: and,34: services,35: to,36: ensure,37: a,38: memorable,39: stay.,40: Enjoy,41: the,42: convenience,43: of,47: stay,48: connected,54: Indulge,55: in,56: exciting,57: activities,65: relax,70: indulge,75: rejuvenate,79: Families,80: will,81: appreciate,98: cater,99: to,100: all,101: guests',102: needs.",No,,No,,No,,Yes,,,,,7,,,"7: stunning,13: beautiful,18: It,19: offers,20: guests,21: an,22: exceptional,23: experience,24: with,25: a,26: variety,27: of,28: facilities,29: and,30: amenities.,31: The,32: resort,33: is,34: perfect,35: for,36: those,37: who,38: want,39: to,40: enjoy,41: a,42: comfortable,43: and,44: relaxing,45: stay,46: while,47: exploring,48: the,49: city.,55: where,56: you,57: can,58: enjoy,59: a,60: drink,61: or,62: two,63: with,64: friends,65: or,66: family.,80: a,81: flat-screen,82: TV,83: for,84: your,85: entertainment.,94: and,95: other,96: sports,97: activities,98: for,99: guests,100: to,101: enjoy.,102: For,103: families,,134: for,135: guests,136: who,137: want,138: to,139: indulge,140: in,141: some,142: pampering,143: during,144: their,145: stay.,146: The,147: hotel's,148: accessibility,149: features,150: include,159: making,160: it,161: suitable,162: for,163: guests,164: with,165: disabilities.,166: Overall,,167: the,168: Piscina,169: Rei,170: Resort,171: is,172: a,173: perfect,174: destination,175: for,176: those,177: seeking,178: a,179: luxurious,180: and,181: relaxing,182: stay,183: in",No,,No,,Yes," flat-screen TV for your entertainment.
and other sports activities for guests to enjoy.",,Yes,,,,3,,"41: Kids,42: stay,43: for,44: free,,47: Wellness:,48: Body,49: treatments,,50: Hot,51: tub","12: luxurious,18: beautiful,24: This,25: stunning,26: accommodation,27: offers,28: breathtaking,29: views,30: of,31: the,32: Red,33: Sea,34: and,35: provides,36: guests,37: with,38: a,39: wide,40: range,41: of,42: facilities,43: and,44: amenities,45: to,46: ensure,47: a,48: comfortable,49: and,50: enjoyable,51: stay.,52: As,53: a,54: guest,55: of,56: the,57: hotel,,58: you,59: can,60: enjoy,61: access,62: to,63: a,64: private,65: beach,,66: where,67: you,68: can,69: soak,70: up,71: the,72: sun,73: and,74: take,75: a,76: refreshing,77: dip,78: in,79: the,80: crystal-clear,81: waters,82: of,83: the,84: Red,85: Sea.,93: where,94: you,95: can,96: enjoy,97: a,98: refreshing,99: drink,100: or,101: a,102: light,103: snack,104: while,105: taking,106: in,107: the,108: stunning,109: views.,118: so,119: you,120: can,121: stay,122: connected,123: with,124: your,125: loved,126: ones,127: or,128: work,129: while,130: on,131: the,132: go.,143: providing,144: you,145: with,146: all,147: the,148: comforts,149: and,150: conveniences,151: you,152: need,153: for,154: a,155: relaxing,156: stay.,157: If,158: you're,159: looking,160: for,161: adventure,,162: the,163: hotel,164: offers,165: a,166: range,167: of,168: sports,169: activities,,172: so,173: you,174: can,175: explore,176: the,177: underwater,178: world,179: of,180: the,181: Red,182: Sea.",No,,No,,Yes,"As a guest of the hotel, you can enjoy access to a private beach, where you can soak up the sun and take a refreshing dip in the crystal-clear waters of the Red Sea.",,No,No,,,3,,"24: Cashless,25: payment,,26: Car,27: hire,41: Organised,42: activities,43: for,44: kids,,45: Childcare,,55: Wheelchair,56: accessible",,No,,Yes,No,,,,,,,,4,,4 to 5 minutes,30 to 40 minutes,3,figuring out what would be considered a contradiction.,4,4,yes,clearer guidelines on what to highlight as divergent information,4,no,,
4/18/24 10:09,4/18/24 10:24,IP Address,*******,100,892,TRUE,4/18/24 10:24,,*******,*******,*******,*******,*******,*******,anonymous,EN,1,Yes,,,,English,,,"44: Steam,45: room","21: Many,22: of,23: the,24: rooms,25: offer,26: stunning,27: views,,44: range,45: of,46: dining,47: options.",No,No,Libya,"Libya
The hotel also has a range of dining options.",Yes,"5
Egypt
Pets allowed","4
Libya
Unfortunately, the hotel is not pet-friendly.",,,Yes,"the hotel is pet-friendly
Unfortunately, the hotel is not pet-friendly.","the hotel is pet-friendly!
Unfortunately, the hotel is not pet-friendly.",,"4: alluring,14: haven,21: luxurious,22: stay,25: pulsating,31: enhanced,32: safety.,35: cozy,59: invigorating",No,,No,,No,,Yes,,,,,3,,,"7: alluring,20: swimming,21: pool.",No,,No,,No,,Yes,,,,,4,,,,,,,,,,,,,,,,,,,,,,,,,,,,,,,,,,,,,,,,,,,,,,,,,,,,,,,,,,,,,,,,,,,,,,,,,,,,,,,,,,,,,,,,,,,,,,,,,,,,,,,,,,,,,,,,,,,,,,,,,,,,,,,,,,,,,,,,,,,,,,,,,,,,,,,,,,,,,,,,,,,,,,,,,,,,,,,,,,,,,,,,,,,,,,,,,,,,,,,,,,,,,,,,,,,,,,,,,,,,,,,,,,,,,,,,,,,,,,,,,,,,,,,,,,,,,,,,,,,,,,,,,,,,,,,,,,,,,,,,,,,,,,,,,,,,,,,,,,,,,,,,,,,,,,,,,,,,,,,,,,,,,,,,,,,,,,,,,,,,,,,,,,,,,,,,,,,,,,,,,,,,,,,,,,,,,,,,,,,,,,,,,,,,
4/18/24 9:59,4/18/24 10:26,IP Address,*******,100,1597,TRUE,4/18/24 10:26,,*******,*******,*******,*******,*******,*******,anonymous,EN,0.699999988,Yes,,,,English,,,"44: Steam,45: room","26: stunning,27: views,,46: dining,47: options.",No,No,"Libya
the hotel also has a range of dining options","Libya
The hotel also has a range of dining options.",Yes,"5
Pets allowed
Egypt
","4
Unfortunately, the hotel is not pet-friendly
Libya","5
Egypt
Pets allowed","4
Libya
Unfortunately, the hotel is not pet-friendly.",Yes,"Pets allowed, Unfortunately, the hotel is not pet-friendly.","the hotel is pet-friendly!
Unfortunately, the hotel is not pet-friendly.",,,No,,Yes,Yes,,,,,,,,6,,,,No,,No,,Yes,swimming pool.,,Yes,,,,4,,,,,,,,,,,,,,,,,,,,,,,,,,,,,,,,,,,,,,,,,,,,,,,,,,,,,,,,,,,,,,,,,,,,,,,,,,,,,,,,,,,,,,,,,,,,,,,,,,,,,,,,,,,,,,,,,,,,,,,,,,,,,,,,,,,,,,,,,,,,,,,,,,,,,,,,,,,,,,,,,,,,,,,,,,,,,,,,,,,,,,,,,,,,,,,,,,,,,,,,,,,,,,,,,,,,,,,,,,,,,,,,,,,,,,,,,,,,,,,,,,,,,,,,,,,,,,,,,,,,,,,,,,,,,,,,,,,,,,,,,,,,,,,,,,,,,,,,,,,,,,,,,,,,,,,,,,,,,,,,,,,,,,,,,,,,,,,,,,,,,,,,,,,,,,,,,,,,,,,,,,,,,,,,,,,,,,,,,,,,,,,,,,,,
4/18/24 10:00,4/18/24 10:29,IP Address,*******,100,1783,TRUE,4/18/24 10:29,,*******,*******,*******,*******,*******,*******,anonymous,EN,0.8999999761581421,Yes,,,,English,,,"44: Steam,45: room","25: offer,26: stunning,27: views,,44: range,45: of,46: dining,47: options.,93: making,94: it,95: an,96: ideal,97: choice,98: for,99: business,100: travelers.,115: before,116: or,117: after,118: check-in.",No,No,"The Four Seasons Resort Sharm El Sheikh is a luxurious 5-star hotel located in the heart of Sharm el-Sheikh, Libya.","Libya
The hotel also has a range of dining options.",Yes,"5
Egypt
Pets allowed","4
 Libya
Unfortunately, the hotel is not pet-friendly.","5
Egypt
Pets allowed","4
Libya
Unfortunately, the hotel is not pet-friendly.",Yes,"And if you are traveling with pets, the hotel is pet-friendly!
Unfortunately, the hotel is not pet-friendly.",,18: Hotel,"14: haven,21: luxurious,25: pulsating,30: for,31: enhanced,32: safety.,35: cozy,36: rooms",No,,No,,No,,No,,,,,5,,,"20: swimming,21: pool.",No,,No,,Yes,swimming pool,,Yes,,,,6,,,,,,,,,,,,,,,,,,,,,,,,,,,,,,,,,,,,,,,,,,,,,,,,,,,,,,,,,,,,,,,,,,,,,,,,,,,,,,,,,,,,,,,,,,,,,,,,,,,,,,,,,,,,,,,,,,,,,,,,,,,,,,,,,,,,,,,,,,,,,,,,,,,,,,,,,,,,,,,,,,,,,,,,,,,,,,,,,,,,,,,,,,,,,,,,,,,,,,,,,,,,,,,,,,,,,,,,,,,,,,,,,,,,,,,,,,,,,,,,,,,,,,,,,,,,,,,,,,,,,,,,,,,,,,,,,,,,,,,,,,,,,,,,,,,,,,,,,,,,,,,,,,,,,,,,,,,,,,,,,,,,,,,,,,,,,,,,,,,,,,,,,,,,,,,,,,,,,,,,,,,,,,,,,,,,,,,,,,,,,,,,,,,,
4/18/24 10:13,4/18/24 10:31,IP Address,*******,100,1102,TRUE,4/18/24 10:31,,*******,*******,*******,*******,*******,*******,anonymous,EN,0.8999999761581421,Yes,,,,English,,,"44: Steam,45: room","10: luxurious,11: 5-star,21: Many,22: of,23: the,24: rooms,25: offer,26: stunning,27: views,,39: The,40: hotel,41: also,42: has,43: a,44: range,45: of,46: dining,47: options.,70: If,71: you,72: are,73: traveling,74: with,75: children,,93: making,94: it,95: an,96: ideal,97: choice,98: for,99: business,100: travelers.,107: for,108: those,109: who,110: need,111: to,112: store,113: their,114: bags,115: before,116: or,117: after,118: check-in.,119: For,120: those,121: with,122: accessibility,123: needs,,129: And,130: if,131: you,132: are,133: traveling,134: with,135: pets,",Yes,Yes,Many of the rooms offer stunning views,"Libya
The hotel also has a range of dining options.",Yes,"5
",4,"5
Egypt
Pets allowed","4
Libya
Unfortunately, the hotel is not pet-friendly.",Yes,"Unfortunately, the hotel is not pet-friendly.

","the hotel is pet-friendly!
Unfortunately, the hotel is not pet-friendly.",,"33: Unwind,34: in,35: cozy,36: rooms,56: Pamper,57: yourself,58: with,59: invigorating",No,,Yes,Yes,,,,,,,,6,NA,,"20: swimming,21: pool.",No,,Yes,Yes,,,,,,,,5,,,,,,,,,,,,,,,,,,,,,,,,,,,,,,,,,,,,,,,,,,,,,,,,,,,,,,,,,,,,,,,,,,,,,,,,,,,,,,,,,,,,,,,,,,,,,,,,,,,,,,,,,,,,,,,,,,,,,,,,,,,,,,,,,,,,,,,,,,,,,,,,,,,,,,,,,,,,,,,,,,,,,,,,,,,,,,,,,,,,,,,,,,,,,,,,,,,,,,,,,,,,,,,,,,,,,,,,,,,,,,,,,,,,,,,,,,,,,,,,,,,,,,,,,,,,,,,,,,,,,,,,,,,,,,,,,,,,,,,,,,,,,,,,,,,,,,,,,,,,,,,,,,,,,,,,,,,,,,,,,,,,,,,,,,,,,,,,,,,,,,,,,,,,,,,,,,,,,,,,,,,,,,,,,,,,,,,,,,,,,,,,,,,,
4/18/24 10:15,4/18/24 10:31,IP Address,*******,100,1012,TRUE,4/18/24 10:31,,*******,*******,*******,*******,*******,*******,anonymous,EN,0.8999999761581421,Yes,,,,English,,,,"16: heart,17: of,18: Sharm,26: stunning,27: views,,139: pet-friendly!",No,No,"Many of the rooms offer stunning views,
the heart of Sharm el-Sheikh,
Libya.","Libya
The hotel also has a range of dining options.",Yes,5,"4
Unfortunately, the hotel is not pet-friendly.","5
Egypt
Pets allowed","4
Libya
Unfortunately, the hotel is not pet-friendly.",Yes,"Unfortunately, the hotel is not pet-friendly.","the hotel is pet-friendly!
Unfortunately, the hotel is not pet-friendly.",,,No,,Yes,Yes,,,,,,,,1,No,,"20: swimming,21: pool.",No,,No,,Yes,"swimming pool,",,Yes,,,,2,No,,,,,,,,,,,,,,,,,,,,,,,,,,,,,,,,,,,,,,,,,,,,,,,,,,,,,,,,,,,,,,,,,,,,,,,,,,,,,,,,,,,,,,,,,,,,,,,,,,,,,,,,,,,,,,,,,,,,,,,,,,,,,,,,,,,,,,,,,,,,,,,,,,,,,,,,,,,,,,,,,,,,,,,,,,,,,,,,,,,,,,,,,,,,,,,,,,,,,,,,,,,,,,,,,,,,,,,,,,,,,,,,,,,,,,,,,,,,,,,,,,,,,,,,,,,,,,,,,,,,,,,,,,,,,,,,,,,,,,,,,,,,,,,,,,,,,,,,,,,,,,,,,,,,,,,,,,,,,,,,,,,,,,,,,,,,,,,,,,,,,,,,,,,,,,,,,,,,,,,,,,,,,,,,,,,,,,,,,,,,,,,,,,,
4/18/24 10:19,4/18/24 10:33,IP Address,*******,100,841,TRUE,4/18/24 10:33,,*******,*******,*******,*******,*******,*******,anonymous,EN,1,Yes,,,,English,,,"43: Wellness:,44: Steam,45: room","13: located,14: in,15: the,16: heart,17: of,18: Sharm,19: el-Sheikh,,20: Egypt.,21: Many,22: of,23: the,24: rooms,25: offer,26: stunning,27: views,,39: The,40: hotel,41: also,42: has,43: a,44: range,45: of,46: dining,47: options.",Yes,Yes,"luxurious
the heart of
The hotel also has a range of dining options.
","Libya
The hotel also has a range of dining options.",Yes,"5
Egypt
Pets allowed","4
Libya
Unfortunately, the hotel is not pet-friendly.",,,No,,"the hotel is pet-friendly!
Unfortunately, the hotel is not pet-friendly.",,,No,,No,,No,,Yes,,,,,7,No.,,"20: swimming,21: pool.",No,,No,,Yes,swimming pool.,,Yes,,,,6,No.,,,,,,,,,,,,,,,,,,,,,,,,,,,,,,,,,,,,,,,,,,,,,,,,,,,,,,,,,,,,,,,,,,,,,,,,,,,,,,,,,,,,,,,,,,,,,,,,,,,,,,,,,,,,,,,,,,,,,,,,,,,,,,,,,,,,,,,,,,,,,,,,,,,,,,,,,,,,,,,,,,,,,,,,,,,,,,,,,,,,,,,,,,,,,,,,,,,,,,,,,,,,,,,,,,,,,,,,,,,,,,,,,,,,,,,,,,,,,,,,,,,,,,,,,,,,,,,,,,,,,,,,,,,,,,,,,,,,,,,,,,,,,,,,,,,,,,,,,,,,,,,,,,,,,,,,,,,,,,,,,,,,,,,,,,,,,,,,,,,,,,,,,,,,,,,,,,,,,,,,,,,,,,,,,,,,,,,,,,,,,,,,,,,
4/18/24 10:16,4/18/24 10:35,IP Address,*******,100,1142,TRUE,4/18/24 10:35,,*******,*******,*******,*******,*******,*******,anonymous,EN,0.8999999761581421,Yes,,,,English,,,,"44: range,45: of,46: dining,47: options.,104: luggage,105: storage,106: available",No,Yes,"Libya
Many of the rooms offer stunning views","Libya
The hotel also has a range of dining options.",Yes,"5
pets allowed","4
Unfortunately, the hotel is not pet-friendly.","5
Egypt
Pets allowed","4
Libya
Unfortunately, the hotel is not pet-friendly.",Yes,"the hotel is pet-friendly!
Unfortunately, the hotel is not pet-friendly","the hotel is pet-friendly!
Unfortunately, the hotel is not pet-friendly.",,,No,,Yes,No,,,,,,,,5,,,"20: swimming,21: pool.",Yes,"alluring 4 star hotel 
swimming pool",,,,,,,,,,3,,,,,,,,,,,,,,,,,,,,,,,,,,,,,,,,,,,,,,,,,,,,,,,,,,,,,,,,,,,,,,,,,,,,,,,,,,,,,,,,,,,,,,,,,,,,,,,,,,,,,,,,,,,,,,,,,,,,,,,,,,,,,,,,,,,,,,,,,,,,,,,,,,,,,,,,,,,,,,,,,,,,,,,,,,,,,,,,,,,,,,,,,,,,,,,,,,,,,,,,,,,,,,,,,,,,,,,,,,,,,,,,,,,,,,,,,,,,,,,,,,,,,,,,,,,,,,,,,,,,,,,,,,,,,,,,,,,,,,,,,,,,,,,,,,,,,,,,,,,,,,,,,,,,,,,,,,,,,,,,,,,,,,,,,,,,,,,,,,,,,,,,,,,,,,,,,,,,,,,,,,,,,,,,,,,,,,,,,,,,,,,,,,,,
4/18/24 10:14,4/18/24 10:37,IP Address,*******,100,1349,TRUE,4/18/24 10:37,,*******,*******,*******,*******,*******,*******,anonymous,EN,1,Yes,,,,English,,,,,No,No,"luxurious,  Libya, Many of the rooms offer stunning views, The hotel also has a range of dining options, making it an ideal choice for business travelers","Libya
The hotel also has a range of dining options.",Yes,"5
Egypt
Pets allowed","4
Libya
Unfortunately, the hotel is not pet-friendly","5
Egypt
Pets allowed","4
Libya
Unfortunately, the hotel is not pet-friendly.",Yes,"And if you are traveling with pets, the hotel is pet-friendly!
Unfortunately, the hotel is not pet-friendly.",,,,No,,Yes,Yes,,,,,,,,7,,,"20: swimming,21: pool.",No,,No,,Yes,Swimming pool,,Yes,,,,6,no,,,,,,,,,,,,,,,,,,,,,,,,,,,,,,,,,,,,,,,,,,,,,,,,,,,,,,,,,,,,,,,,,,,,,,,,,,,,,,,,,,,,,,,,,,,,,,,,,,,,,,,,,,,,,,,,,,,,,,,,,,,,,,,,,,,,,,,,,,,,,,,,,,,,,,,,,,,,,,,,,,,,,,,,,,,,,,,,,,,,,,,,,,,,,,,,,,,,,,,,,,,,,,,,,,,,,,,,,,,,,,,,,,,,,,,,,,,,,,,,,,,,,,,,,,,,,,,,,,,,,,,,,,,,,,,,,,,,,,,,,,,,,,,,,,,,,,,,,,,,,,,,,,,,,,,,,,,,,,,,,,,,,,,,,,,,,,,,,,,,,,,,,,,,,,,,,,,,,,,,,,,,,,,,,,,,,,,,,,,,,,,,,,,
4/18/24 10:17,4/18/24 10:37,IP Address,*******,100,1215,TRUE,4/18/24 10:37,,*******,*******,*******,*******,*******,*******,anonymous,EN,0.8999999761581421,Yes,,,,English,,,"10: 5,12: Sharm,13: el-Sheikh,15: Egypt,21: Pets,22: allowed,,23: Conference,24: rooms,,25: Luggage,26: storage,29: Balcony,33: Table,34: tennis,,35: Tennis,36: court,39: Organised,40: activities,41: for,42: kids,44: Steam,45: room,47: Accessible,48: parking","10: luxurious,14: in,15: the,16: heart,25: offer,26: stunning,27: views,,39: The,40: hotel,41: also,42: has,43: a,44: range,45: of,46: dining,47: options.,115: before,116: or,117: after,118: check-in.",No,No,"Libya
The hotel also has a range of dining options","Libya

The hotel also has a range of dining options.",Yes,"5
Egypt
Pets Allowed
","4
Libya
Unfortunately, the hotel is not pet friendly","5
Egypt
Pets allowed","4
Libya
Unfortunately, the hotel is not pet-friendly.",Yes,"Many of the rooms offer stunning views,
Unfortunately, the hotel is not pet-friendly.
","the hotel is pet-friendly!
Unfortunately, the hotel is not pet-friendly.",,"14: haven,31: enhanced,32: safety.,59: invigorating,64: wellness,65: center.",Yes,"Haven
Invigorating
wellness center
enhanced safety",,,,,,,,,,6,,"17: Hotel,18: safe","7: alluring,20: swimming,21: pool.",Yes,"alluring
Swimming pool",,,,,,,,,,5,,,,,,,,,,,,,,,,,,,,,,,,,,,,,,,,,,,,,,,,,,,,,,,,,,,,,,,,,,,,,,,,,,,,,,,,,,,,,,,,,,,,,,,,,,,,,,,,,,,,,,,,,,,,,,,,,,,,,,,,,,,,,,,,,,,,,,,,,,,,,,,,,,,,,,,,,,,,,,,,,,,,,,,,,,,,,,,,,,,,,,,,,,,,,,,,,,,,,,,,,,,,,,,,,,,,,,,,,,,,,,,,,,,,,,,,,,,,,,,,,,,,,,,,,,,,,,,,,,,,,,,,,,,,,,,,,,,,,,,,,,,,,,,,,,,,,,,,,,,,,,,,,,,,,,,,,,,,,,,,,,,,,,,,,,,,,,,,,,,,,,,,,,,,,,,,,,,,,,,,,,,,,,,,,,,,,,,,,,,,,,,,,,,,
4/18/24 10:10,4/18/24 10:37,IP Address,*******,100,1648,TRUE,4/18/24 10:37,,*******,*******,*******,*******,*******,*******,anonymous,EN,0.8999999761581421,Yes,,,,English,,,"44: Steam,45: room","26: stunning,27: views,,46: dining,47: options.",No,Yes,"Libya
The hotel also has a range of dining options","Libya
The hotel also has a range of dining options.",Yes,"5
Egypt
Pets allowed","4
Libya
Unfortunately, the hotel is not pet-friendly.",,,Yes,"the hotel is pet-friendly!
Unfortunately, the hotel is not pet-friendly","the hotel is pet-friendly!
Unfortunately, the hotel is not pet-friendly.",,,No,,No,,No,,Yes,,,,,6,,,"20: swimming,21: pool.",No,,No,,Yes,swimming pool.,,Yes,,,,3,,,,,,,,,,,,,,,,,,,,,,,,,,,,,,,,,,,,,,,,,,,,,,,,,,,,,,,,,,,,,,,,,,,,,,,,,,,,,,,,,,,,,,,,,,,,,,,,,,,,,,,,,,,,,,,,,,,,,,,,,,,,,,,,,,,,,,,,,,,,,,,,,,,,,,,,,,,,,,,,,,,,,,,,,,,,,,,,,,,,,,,,,,,,,,,,,,,,,,,,,,,,,,,,,,,,,,,,,,,,,,,,,,,,,,,,,,,,,,,,,,,,,,,,,,,,,,,,,,,,,,,,,,,,,,,,,,,,,,,,,,,,,,,,,,,,,,,,,,,,,,,,,,,,,,,,,,,,,,,,,,,,,,,,,,,,,,,,,,,,,,,,,,,,,,,,,,,,,,,,,,,,,,,,,,,,,,,,,,,,,,,,,,,,
4/18/24 10:21,4/18/24 10:38,IP Address,*******,100,1026,TRUE,4/18/24 10:38,,*******,*******,*******,*******,*******,*******,anonymous,EN,1,Yes,,,,English,,,"43: Wellness:,44: Steam,45: room","10: luxurious,14: in,15: the,16: heart,17: of,18: Sharm,19: el-Sheikh,,21: Many,22: of,23: the,24: rooms,25: offer,26: stunning,27: views,,39: The,40: hotel,41: also,42: has,43: a,44: range,45: of,46: dining,47: options.,58: a,59: range,60: of,61: sport,62: facilities,,95: an,96: ideal,97: choice,98: for,99: business,100: travelers.",No,No,"Libya 
The hotel also has a range of dining options.","Libya
The hotel also has a range of dining options.",Yes,"5
Egypt
Pets allowed","4
Libya
Unfortunately, the hotel is not pet-friendly.",,,Yes,"Unfortunately, the hotel is not pet-friendly.
And if you are traveling with pets, the hotel is pet-friendly!","the hotel is pet-friendly!
Unfortunately, the hotel is not pet-friendly.",18: Hotel,,No,,Yes,No,,,,,,,,6,,,"20: swimming,21: pool.",No,,Yes,No,,,,,,,,3,,,,,,,,,,,,,,,,,,,,,,,,,,,,,,,,,,,,,,,,,,,,,,,,,,,,,,,,,,,,,,,,,,,,,,,,,,,,,,,,,,,,,,,,,,,,,,,,,,,,,,,,,,,,,,,,,,,,,,,,,,,,,,,,,,,,,,,,,,,,,,,,,,,,,,,,,,,,,,,,,,,,,,,,,,,,,,,,,,,,,,,,,,,,,,,,,,,,,,,,,,,,,,,,,,,,,,,,,,,,,,,,,,,,,,,,,,,,,,,,,,,,,,,,,,,,,,,,,,,,,,,,,,,,,,,,,,,,,,,,,,,,,,,,,,,,,,,,,,,,,,,,,,,,,,,,,,,,,,,,,,,,,,,,,,,,,,,,,,,,,,,,,,,,,,,,,,,,,,,,,,,,,,,,,,,,,,,,,,,,,,,,,,,,
4/18/24 10:16,4/18/24 10:38,IP Address,*******,100,1324,TRUE,4/18/24 10:38,,*******,*******,*******,*******,*******,*******,anonymous,EN,1,Yes,,,,English,,,"10: 5,12: Sharm,13: el-Sheikh,15: Egypt","26: stunning,27: views,,46: dining,47: options.,61: sport,62: facilities,,65: tennis,66: court,68: table,69: tennis.,104: luggage,105: storage,127: accessible,128: parking.,139: pet-friendly!",No,No,Libya,"Libya
The hotel also has a range of dining options.",Yes,"5
Egypt
Pets allowed","4
Libya
Unfortunately, the hotel is not pet-friendly","5
Egypt
Pets allowed","4
Libya
Unfortunately, the hotel is not pet-friendly.",Yes,"Unfortunately, the hotel is not pet-friendly","the hotel is pet-friendly!
Unfortunately, the hotel is not pet-friendly.",,,No,,Yes,Yes,,,,,,,,7,,,,No,,Yes,Yes,,,,,,,,7,,,,,,,,,,,,,,,,,,,,,,,,,,,,,,,,,,,,,,,,,,,,,,,,,,,,,,,,,,,,,,,,,,,,,,,,,,,,,,,,,,,,,,,,,,,,,,,,,,,,,,,,,,,,,,,,,,,,,,,,,,,,,,,,,,,,,,,,,,,,,,,,,,,,,,,,,,,,,,,,,,,,,,,,,,,,,,,,,,,,,,,,,,,,,,,,,,,,,,,,,,,,,,,,,,,,,,,,,,,,,,,,,,,,,,,,,,,,,,,,,,,,,,,,,,,,,,,,,,,,,,,,,,,,,,,,,,,,,,,,,,,,,,,,,,,,,,,,,,,,,,,,,,,,,,,,,,,,,,,,,,,,,,,,,,,,,,,,,,,,,,,,,,,,,,,,,,,,,,,,,,,,,,,,,,,,,,,,,,,,,,,,,,,,
4/18/24 10:07,4/18/24 10:40,IP Address,*******,100,1947,TRUE,4/18/24 10:40,,*******,*******,*******,*******,*******,*******,anonymous,EN,1,Yes,,,,English,,,"18: Hotel,44: Steam,45: room","10: luxurious,16: heart,17: of,21: Many,22: of,23: the,24: rooms,25: offer,26: stunning,27: views,,39: The,40: hotel,41: also,42: has,43: a,44: range,45: of,46: dining,47: options.,57: has,58: a,59: range,60: of,61: sport,62: facilities,,63: including",No,Yes,"in the heart of Sharm el-Sheikh, Libya.
","Libya
The hotel also has a range of dining options.",Yes,"Star rating: 55
Country: Egypt
Pets allowed","is a 4-star hotel 4
located in the heart of Sharm el-Sheikh, Libya.
Unfortunately, the hotel is not pet-friendly.","5
Egypt
Pets allowed","4
Libya
Unfortunately, the hotel is not pet-friendly.",Yes,"And if you are traveling with pets, the hotel is pet-friendly!
Unfortunately, the hotel is not pet-friendly.",,,,No,,No,,No,,Yes,,,,,7,,,,No,,No,,Yes,swimming pool,,Yes,,,,7,,,,,,,,,,,,,,,,,,,,,,,,,,,,,,,,,,,,,,,,,,,,,,,,,,,,,,,,,,,,,,,,,,,,,,,,,,,,,,,,,,,,,,,,,,,,,,,,,,,,,,,,,,,,,,,,,,,,,,,,,,,,,,,,,,,,,,,,,,,,,,,,,,,,,,,,,,,,,,,,,,,,,,,,,,,,,,,,,,,,,,,,,,,,,,,,,,,,,,,,,,,,,,,,,,,,,,,,,,,,,,,,,,,,,,,,,,,,,,,,,,,,,,,,,,,,,,,,,,,,,,,,,,,,,,,,,,,,,,,,,,,,,,,,,,,,,,,,,,,,,,,,,,,,,,,,,,,,,,,,,,,,,,,,,,,,,,,,,,,,,,,,,,,,,,,,,,,,,,,,,,,,,,,,,,,,,,,,,,,,,,,,,,,,
4/18/24 10:08,4/18/24 10:40,IP Address,*******,100,1943,TRUE,4/18/24 10:40,,*******,*******,*******,*******,*******,*******,anonymous,EN,1,Yes,,,,English,,,"21: Pets,22: allowed,,43: Wellness:,44: Steam,45: room","10: luxurious,39: The,40: hotel,41: also,42: has,43: a,44: range,45: of,46: dining,47: options.,48: For,49: those,50: who,51: like,52: to,53: stay,54: active,,70: If,71: you,72: are,73: traveling,74: with,75: children,,93: making,94: it,95: an,96: ideal,97: choice,98: for,99: business,100: travelers.,107: for,108: those,109: who,110: need,111: to,112: store,113: their,114: bags,115: before,116: or,117: after,118: check-in.,119: For,120: those,121: with,122: accessibility,123: needs,,129: And,130: if,131: you,132: are,133: traveling,134: with,135: pets,",No,Yes,"Libya
","Libya
The hotel also has a range of dining options.",Yes," 5
Egypt
Pets allowed","4
Libya
Unfortunately, the hotel is not pet-friendly.","5
Egypt
Pets allowed","4
Libya
Unfortunately, the hotel is not pet-friendly.",Yes,"And if you are traveling with pets, the hotel is pet-friendly!
Unfortunately, the hotel is not pet-friendly.",,,"4: alluring,14: haven,25: pulsating,31: enhanced,32: safety.,33: Unwind,34: in,35: cozy,36: rooms,56: Pamper,57: yourself,58: with,59: invigorating,65: center.",No,,No,,Yes,wellness center.,,Yes,,,,3,no,,"7: alluring,20: swimming,21: pool.",No,,No,,No,,Yes,,,,,7,no,,,,,,,,,,,,,,,,,,,,,,,,,,,,,,,,,,,,,,,,,,,,,,,,,,,,,,,,,,,,,,,,,,,,,,,,,,,,,,,,,,,,,,,,,,,,,,,,,,,,,,,,,,,,,,,,,,,,,,,,,,,,,,,,,,,,,,,,,,,,,,,,,,,,,,,,,,,,,,,,,,,,,,,,,,,,,,,,,,,,,,,,,,,,,,,,,,,,,,,,,,,,,,,,,,,,,,,,,,,,,,,,,,,,,,,,,,,,,,,,,,,,,,,,,,,,,,,,,,,,,,,,,,,,,,,,,,,,,,,,,,,,,,,,,,,,,,,,,,,,,,,,,,,,,,,,,,,,,,,,,,,,,,,,,,,,,,,,,,,,,,,,,,,,,,,,,,,,,,,,,,,,,,,,,,,,,,,,,,,,,,,,,,,
4/18/24 10:26,4/18/24 10:42,IP Address,*******,100,952,TRUE,4/18/24 10:42,,*******,*******,*******,*******,*******,*******,anonymous,EN,1,Yes,,,,English,,,"44: Steam,45: room","16: heart,17: of,18: Sharm,19: el-Sheikh,,21: Many,22: of,23: the,24: rooms,25: offer,26: stunning,27: views,,44: range,45: of,46: dining,47: options.,99: business,100: travelers.,108: those,109: who,110: need,111: to,112: store,113: their,114: bags,115: before,116: or,117: after,118: check-in.",No,No,"Libya
The hotel also has a range of dining options.",,Yes,"5
Egypt
Pets allowed","4
Libya
Unfortunately, the hotel is not pet-friendly","5
Egypt
Pets allowed","4
Libya
Unfortunately, the hotel is not pet-friendly.",Yes,"And if you are traveling with pets, the hotel is pet-friendly!
Unfortunately, the hotel is not pet-friendly.",,"18: Hotel,37: Kids',38: club,","21: luxurious,25: pulsating,35: cozy,59: invigorating,69: accessibility,70: for,71: all",No,,No,,No,,No,,,,,6,,,"7: alluring,20: swimming,21: pool.",No,,No,,No,,Yes,,,,,6,,,,,,,,,,,,,,,,,,,,,,,,,,,,,,,,,,,,,,,,,,,,,,,,,,,,,,,,,,,,,,,,,,,,,,,,,,,,,,,,,,,,,,,,,,,,,,,,,,,,,,,,,,,,,,,,,,,,,,,,,,,,,,,,,,,,,,,,,,,,,,,,,,,,,,,,,,,,,,,,,,,,,,,,,,,,,,,,,,,,,,,,,,,,,,,,,,,,,,,,,,,,,,,,,,,,,,,,,,,,,,,,,,,,,,,,,,,,,,,,,,,,,,,,,,,,,,,,,,,,,,,,,,,,,,,,,,,,,,,,,,,,,,,,,,,,,,,,,,,,,,,,,,,,,,,,,,,,,,,,,,,,,,,,,,,,,,,,,,,,,,,,,,,,,,,,,,,,,,,,,,,,,,,,,,,,,,,,,,,,,,,,,,,,
4/18/24 10:12,4/18/24 10:43,IP Address,*******,100,1838,TRUE,4/18/24 10:43,,*******,*******,*******,*******,*******,*******,anonymous,EN,1,Yes,,,,English,,,"43: Wellness:,44: Steam,45: room","39: The,40: hotel,41: also,42: has,43: a,44: range,45: of,46: dining,47: options.",No,No,"the heart of
Libya","Libya
The hotel also has a range of dining options.",Yes,"5
Egypt
Pets allowed","4
Libya
Unfortunately, the hotel is not pet-friendly.",,,Yes,"And if you are traveling with pets, the hotel is pet-friendly!
Unfortunately, the hotel is not pet-friendly.",,,,No,,Yes,Yes,,,,,,,,7,No.,,,No,,Yes,Yes,,,,,,,,7,No.,,,,,,,,,,,,,,,,,,,,,,,,,,,,,,,,,,,,,,,,,,,,,,,,,,,,,,,,,,,,,,,,,,,,,,,,,,,,,,,,,,,,,,,,,,,,,,,,,,,,,,,,,,,,,,,,,,,,,,,,,,,,,,,,,,,,,,,,,,,,,,,,,,,,,,,,,,,,,,,,,,,,,,,,,,,,,,,,,,,,,,,,,,,,,,,,,,,,,,,,,,,,,,,,,,,,,,,,,,,,,,,,,,,,,,,,,,,,,,,,,,,,,,,,,,,,,,,,,,,,,,,,,,,,,,,,,,,,,,,,,,,,,,,,,,,,,,,,,,,,,,,,,,,,,,,,,,,,,,,,,,,,,,,,,,,,,,,,,,,,,,,,,,,,,,,,,,,,,,,,,,,,,,,,,,,,,,,,,,,,,,,,,,,
4/18/24 10:11,4/18/24 10:43,IP Address,*******,100,1947,TRUE,4/18/24 10:43,,*******,*******,*******,*******,*******,*******,anonymous,EN,1,Yes,,,,English,,,"18: Hotel,47: Accessible,48: parking","8: is,9: a,10: luxurious,11: 5-star,12: hotel,13: located,14: in,15: the,16: heart,17: of,18: Sharm,19: el-Sheikh,,21: Many,22: of,23: the,24: rooms,25: offer,26: stunning,27: views,,39: The,40: hotel,41: also,42: has,43: a,44: range,45: of,46: dining,47: options.,101: There,102: is,103: also,104: luggage,105: storage,106: available,107: for,108: those,109: who,110: need,111: to,112: store,113: their,114: bags,115: before,116: or,117: after,118: check-in.,129: And,130: if,131: you,132: are,133: traveling,134: with,135: pets,,136: the,137: hotel,138: is,139: pet-friendly!",No,No,"Libya.
The hotel also has a range of dining options.","Libya
The hotel also has a range of dining options.",Yes,"5
Egypt
Pets allowed","4
Libya
Unfortunately, the hotel is not pet-friendly.
","5
Egypt
Pets allowed","4
Libya
Unfortunately, the hotel is not pet-friendly.",Yes,"Many of the rooms offer stunning views,
Unfortunately, the hotel is not pet-friendly","the hotel is pet-friendly!
Unfortunately, the hotel is not pet-friendly.","41: Body,42: treatments","21: luxurious,25: pulsating,30: for,31: enhanced,32: safety.,56: Pamper,57: yourself,58: with,59: invigorating,60: body,61: treatments,62: in,63: the,64: wellness,65: center.",Yes,Pamper yourself with invigorating body treatments in the wellness center.,,,,,,,,,,3,,,"6: an,7: alluring,20: swimming,21: pool.",Yes,swimming pool,,,,,,,,,,1,no,,,,,,,,,,,,,,,,,,,,,,,,,,,,,,,,,,,,,,,,,,,,,,,,,,,,,,,,,,,,,,,,,,,,,,,,,,,,,,,,,,,,,,,,,,,,,,,,,,,,,,,,,,,,,,,,,,,,,,,,,,,,,,,,,,,,,,,,,,,,,,,,,,,,,,,,,,,,,,,,,,,,,,,,,,,,,,,,,,,,,,,,,,,,,,,,,,,,,,,,,,,,,,,,,,,,,,,,,,,,,,,,,,,,,,,,,,,,,,,,,,,,,,,,,,,,,,,,,,,,,,,,,,,,,,,,,,,,,,,,,,,,,,,,,,,,,,,,,,,,,,,,,,,,,,,,,,,,,,,,,,,,,,,,,,,,,,,,,,,,,,,,,,,,,,,,,,,,,,,,,,,,,,,,,,,,,,,,,,,,,,,,,,,
4/18/24 10:17,4/18/24 10:44,IP Address,*******,100,1604,TRUE,4/18/24 10:44,,*******,*******,*******,*******,*******,*******,anonymous,EN,1,Yes,,,,English,,,,"10: luxurious,14: in,15: the,16: heart,17: of,21: Many,22: of,23: the,24: rooms,25: offer,26: stunning,27: views,,39: The,40: hotel,41: also,42: has,43: a,44: range,45: of,46: dining,47: options.",No,No,"Libya
","Libya
The hotel also has a range of dining options.",Yes,"5
Egypt
Pets allowed","4
Libya
Unfortunately, the hotel is not pet-friendly","5
Egypt
Pets allowed","4
Libya
Unfortunately, the hotel is not pet-friendly.",Yes,"And if you are traveling with pets, the hotel is pet-friendly!
Unfortunately, the hotel is not pet-friendly.",,,"4: alluring,14: haven,21: luxurious,25: pulsating,30: for,31: enhanced,32: safety.,35: cozy,59: invigorating,62: in,63: the,64: wellness,65: center.,71: all",No,,No,,No,,Yes,,,,,5,,,"7: alluring,20: swimming,21: pool.",No,,No,,Yes,swimming pool,,Yes,,,,2,,,,,,,,,,,,,,,,,,,,,,,,,,,,,,,,,,,,,,,,,,,,,,,,,,,,,,,,,,,,,,,,,,,,,,,,,,,,,,,,,,,,,,,,,,,,,,,,,,,,,,,,,,,,,,,,,,,,,,,,,,,,,,,,,,,,,,,,,,,,,,,,,,,,,,,,,,No,,Yes,Yes,,,,,,,,7,,,"16: beautiful,24: stunning,28: wide,37: comfortable,38: and,39: unforgettable,40: stay,41: for,42: all,43: guests.,50: ensuring,51: that,52: guests,53: can,54: have,55: their,56: clothes,57: cleaned,58: and,59: pressed,60: during,61: their,62: stay.,70: allowing,71: guests,72: to,73: stay,74: connected,75: with,76: their,77: loved,78: ones,79: or,80: work,81: remotely.,99: explore,100: the,101: beautiful,102: surroundings,103: of,104: Bahía,105: de,106: Banderas,107: while,108: enjoying,109: their,110: favorite,111: sports.,133: while,134: their,135: children,136: are,137: well,138: taken,139: care,140: of,141: and,142: entertained.,159: Guests,160: can,161: indulge,162: in,163: a,164: variety,165: of,166: treatments,167: and,168: therapies,169: to,170: unwind,171: and,172: recharge.",No,,No,,No,,Yes,,,,,6,,"14: Hotel,15: facilities:,16: Hotel,17: bar,18: Room,19: amenities:,20: Balcony,21: (upon,22: inquiry),23: Sport:,24: Volleyball,,25: Surfing,,26: Bike,27: rental,30: Kids,31: stay,32: for,33: free,,45: Accessibility:,46: Accessible,47: bathroom,,48: Wheelchair,49: accessible,,50: Accessible,51: parking",,No,,Yes,No,,,,,,,,6,,"40: Cot,","1: Escape,2: to,3: paradise,20: idyllic,21: beach,40: rejuvenating,54: free,55: WiFi,56: in,57: public,58: areas.,67: delight,83: added,84: convenience.",No,,No,,No,,No,,,,,6,,,"21: luxurious,32: comfortable,33: stay.,44: for,45: convenience.,103: ensuring,104: inclusivity,105: for,106: all,107: guests.",No,,No,,No,,Yes,,,,,6,,,,,,,,,,,,,,,,,,,,,,,,,,,,,,,,,,,,,,,,,,,,,,,,,,,,,,,,,,,,,,,,,,,,,,,,,,,,,,,,,,,,,,,,,,,,,,,,,,,,,,,,,,,,,,,,,,,,,,,,,,,,,,,,,,,,,,,,,,,,,,,,,,,,,,,,3 minutes,35 minutes,5,,5,5,Yes,No,5,"The only issue was for one of the examples, it wasn't clear that I could add text to the example box, so I clicked forward expecting to see room for me to provide my answer but instead it said I got the example wrong.",,
4/18/24 10:19,4/18/24 10:44,IP Address,*******,100,1515,TRUE,4/18/24 10:44,,*******,*******,*******,*******,*******,*******,anonymous,EN,0.800000012,Yes,,,,English,,,"43: Wellness:,44: Steam,45: room","16: heart,17: of,21: Many,22: of,23: the,24: rooms,25: offer,26: stunning,27: views,,46: dining,47: options.",No,No,"In the heart of, Libya","Libya
The hotel also has a range of dining options.",Yes,"5
Egypt
Pets allowed","4
Libya
Unfortunately, the hotel is not pet friendly.","5
Egypt
Pets allowed","4
Libya
Unfortunately, the hotel is not pet-friendly.",Yes,"Pets allowed
Unfortunately, the hotel is not pet-friendly. ","the hotel is pet-friendly!
Unfortunately, the hotel is not pet-friendly.",,,No,,Yes,Yes,,,,,,,,5,None. ,,,No,,No,,No,,Yes,,,,,5,,,,,,,,,,,,,,,,,,,,,,,,,,,,,,,,,,,,,,,,,,,,,,,,,,,,,,,,,,,,,,,,,,,,,,,,,,,,,,,,,,,,,,,,,,,,,,,,,,,,,,,,,,,,,,,,,,,,,,,,,,,,,,,,,,,,,,,,,,,,,,,,,,,,,,,,,,,,,,,,,,,,,,,,,,,,,,,,,,,,,,,,,,,,,,,,,,,,,,,,,,,,,,,,,,,,,,,,,,,,,,,,,,,,,,,,,,,,,,,,,,,,,,,,,,,,,,,,,,,,,,,,,,,,,,,,,,,,,,,,,,,,,,,,,,,,,,,,,,,,,,,,,,,,,,,,,,,,,,,,,,,,,,,,,,,,,,,,,,,,,,,,,,,,,,,,,,,,,,,,,,,,,,,,,,,,,,,,,,,,,,,,,,,,
4/18/24 10:22,4/18/24 10:44,IP Address,*******,100,1363,TRUE,4/18/24 10:44,,*******,*******,*******,*******,*******,*******,anonymous,EN,0.5,Yes,,,,English,,,"10: 5,21: Pets,22: allowed,,23: Conference,24: rooms,,25: Luggage,26: storage,29: Balcony,33: Table,34: tennis,,35: Tennis,36: court,39: Organised,40: activities,41: for,42: kids,44: Steam,45: room,47: Accessible,48: parking","11: 5-star,18: Sharm,19: el-Sheikh,,20: Egypt.,24: rooms,25: offer,26: stunning,27: views,,56: hotel,57: has,58: a,59: range,60: of,61: sport,62: facilities,,77: hotel,78: has,79: organized,80: activities,81: for,82: kids.,89: range,90: of,91: conference,92: rooms,,122: accessibility,123: needs,,125: hotel,126: offers,127: accessible,128: parking.,137: hotel,138: is,139: pet-friendly!",No,No,Libya.,"Libya
The hotel also has a range of dining options.",Yes,"5 
Egypt
Pets allowed","4
Libya
Unfortunately, the hotel is not pet-friendly.","5
Egypt
Pets allowed","4
Libya
Unfortunately, the hotel is not pet-friendly.",Yes,"Unfortunately, the hotel is not pet-friendly","the hotel is pet-friendly!
Unfortunately, the hotel is not pet-friendly.",,,No,,Yes,Yes,,,,,,,,7,,"7: 4,11: Austria,17: Hotel,18: safe,21: Fridge,,22: Cable,23: TV,25: Volleyball,,26: Pool,27: table,29: Beauty,30: salon,,31: Steam,32: room,,33: Body,34: treatments,35: Accessibility:,36: Wheelchair,37: accessible","8: 4,14: Austria.,18: hotel,19: safe,,25: fridge,,26: cable,27: tv.,31: volleyball,,32: pool,33: table.",No,,Yes,Yes,,,,,,,,7,,,,,,,,,,,,,,,,,,,,,,,,,,,,,,,,,,,,,,,,,,,,,,,,,,,,,,,,,,,,,,,,,,,,,,,,,,,,,,,,,,,,,,,,,,,,,,,,,,,,,,,,,,,,,,,,,,,,,,,,,,,,,,,,,,,,,,,,,,,,,,,,,,,,,,,,,,,,,,,,,,,,,,,,,,,,,,,,,,,,,,,,,,,,,,,,,,,,,,,,,,,,,,,,,,,,,,,,,,,,,,,,,,,,,,,,,,,,,,,,,,,,,,,,,,,,,,,,,,,,,,,,,,,,,,,,,,,,,,,,,,,,,,,,,,,,,,,,,,,,,,,,,,,,,,,,,,,,,,,,,,,,,,,,,,,,,,,,,,,,,,,,,,,,,,,,,,,,,,,,,,,,,,,,,,,,,,,,,,,,,,,,,,,,
4/18/24 10:16,4/18/24 10:45,IP Address,*******,100,1732,TRUE,4/18/24 10:45,,*******,*******,*******,*******,*******,*******,anonymous,EN,0.8999999761581421,Yes,,,,English,,,"44: Steam,45: room","39: The,40: hotel,41: also,42: has,43: a,44: range,45: of,46: dining,47: options.,104: luggage,105: storage,106: available,127: accessible,128: parking.,139: pet-friendly!",No,No,"Libya, The hotel also has a range of dining options.","Libya
The hotel also has a range of dining options.",Yes,"5
Eygpt
Pets allowed","4
Libya
Not pet friendly","5
Egypt
Pets allowed","4
Libya
Unfortunately, the hotel is not pet-friendly.",Yes,"And if you are traveling with pets, the hotel is pet-friendly!
Unfortunately, the hotel is not pet-friendly.",,18: Hotel,"10: Club,11: Resort,",No,,Yes,Yes,,,,,,,,4,,,,No,,No,,No,,No,,,,,4,,,,,,,,,,,,,,,,,,,,,,,,,,,,,,,,,,,,,,,,,,,,,,,,,,,,,,,,,,,,,,,,,,,,,,,,,,,,,,,,,,,,,,,,,,,,,,,,,,,,,,,,,,,,,,,,,,,,,,,,,,,,,,,,,,,,,,,,,,,,,,,,,,,,,,,,,,,,,,,,,,,,,,,,,,,,,,,,,,,,,,,,,,,,,,,,,,,,,,,,,,,,,,,,,,,,,,,,,,,,,,,,,,,,,,,,,,,,,,,,,,,,,,,,,,,,,,,,,,,,,,,,,,,,,,,,,,,,,,,,,,,,,,,,,,,,,,,,,,,,,,,,,,,,,,,,,,,,,,,,,,,,,,,,,,,,,,,,,,,,,,,,,,,,,,,,,,,,,,,,,,,,,,,,,,,,,,,,,,,,,,,,,,,,
4/18/24 10:15,4/18/24 10:45,IP Address,*******,100,1794,TRUE,4/18/24 10:45,,*******,*******,*******,*******,*******,*******,anonymous,EN,1,Yes,,,,English,,,,,No,No,"the heart of
Libya
The hotel also has a range of dining options.
","Libya
The hotel also has a range of dining options.",Yes,"5
Egypt
Pets allowed","4
Libya
Unfortunately, the hotel is not pet-friendly.",,,Yes,"And if you are traveling with pets, the hotel is pet-friendly!
Unfortunately, the hotel is not pet-friendly.",,,,No,,Yes,Yes,,,,,,,,6,,,,No,,No,,Yes,swimming pool,,Yes,,,,5,,,,,,,,,,,,,,,,,,,,,,,,,,,,,,,,,,,,,,,,,,,,,,,,,,,,,,,,,,,,,,,,,,,,,,,,,,,,,,,,,,,,,,,,,,,,,,,,,,,,,,,,,,,,,,,,,,,,,,,,,,,,,,,,,,,,,,,,,,,,,,,,,,,,,,,,,,,,,,,,,,,,,,,,,,,,,,,,,,,,,,,,,,,,,,,,,,,,,,,,,,,,,,,,,,,,,,,,,,,,,,,,,,,,,,,,,,,,,,,,,,,,,,,,,,,,,,,,,,,,,,,,,,,,,,,,,,,,,,,,,,,,,,,,,,,,,,,,,,,,,,,,,,,,,,,,,,,,,,,,,,,,,,,,,,,,,,,,,,,,,,,,,,,,,,,,,,,,,,,,,,,,,,,,,,,,,,,,,,,,,,,,,,,,
4/18/24 10:10,4/18/24 10:45,IP Address,*******,100,2090,TRUE,4/18/24 10:45,,*******,*******,*******,*******,*******,*******,anonymous,EN,0.8999999761581421,Yes,,,,English,,,,,No,Yes,"making it an ideal choice for business travelers
The hotel also has a range of dining options.
Libya","Libya
The hotel also has a range of dining options.",Yes,5,4,"5
Egypt
Pets allowed","4
Libya
Unfortunately, the hotel is not pet-friendly.",Yes,"Unfortunately, the hotel is not pet-friendly.","the hotel is pet-friendly!
Unfortunately, the hotel is not pet-friendly.",,,No,,Yes,Yes,,,,,,,,7,no,,,No,,Yes,Yes,,,,,,,,7,,,,,,,,,,,,,,,,,,,,,,,,,,,,,,,,,,,,,,,,,,,,,,,,,,,,,,,,,,,,,,,,,,,,,,,,,,,,,,,,,,,,,,,,,,,,,,,,,,,,,,,,,,,,,,,,,,,,,,,,,,,,,,,,,,,,,,,,,,,,,,,,,,,,,,,,,,,,,,,,,,,,,,,,,,,,,,,,,,,,,,,,,,,,,,,,,,,,,,,,,,,,,,,,,,,,,,,,,,,,,,,,,,,,,,,,,,,,,,,,,,,,,,,,,,,,,,,,,,,,,,,,,,,,,,,,,,,,,,,,,,,,,,,,,,,,,,,,,,,,,,,,,,,,,,,,,,,,,,,,,,,,,,,,,,,,,,,,,,,,,,,,,,,,,,,,,,,,,,,,,,,,,,,,,,,,,,,,,,,,,,,,,,,,
4/18/24 10:21,4/18/24 10:45,IP Address,*******,100,1452,TRUE,4/18/24 10:45,,*******,*******,*******,*******,*******,*******,anonymous,EN,1,Yes,,,,English,,,,"10: luxurious,15: the,16: heart,17: of,21: Many,22: of,23: the,24: rooms,25: offer,26: stunning,27: views,,39: The,40: hotel,41: also,42: has,43: a,44: range,45: of,46: dining,47: options.,57: has,58: a,59: range,60: of,61: sport,62: facilities,,93: making,94: it,95: an,96: ideal,97: choice,98: for,99: business,100: travelers.,107: for,108: those,109: who,110: need,111: to,112: store,113: their,114: bags,115: before,116: or,117: after,118: check-in.,119: For,120: those,121: with,122: accessibility,123: needs,",No,No,Libya,"Libya
The hotel also has a range of dining options.",Yes,"5
Egypt
Pets allowed","4
Libya
Unfortunately, the hotel is not pet-friendly.",,,Yes,"And if you are traveling with pets, the hotel is pet-friendly!
Unfortunately, the hotel is not pet-friendly.",,,"4: alluring,18: Indulge,19: in,20: a,21: luxurious,22: stay,23: with,24: a,25: pulsating,30: for,31: enhanced,32: safety.,33: Unwind,34: in,35: cozy,36: rooms,37: boasting,40: Stay,41: active,42: with,45: while,47: relish,56: Pamper,57: yourself,58: with,59: invigorating,62: in,63: the,64: wellness,65: center.",No,,No,,No,,Yes,,,,,5,,,"7: alluring,20: swimming,21: pool.",No,,No,,Yes,swimming pool,,Yes,,,,5,,,,,,,,,,,,,,,,,,,,,,,,,,,,,,,,,,,,,,,,,,,,,,,,,,,,,,,,,,,,,,,,,,,,,,,,,,,,,"38: Accessibility:,39: Accessible,40: hotel,,41: Wheelchair,42: accessible,,43: Accessible,44: parking","6: charming,11: the,12: heart,13: of,16: This,17: hotel,18: offers,19: a,20: range,21: of,22: facilities,23: and,24: amenities,25: to,26: ensure,27: a,28: comfortable,29: and,30: enjoyable,31: stay,32: for,33: all,34: guests.,42: and,43: it,44: boasts,45: a,46: variety,47: of,59: providing,60: guests,61: with,62: a,63: comfortable,64: and,65: relaxing,66: space,67: to,68: unwind,69: after,70: a,71: long,72: day,73: of,74: exploring,75: the,76: city.,90: ensuring,91: that,92: guests,93: have,94: access,95: to,96: assistance,97: and,98: support,99: at,100: all,101: times.,107: delicious,109: providing,110: guests,111: with,112: the,113: energy,114: they,115: need,116: to,117: start,118: their,119: day,120: off,121: right.,135: providing,136: guests,137: with,138: the,139: opportunity,140: to,141: enjoy,142: some,143: leisurely,144: activities,145: during,146: their,147: stay.,159: ensuring,160: that,161: families,162: with,163: young,164: children,165: are,166: well,167: catered,168: for.,170: looking,171: to,172: relax,173: and,174: unwind",No,,No,,No,,No,,,,,4,,"31: Horse,32: riding,,33: Diving,47: Accessible,48: bathroom,","41: for,42: the,43: disabled.",No,,No,,No,,No,,,,,5,,,"19: tranquil,20: haven,21: with,31: Stay,32: active,33: with,39: Cater,40: to,41: your,42: little,43: ones,44: with,52: Rejuvenate,53: in,54: style,55: with,63: The,64: resort,65: prioritizes,66: accessibility,",No,,No,,No,,Yes,,,,,5,,"29: Free,30: WiFi,53: Accessible,54: parking","21: Nestled,22: along,23: the,24: picturesque,25: coastline,,45: Indulge,46: in,47: comfort,48: with,57: refreshing,59: Dive,60: into,61: adventure,62: with,74: cater,75: to,76: families.,77: Relax,78: and,79: rejuvenate,80: with,85: soothing,88: making,89: your,90: stay,91: a,92: memorable,93: blend,94: of,95: leisure,96: and,97: indulgence.",No,,No,,No,,No,,,,,5,,,"46: For,47: sports,48: enthusiasts,,78: For,79: those,80: seeking,81: relaxation,,103: making,104: it,105: suitable,106: for,107: guests,108: with,109: disabilities.",No,,No,,No,,Yes,,,,,5,,,,,,,,,,,,,,,,,,,,,,,,,,,,,,,,,,,,,,,,,,,,,,,,,,,,,,,,,,,,,,,,,,,,,,,,,,,,,,,,,,,,,,,,,,,,,,,,,,,,,,,,,,,,,,,,,,,,,,,,,,,,,,,,,,,,,,,,,,,,,,,,,,,,,,,,,,,,,,,,,,,,,,,,,,,,,,,,,,,,,,,,,,,,,,,,,,,,,,,,,,,,,,,,,,,,,,,,,,,,,,,,,,,4 minutes,30 minutes,3,,5,5,Yes,,5,The screen was wide for my laptop and I had to scroll side to side for each exercise. ,,
4/18/24 10:12,4/18/24 10:46,IP Address,*******,100,2062,TRUE,4/18/24 10:46,,*******,*******,*******,*******,*******,*******,anonymous,EN,1,Yes,,,,English,,,,"14: in,15: the,16: heart,17: of,18: Sharm,19: el-Sheikh,,20: Egypt.,21: Many,22: of,23: the,24: rooms,25: offer,26: stunning,27: views,,39: The,40: hotel,41: also,42: has,43: a,44: range,45: of,46: dining,47: options.",No,No,"Libya 
The hotel also has a range of dining options.
","Libya
The hotel also has a range of dining options.",Yes,"5
Egypt
 Pets allowed,","4
Libya
Unfortunately, the hotel is not pet-friendly.

","5
Egypt
Pets allowed","4
Libya
Unfortunately, the hotel is not pet-friendly.",Yes,"And if you are traveling with pets, the hotel is pet-friendly!
Unfortunately, the hotel is not pet-friendly.",,"18: Hotel,47: bathroom,","14: haven,25: pulsating,35: cozy,36: rooms,59: invigorating,76: bathrooms,",No,,No,,No,,No,,,,,5,I'm a bit confused about whether haven can be considered a synonym of hotel.,,"7: alluring,20: swimming,21: pool.",No,,No,,No,,Yes,,,,,2,no,,,,,,,,,,,,,,,,,,,,,,,,,,,,,,,,,,,,,,,,,,,,,,,,,,,,,,,,,,,,,,,,,,,,,,,,,,,,,,,,,,,,,,,,,,,,,,,,,,,,,,,,,,,,,,,,,,,,,,,,,,,,,,,,,,,,,,,,,,,,,,,,,,,,,,,,,,,,,,,,,,,,,,,,,,,,,,,,,,,,,,,,,,,,,,,,,,,,,,,,,,,,,,,,,,,,,,,,,,,,,,,,,,,,,,,,,,,,,,,,,,,,,,,,,,,,,,,,,,,,,,,,,,,,,,,,,,,,,,,,,,,,,,,,,,,,,,,,,,,,,,,,,,,,,,,,,,,,,,,,,,,,,,,,,,,,,,,,,,,,,,,,,,,,,,,,,,,,,,,,,,,,,,,,,,,,,,,,,,,,,,,,,,,
4/18/24 10:03,4/18/24 10:48,IP Address,*******,100,2706,TRUE,4/18/24 10:48,,*******,*******,*******,*******,*******,*******,anonymous,EN,1,Yes,,,,English,,,,"10: luxurious,42: has,43: a,44: range,45: of,46: dining,47: options.",No,No,"Libya
The hotel also has a range of dining options.",,Yes,"5
Egypt
Pets allowed","4
Libya
Unfortunately, the hotel is not pet-friendly.",,,Yes,"And if you are traveling with pets, the hotel is pet-friendly!
Unfortunately, the hotel is not pet-friendly.",,,"1: Escape,14: haven,18: Indulge,19: in,20: a,21: luxurious,22: stay,23: with,24: a,25: pulsating,31: enhanced,32: safety.,33: Unwind,34: in,35: cozy,36: rooms,37: boasting,47: relish,56: Pamper,57: yourself,58: with,59: invigorating",No,,No,,No,,Yes,,,,,5,,,"7: alluring,20: swimming,21: pool.",No,,No,,Yes,swimming pool.,,Yes,,,,4,,,,,,,,,,,,,,,,,,,,,,,,,,,,,,,,,,,,,,,,,,,,,,,,,,,,,,,,,,,,,,,,,,,,,,,,,,,,,,,,,,,,,,,,,,,,,,,,,,,,,,,,,,,,,,,,,,,,,,,,,,,,,,,,,,,,,,,,,,,,,,,,,,,,,,,,,,,,,,,,,,,,,,,,,,,,,,,,,,,,,,,,,,,,,,,,,,,,,,,,,,,,,,,,,,,,,,,,,,,,,,,,,,,"39: Accessible,40: hotel,","6: charming,20: including,21: a,22: coffee,23: machine,24: and,25: sitting,26: area,27: in,28: each,29: room.,30: Guests,31: can,32: enjoy,33: a,34: complimentary,35: breakfast",No,,No,,No,,No,,,,,3,,,"11: luxurious,20: This,21: hotel,22: offers,23: world-class,24: accommodations,25: and,26: amenities,,27: making,28: it,29: the,30: perfect,31: place,32: for,33: a,34: relaxing,35: and,36: comfortable,37: stay.,86: which,87: means,88: you,89: can,90: stay,91: connected,92: throughout,93: your,94: stay.,95: The,96: hotel,97: also,98: offers,99: a,100: range,101: of,102: sport,103: and,104: wellness,105: activities,106: to,107: keep,108: you,109: active,110: and,111: relaxed,112: during,113: your,114: stay.,121: beautiful,122: area,125: and,126: offers,127: stunning,128: views,129: of,130: the,131: surrounding,132: countryside.,138: making,139: it,140: an,141: ideal,142: choice,143: for,144: those,145: with,146: mobility,147: issues.,158: the,159: perfect,160: choice,161: for,162: anyone,163: looking,164: for,165: a,166: luxurious,167: and,168: comfortable,169: stay,170: in,171: Mexico.",No,,No,,No,,Yes,,,,,4,,,"10: charming,11: city,16: beautiful,42: where,43: guests,44: can,45: enjoy,46: a,47: refreshing,48: drink,49: or,50: a,51: light,52: snack.,65: offering,66: stunning,67: views,68: of,69: the,70: surrounding,71: area.,157: excellent,158: choice",No,,No,,No,,Yes,,,,,3,,"25: WiFi,26: in,27: public,28: areas,,36: Sport:,37: Diving,38: Childcare,39: services:,41: Kids,42: stay,43: for,44: free,,47: Wellness:,52: Accessibility:,53: Accessible,54: parking","50: fitness,51: centre",No,,No,,No,,No,,,,,3,,"6: a,7: Destination,8: by,9: Hyatt,10: Residence,31: Cosmetic,32: mirror,,51: Hot,52: stone","12: haven,13: offering,14: tranquility.,16: well-equipped,41: while,42: you,43: enjoy,44: organized,45: activities,52: Accessibility,53: options,54: ensure,55: comfort,56: for,57: all.",Yes,"Let your kids join organized activities
while you enjoy organized activities",,,,,,,,,,3,,,,,,,,,,,,,,,,,,,,,,,,,,,,,,,,,,,,,,,,,,,,,,,,,,,,,,,,,,,,,,,,,,,,,,,,,,,,,10 minutes,about an hour,2,Did not experience challenges,5,5,Yes,"The training is straightforward, however maybe including videos as an example for the terminology would help others understand better",5,No,Everything went well and I enjoyed the experiment,
4/18/24 10:20,4/18/24 10:52,IP Address,*******,100,1925,TRUE,4/18/24 10:52,,*******,*******,*******,*******,*******,*******,anonymous,EN,1,Yes,,,,English,,,"44: Steam,45: room","13: located,14: in,15: the,16: heart,21: Many,22: of,23: the,24: rooms,25: offer,26: stunning,27: views,,39: The,40: hotel,41: also,42: has,43: a,44: range,45: of,46: dining,47: options.,57: has,58: a,59: range,60: of,61: sport,62: facilities,",No,Yes,"Libya
The hotel also has a range of dining options","Libya
The hotel also has a range of dining options.",Yes,"5
Egypt
Pets allowed
","4
Libya
the hotel is not pet-friendly","5
Egypt
Pets allowed","4
Libya
Unfortunately, the hotel is not pet-friendly.",Yes,"And if you are traveling with pets, the hotel is pet-friendly!

Unfortunately, the hotel is not pet-friendly.","the hotel is pet-friendly!
Unfortunately, the hotel is not pet-friendly.

",,,No,,No,,Yes,Wellness centre,,Yes,,,,5,,,"6: an,7: alluring,20: swimming,21: pool.",No,,No,,Yes,swimming pool,,Yes,,,,5,,,,,,,,,,,,,,,,,,,,,,,,,,,,,,,,,,,,,,,,,,,,,,,,,,,,,,,,,,,,,,,,,,,,,,,,,,,,,,,,,,,,,,,,,,,,,,,,,,,,,,,,,,,,,,,,,,,,,,,,,,,,,,,,,,,,,,,,,,,,,,,,,,,,,,,,,,,,,,,,,,,,,,,,,,,,,,,,,,,,,,,,,,,,,,,,,,,,,,,,,,,,,,,,,,,,,,,,,,,,,,,,,,,,,,,,,,,,,,,,,,,,,,,,,,,,,,,,,,,,,,,,,,,,,,,,,,,,,,,,,,,,,,,,,,,,,,,,,,,,,,,"5: cozy,15: warm,16: and,17: inviting",No,,Yes,Yes,,,,,,,,7,,,"2: luxury,3: at,4: its,5: finest,16: located,17: in,26: unparalleled,27: hospitality",No,,Yes,Yes,,,,,,,,7,,,"7: stunning,13: beautiful,81: flat-screen,82: TV,95: other,96: sports,97: activities",No,,Yes,Yes,,,,,,,,5,,"29: Free,30: WiFi,41: Kids,42: stay,43: for,44: free,,48: Body","12: luxurious,15: located,16: in,17: the,18: beautiful,19: city,29: views,30: of,31: the,32: Red,33: Sea,64: private,65: beach,,74: take,75: a,76: refreshing,77: dip,78: in,79: the,80: crystal-clear,81: waters,82: of,83: the,84: Red,85: Sea.,113: free,114: WiFi,115: in,116: public,117: areas,",No,,No,,Yes,Access to a private beach,,No,Yes,WIFI in public areas,Free WIFI in public areas,3,,"24: Cashless,25: payment,,26: Car,27: hire,41: Organised,42: activities,43: for,44: kids,,45: Childcare,,55: Wheelchair,56: accessible",,No,,No,,No,,No,,,,,3,,10 minutes,about half hour,4,All of it.  It requires a lot of attention to detail,4,4,I think.,No,5,No,No,
4/18/24 10:13,4/18/24 10:53,IP Address,*******,100,2400,TRUE,4/18/24 10:53,,*******,*******,*******,*******,*******,*******,anonymous,EN,1,Yes,,,,English,,,"43: Wellness:,44: Steam,45: room","10: luxurious,15: the,16: heart,17: of,26: stunning,27: views,,39: The,40: hotel,41: also,42: has,43: a,44: range,45: of,46: dining,47: options.,93: making,94: it,95: an,96: ideal,97: choice,98: for,99: business,100: travelers.,115: before,116: or,117: after,118: check-in.",No,No,"Libya
","Libya
The hotel also has a range of dining options.",Yes,"5
Egypt
Pets allowed","4
Libya
Unfortunately, the hotel is not pet-friendly","5
Egypt
Pets allowed","4
Libya
Unfortunately, the hotel is not pet-friendly.",Yes,"And if you are traveling with pets, the hotel is pet-friendly!
Unfortunately, the hotel is not pet-friendly.",,,"4: alluring,14: haven,21: luxurious,25: pulsating,35: cozy,47: relish,59: invigorating",No,,No,,No,,Yes,,,,,5,N/A,,"7: alluring,20: swimming,21: pool.",No,,No,,Yes,swimming pool.,,Yes,,,,4,N/A,"22: Coffee,23: machine,,24: Sitting,25: area,27: Golf,28: course,,34: Childcare,39: Accessible,40: hotel,,41: Wheelchair,42: accessible,","19: buffet,",No,,No,,Yes,buffet,,No,No,,,3,N/A,"47: Accessible,48: bathroom,,49: Accessible,50: hotel","3: luxury,23: serene,24: escape,30: soothing,44: thrilling,65: convenient,69: ensures,70: a,71: comfortable,72: stay",No,,No,,No,,No,,,,,6,N/A,,"5: luxurious,13: elegant,24: relaxing,37: treatments,43: unwind,63: catered",No,,No,,No,,Yes,,,,,5,N/A,"29: Free,30: WiFi","12: luxurious,18: sunny,26: beachfront,28: boasts,37: free,70: Red,71: Sea.,99: variety,111: unwinding,112: and,113: rejuvenating.,124: committed,131: guests,132: with,133: disabilities.",No,,No,,Yes,"beachfront
Red Sea.
guests with disabilities.",,No,No,,,4,N/A,,"18: heart,24: stunning,34: ensure,35: a,36: comfortable,37: and,38: enjoyable,39: stay,40: for,41: all,42: guests.,61: easy,62: for,63: guests,64: to,65: explore,66: the,67: local,68: area.,78: boasts,103: providing,104: plenty,105: of,106: opportunities,107: to,108: stay,109: active,110: during,111: your,112: stay.,132: making,133: it,134: an,135: ideal,136: choice,137: for,138: families.,145: top-notch,,158: relax,159: and,160: unwind.,167: ensuring,168: that,169: all,170: guests,171: can,172: enjoy,173: a,174: comfortable,175: and,176: accessible,177: stay.",No,,No,,No,,Yes,,,,,5,N/A,,,,,,,,,,,,,,,,,,,,,,,,,,,,,,,,,,,,,,,,,,,,,,,,,,,,,,,,,,,,,,,,,,,,,,,,,,,,,,,,,,,,,,,,,,,,,,,,,,,,,,,,,,,,,,,,,,,,,,,,,,,,,,,,,,,,,,,,,,,,,,,,,,,,,,,,,,,,,,,,,,,,,,,,,,,,,,,,,,,,,,,,,,,,,,,,,,,,,,,,,,,,,,,,,,,,,,,,,,,,,,,,,,,,,,,,,,,,,,,,,,,,,,,,,,,,,,,,,,,,,,,,,,,,,,,,,,,,,,,,,,,,,,,,,,,,,,,,,,,,,5 minutes,about 45 mins,4,Just catching all the details,4,4,Yes,Fairly straightforward,5,N/A,Thank you!,
4/18/24 10:21,4/18/24 10:53,IP Address,*******,100,1958,TRUE,4/18/24 10:53,,*******,*******,*******,*******,*******,*******,anonymous,EN,0.8999999761581421,Yes,,,,English,,,,"10: luxurious,26: stunning,27: views,,46: dining,47: options.,48: For,49: those,50: who,51: like,52: to,53: stay,54: active,,93: making,94: it,95: an,96: ideal,97: choice,98: for,99: business,100: travelers.",Yes,No,Libya,"Libya
The hotel also has a range of dining options.",Yes,"5
Egypt
Pets allowed
","4
 Libya
the hotel is not pet-friendly.

","5
Egypt
Pets allowed","4
Libya
Unfortunately, the hotel is not pet-friendly.",Yes,"And if you are traveling with pets, the hotel is pet-friendly!
Unfortunately, the hotel is not pet-friendly.",,,,No,,Yes,Yes,,,,,,,,7,,,"20: swimming,21: pool.",No,,Yes,No,,,,,,,,2,,,,,,,,,,,,,,,,,,,,,,,,,,,,,,,,,,,,,,,,,,,,,,,,,,,,,,,,,,,,,,,,,,,,,,,,,,,,,,,,,,,,,,,,,,,,,,,,,,,,,,,,,,,,,,,,,,,,,,,,,,,,,,,,,,,,,,,,,,,,,,,,,,,,,,,,,,,,,,,,,,,,,,,,,,,,,,,,,,,,,,,,,,,,,,,,,,,,,,,,,,,,,,,,,,,,,,,,,,,,,,,,,,,,,,,,,,,,,,,,,,,,,,,,,,,,,,,,,,,,,,,,,,,,,,,,,,,,,,,,,,,,,,,,,,,,,,,,,,,,,,,,,,,,,,,,,,,,,,,,,,,,,,,,,,,,,,,,,,,,,,,,,,,,,,,,,,,,,,,,,,,,,,,,,,,,,,,,,,,,,,,,,,,,
4/18/24 10:13,4/18/24 10:55,IP Address,*******,100,2511,TRUE,4/18/24 10:55,,*******,*******,*******,*******,*******,*******,anonymous,EN,0.5,Yes,,,,English,,,"44: Steam,45: room","10: luxurious,16: heart,17: of,21: Many,22: of,23: the,24: rooms,25: offer,26: stunning,27: views,,39: The,40: hotel,41: also,42: has,43: a,44: range,45: of,46: dining,47: options.,93: making,94: it,95: an,96: ideal,97: choice,98: for,99: business,100: travelers.,115: before,116: or,117: after,118: check-in.",No,No,"Libya
","Libya
The hotel also has a range of dining options.",Yes,"5
Egypt
Pets allowed","4
Libya
.Unfortunately, the hotel is not pet-friendly.","5
Egypt
Pets allowed","4
Libya
Unfortunately, the hotel is not pet-friendly.",Yes,"And if you are traveling with pets, the hotel is pet-friendly!
Unfortunately, the hotel is not pet-friendly.",,,"14: haven,30: for,31: enhanced,32: safety.,35: cozy,56: Pamper,57: yourself,66: The,67: resort,68: ensures,69: accessibility,70: for,71: all",No,,No,,No,,Yes,,,,,6,,,"7: alluring,20: swimming,21: pool.",No,,No,,Yes,swimming pool.,,Yes,,,,5,,,,,,,,,,,,,,,,,,,,,,,,,,,,,,,,,,,,,,,,,,,,,,,,,,,,,,,,,,,,,,,,,,,,,,,,,,,,,,,,,,,,,,,,,,,,,,,,,,,,,,,,,,,,,,,,,,,,,,,,,,,,,,,,,,,,,,,,,,,,,,,,,,,,,,,,,,No,,Yes,Yes,,,,,,,,7,,"47: Accessible,48: bathroom,,49: Accessible,50: hotel","10: luxurious,24: stunning,39: unforgettable,70: allowing,71: guests,72: to,73: stay,74: connected,75: with,76: their,77: loved,78: ones,79: or,80: work,81: remotely.,97: Guests,98: can,99: explore,100: the,101: beautiful,102: surroundings,103: of,104: Bahía,105: de,106: Banderas,107: while,108: enjoying,109: their,110: favorite,111: sports.,126: Parents,127: can,128: relax,129: and,130: enjoy,131: their,132: stay,133: while,134: their,135: children,136: are,137: well,138: taken,139: care,140: of,141: and,142: entertained.,159: Guests,160: can,161: indulge,162: in,163: a,164: variety,165: of,166: treatments,167: and,168: therapies,169: to,170: unwind,171: and,172: recharge.",No,,No,,No,,No,,,,,6,,"16: Hotel,17: bar,20: Balcony,21: (upon,22: inquiry),24: Volleyball,,25: Surfing,,26: Bike,27: rental,30: Kids,31: stay,32: for,33: free,,34: Childcare,,46: Accessible,47: bathroom,,48: Wheelchair,49: accessible,,50: Accessible,51: parking","35: free,36: childcare",No,,No,,Yes,free childcare,,No,No,,,4,,"25: WiFi,26: in,27: public,28: areas,,40: Cot,","3: paradise,20: idyllic,30: elegant,51: Stay,52: connected,53: with,54: free,55: WiFi,56: in,57: public,58: areas.",No,,No,,Yes,Stay connected with free WiFi in public areas.,,No,No,,,5,"Output says free WIFI in public areas, but input does not say the public area WIFI is free.",,"21: luxurious,103: ensuring,104: inclusivity,105: for,106: all,107: guests.",No,,No,,No,,Yes,,,,,6,,,,,,,,,,,,,,,,,,,,,,,,,,,,,,,,,,,,,,,,,,,,,,,,,,,,,,,,,,,,,,,,,,,,,,,,,,,,,,,,,,,,,,,,,,,,,,,,,,,,,,,,,,,,,,,,,,,,,,,,,,,,,,,,,,,,,,,,,,,,,,,,,,,,,,,,5 minutes,45 minutes,3,"Some of the training questions said I had answered wrongly, even though my answers were identical to the examples.",4,4,Yes,No,4,No,,
4/18/24 10:12,4/18/24 10:58,IP Address,*******,100,2726,TRUE,4/18/24 10:58,,*******,*******,*******,*******,*******,*******,anonymous,EN,1,Yes,,,,English,,,"44: Steam,45: room","10: luxurious,15: the,16: heart,17: of,21: Many,22: of,23: the,24: rooms,25: offer,26: stunning,27: views,,39: The,40: hotel,41: also,42: has,43: a,44: range,45: of,46: dining,47: options.,58: a,59: range,60: of,61: sport,62: facilities,,93: making,94: it,95: an,96: ideal,97: choice,98: for,99: business,100: travelers.",No,No,"Libya
The hotel also has a range of dining options.",,Yes,"5
Egypt
Pets allowed","4
Libya
Unfortunately, the hotel is not pet-friendly.",,,Yes,"And if you are traveling with pets, the hotel is pet-friendly!
Unfortunately, the hotel is not pet-friendly.",,,"4: alluring,14: haven,21: luxurious,25: pulsating,30: for,31: enhanced,32: safety.,35: cozy,36: rooms,64: wellness,65: center.,69: accessibility,70: for,71: all",No,,No,,No,,Yes,,,,,5,,,"7: alluring,20: swimming,21: pool.",No,,No,,Yes,swimming pool,,Yes,,,,6,,,,,,,,,,,,,,,,,,,,,,,,,,,,,,,,,,,,,,,,,,,,,,,,,,,,,,,,,,,,,,,,,,,,,,,,,,,,,"39: Accessible,40: hotel,,41: Wheelchair,42: accessible,,43: Accessible,44: parking","6: charming,9: located,10: in,11: the,12: heart,13: of,16: This,17: hotel,18: offers,19: a,20: range,21: of,22: facilities,23: and,24: amenities,25: to,26: ensure,27: a,28: comfortable,29: and,30: enjoyable,31: stay,32: for,33: all,34: guests.,59: providing,60: guests,61: with,62: a,63: comfortable,64: and,65: relaxing,66: space,67: to,68: unwind,69: after,70: a,71: long,72: day,73: of,74: exploring,75: the,76: city.,90: ensuring,91: that,92: guests,93: have,94: access,95: to,96: assistance,97: and,98: support,99: at,100: all,101: times.,107: delicious,109: providing,110: guests,111: with,112: the,113: energy,114: they,115: need,116: to,117: start,118: their,119: day,120: off,121: right.,159: ensuring,160: that,161: families,162: with,163: young,164: children,165: are,166: well,167: catered,168: for.",No,,Yes,No,,,,,,,,5,,"29: (rooms),31: Horse,32: riding,,33: Diving,36: Organised,37: activities,38: for,39: kids,",12: Baha,No,,Yes,No,,,,,,,,5,,,"3: coastal,4: bliss,11: retreat,19: tranquil,20: haven,65: prioritizes,66: accessibility,",No,,No,,No,,Yes,,,,,4,,"29: Free,30: WiFi,41: Kids,42: stay,43: for,44: free,","2: luxury,21: Nestled,22: along,23: the,24: picturesque,25: coastline,,37: free,63: diving,64: excursions,,88: making,89: your,90: stay,91: a,92: memorable,93: blend,94: of,95: leisure,96: and,97: indulgence.",No,,No,,No,,No,,,,,5,,,,No,,Yes,Yes,,,,,,,,7,,,,,,,,,,,,,,,,,,,,,,,,,,,,,,,,,,,,,,,,,,,,,,,,,,,,,,,,,,,,,,,,,,,,,,,,,,,,,,,,,,,,,,,,,,,,,,,,,,,,,,,,,,,,,,,,,,,,,,,,,,,,,,,,,,,,,,,,,,,,,,,,,,,,,,,,,,,,,,,,,,,,,,,,,,,,,,,,,,,,,,,,,,,,,,,,,,,,,,,,,,,,,,,,,,,,,,,,,,,,,,,,,,,1 minute,40 minutes,4,Remembering all the different types of information,5,3,Yes,The sliding scales could be clearer - I assumed a higher value is better on them,4,No,No,
4/18/24 10:22,4/18/24 10:59,IP Address,*******,100,2204,TRUE,4/18/24 10:59,,*******,*******,*******,*******,*******,*******,anonymous,EN,1,Yes,,,,English,,,"44: Steam,45: room","16: heart,26: stunning,27: views,,44: range,45: of,46: dining,47: options.",No,No,"Libya

","Libya
The hotel also has a range of dining options.",Yes,"5
Egypt","4
Libya","5
Egypt
Pets allowed","4
Libya
Unfortunately, the hotel is not pet-friendly.",Yes,"And if you are traveling with pets, the hotel is pet-friendly!
Unfortunately, the hotel is not pet-friendly.",,,,No,,No,,No,,Yes,,,,,4,,,"7: alluring,20: swimming,21: pool.",No,,No,,Yes,swimming pool,,Yes,,,,5,,,,,,,,,,,,,,,,,,,,,,,,,,,,,,,,,,,,,,,,,,,,,,,,,,,,,,,,,,,,,,,,,,,,,,,,,,,,,,,,,,,,,,,,,,,,,,,,,,,,,,,,,,,,,,,,,,,,,,,,,,,,,,,,,,,,,,,,,,,,,,,,,,,,,,,,,,,,,,,,,,,,,,,,,,,,,,,,,,,,,,,,,,,,,,,,,,,,,,,,,,,,,,,,,,,,,,,,,,,,,,,,,,,,,,,,,,,,,,,,,,,,,,,,,,,,,,,,,,,,,,,,,,,,,,,,,,,,,,,,,,,,,,,,,,,,,,,,,,,,,,"41: Wheelchair,42: accessible,","15: warm,16: and,17: inviting,18: atmosphere.,31: delicious,43: relaxation,44: and,45: rejuvenation.,77: comfortable",No,,No,,No,,No,,,,,6,,,"23: prestigious,26: unparalleled,27: hospitality",No,,No,,No,,Yes,,,,,7,,,"7: stunning,13: beautiful,14: city,18: It,19: offers,20: guests,21: an,22: exceptional,23: experience,55: where,56: you,57: can,58: enjoy,59: a,60: drink,61: or,62: two,63: with,64: friends,65: or,66: family.,79: and,80: a,81: flat-screen,82: TV,83: for,84: your,85: entertainment.,94: and,95: other,96: sports,97: activities,98: for,99: guests,100: to,101: enjoy.,166: Overall,,167: the,168: Piscina,169: Rei,170: Resort,171: is,172: a,173: perfect,174: destination,175: for,176: those,177: seeking,178: a,179: luxurious,180: and,181: relaxing,182: stay",No,,No,,Yes,"and a flat-screen TV for your entertainment.
and other sports activities for guests to enjoy.",,Yes,,,,4,,"21: Hotel,22: facilities:,29: Free,30: WiFi,38: Childcare,39: services:,41: Kids,42: stay,43: for,44: free,,47: Wellness:,48: Body,49: treatments,,50: Hot,51: tub,52: Accessibility:,53: Accessible,54: parking","18: beautiful,19: city,24: This,25: stunning,26: accommodation,27: offers,28: breathtaking,29: views,30: of,31: the,32: Red,33: Sea,58: you,59: can,60: enjoy,61: access,62: to,63: a,64: private,65: beach,,66: where,67: you,68: can,69: soak,70: up,71: the,72: sun,73: and,74: take,75: a,76: refreshing,77: dip,78: in,79: the,80: crystal-clear,81: waters,82: of,83: the,84: Red,85: Sea.,93: where,94: you,95: can,96: enjoy,97: a,98: refreshing,99: drink,100: or,101: a,102: light,103: snack,104: while,105: taking,106: in,107: the,108: stunning,109: views.,157: If,158: you're,159: looking,160: for,161: adventure,,162: the,163: hotel,164: offers,165: a,166: range,167: of,168: sports,169: activities,,170: including,171: diving,,172: so,173: you,174: can,175: explore,176: the,177: underwater,178: world,179: of,180: the,181: Red,182: Sea.",No,,No,,Yes,"This stunning accommodation offers breathtaking views of the Red Sea
you can enjoy access to a private beach, where you can soak up the sun and take a refreshing dip in the crystal-clear waters of the Red Sea.
beautiful city
If you're looking for adventure, the hotel offers a range of sports activities, including diving, so you can explore the underwater world of the Red Sea.",,No,No,,,3,,"22: Hotel,23: facilities:,24: Cashless,25: payment,,26: Car,27: hire,39: Childcare,40: services:,41: Organised,42: activities,43: for,44: kids,,45: Childcare,,54: Accessibility:,55: Wheelchair,56: accessible",,No,,Yes,No,,,,,,,,6,,5 minutes maybe,"over half an hour - maybe 45, to ensure I was doing everything correctly",4,,3,4,Pretty much,Make the actual parts of the sentence required a little more obvious...,4,,,
4/18/24 10:43,4/18/24 11:04,IP Address,*******,100,1245,TRUE,4/18/24 11:04,,*******,*******,*******,*******,*******,*******,anonymous,EN,1,Yes,,,,English,,,"44: Steam,45: room","10: luxurious,16: heart,26: stunning,27: views,,39: The,40: hotel,41: also,42: has,43: a,44: range,45: of,46: dining,47: options.,59: range,60: of,61: sport,62: facilities,,93: making,94: it,95: an,96: ideal,97: choice,98: for,99: business,100: travelers.",No,No,"The hotel also has a range of dining options.
Libya","Libya
The hotel also has a range of dining options.",Yes,"5
Egypt
Pets allowed
","4
Libya
the hotel is not pet-friendly.","5
Egypt
Pets allowed","4
Libya
Unfortunately, the hotel is not pet-friendly.",Yes,"And if you are traveling with pets, the hotel is pet-friendly!
Unfortunately, the hotel is not pet-friendly.",,,,No,,Yes,No,,,,,,,,4,,,"20: swimming,21: pool.",No,,Yes,No,,,,,,,,2,Output mentions swimming pool. No swimming pool in input,,,,,,,,,,,,,,,,,,,,,,,,,,,,,,,,,,,,,,,,,,,,,,,,,,,,,,,,,,,,,,,,,,,,,,,,,,,,,,,,,,,,,,,,,,,,,,,,,,,,,,,,,,,,,,,,,,,,,,,,,,,,,,,,,,,,,,,,,,,,,,,,,,,,,,,,,,,,,,,,,,,,,,,,,,,,,,,,,,,,,,,,,,,,,,,,,,,,,,,,,,,,,,,,,,,,,,,,,,,,,,,,,,,,,,,,,,,,,,,,,,,,,,,,,,,,,,,,,,,,,,,,,,,,,,,,,,,,,,,,,,,,,,,,,,,,,,,,,,,,,,,,,,,,,,,,,,,,,,,,,,,,,,,,,,,,,,,,,,,,,,,,,,,,,,,,,,,,,,,,,,,,,,,,,,,,,,,,,,,,,,,,,,,
4/18/24 10:26,4/18/24 11:04,IP Address,*******,100,2284,TRUE,4/18/24 11:04,,*******,*******,*******,*******,*******,*******,anonymous,EN,1,Yes,,,,English,,,"10: 5,23: Conference,24: rooms,,25: Luggage,26: storage,29: Balcony,30: (upon,31: inquiry),33: Table,34: tennis,,35: Tennis,36: court,39: Organised,40: activities,41: for,42: kids","10: luxurious,26: stunning,27: views,,39: The,40: hotel,41: also,42: has,43: a,44: range,45: of,46: dining,47: options.,96: ideal,97: choice,98: for,99: business,100: travelers.,112: store,113: their,114: bags,115: before,116: or,117: after,118: check-in.",No,Yes,"the heart of
Libya
The hotel also has a range of dining options.","Libya
The hotel also has a range of dining options.",Yes,"5
Egypt
Pets allowed","4
Libya
Unfortunately, the hotel is not pet-friendly.",,,Yes,"And if you are traveling with pets, the hotel is pet-friendly!
Unfortunately, the hotel is not pet-friendly.",,,,No,,Yes,Yes,,,,,,,,6,,,"7: alluring,20: swimming,21: pool.",No,,No,,Yes,swimming pool,,Yes,,,,6,,,,,,,,,,,,,,,,,,,,,,,,,,,,,,,,,,,,,,,,,,,,,,,,,,,,,,,,,,,,,,,,,,,,,,,,,,,,,,,,,,,,,,,,,,,,,,,,,,,,,,,,,,,,,,,,,,,,,,,,,,,,,,,,,,,,,,,,,,,,,,,,,,,,,,,,,,No,,Yes,Yes,,,,,,,,7,,"47: Accessible,48: bathroom,,49: Accessible,50: hotel","10: luxurious,16: beautiful,17: city,24: stunning,101: beautiful,102: surroundings,116: childcare,117: services,",No,,Yes,No,,,,,,,,5,The output states that the hotel includes childcare services. This can be misleading as childcare specifically has not been included in input however the types of childcare services such as activities and playground is included.,"16: Hotel,17: bar,20: Balcony,21: (upon,22: inquiry),24: Volleyball,,25: Surfing,,26: Bike,27: rental,30: Kids,31: stay,32: for,33: free,,46: Accessible,47: bathroom,,48: Wheelchair,49: accessible,,50: Accessible,51: parking",35: free,No,,No,,Yes,free childcare,,No,No,,,4,,"20: Hotel,40: Cot,","3: paradise,20: idyllic,21: beach,30: elegant,40: rejuvenating",No,,Yes,No,,,,,,,,6,Output includes subjective statements. ,,,No,,Yes,Yes,,,,,,,,7,,,,,,,,,,,,,,,,,,,,,,,,,,,,,,,,,,,,,,,,,,,,,,,,,,,,,,,,,,,,,,,,,,,,,,,,,,,,,,,,,,,,,,,,,,,,,,,,,,,,,,,,,,,,,,,,,,,,,,,,,,,,,,,,,,,,,,,,,,,,,,,,,,,,,,,,3-4mins,40mins approx.,3,Trying to read both parts when not all information was on one screen. I had to slide to the right to read it all.,5,4,Yes,Make text avaible to be seen on one screen without having to slide to one side. Having a easy to click info box for reminders of term definitions.,4,I can't think of any improvements.,,
4/18/24 10:24,4/18/24 11:07,IP Address,*******,100,2531,TRUE,4/18/24 11:07,,*******,*******,*******,*******,*******,*******,anonymous,EN,1,Yes,,,,English,,,,"10: luxurious,15: the,16: heart,17: of,26: stunning,27: views,,28: and,29: some,30: even,31: have,39: The,40: hotel,41: also,42: has,43: a,44: range,45: of,46: dining,47: options.,115: before,116: or,117: after,118: check-in.",No,No,Libya.,"Libya
The hotel also has a range of dining options.",Yes,"5
Egypt
 Pets allowed","4
Libya
Unfortunately, the hotel is not pet-friendly","5
Egypt
Pets allowed","4
Libya
Unfortunately, the hotel is not pet-friendly.",Yes,"And if you are traveling with pets, the hotel is pet-friendly!
Unfortunately, the hotel is not pet-friendly.",,18: Hotel,"1: Escape,2: to,3: the,4: alluring,35: cozy,36: rooms,59: invigorating",No,,No,,No,,No,,,,,6,,,"7: alluring,20: swimming,21: pool.",No,,No,,Yes,swimming pool.,,Yes,,,,6,,"22: Coffee,23: machine,,24: Sitting,25: area,27: Golf,28: course,,34: Childcare,39: Accessible,40: hotel,,41: Wheelchair,42: accessible,","19: buffet,",No,,No,,Yes,buffet,,No,No,,,2,,"47: Accessible,48: bathroom,,49: Accessible,50: hotel",,No,,Yes,No,,,,,,,,6,,,"5: luxurious,12: This,13: elegant,14: accommodation,15: offers,16: a,17: range,18: of,19: facilities,20: and,21: amenities,22: for,23: a,24: relaxing,25: stay.,35: and,36: beauty,37: treatments,38: at,39: the,40: wellness,41: center,,43: unwind",No,,Yes,No,,,,,,,,5,,,"12: luxurious,18: sunny,19: city,45: in,46: all,47: rooms.,66: crystal-clear,67: waters,68: of,69: the,70: Red,71: Sea.,109: perfect,110: for,111: unwinding,112: and,113: rejuvenating.",No,,No,,No,,No,,,,,6,,,"16: in,17: the,18: heart,23: This,24: stunning,25: accommodation,26: offers,27: a,28: range,29: of,30: facilities,31: and,32: amenities,33: to,34: ensure,35: a,36: comfortable,37: and,38: enjoyable,39: stay,40: for,41: all,42: guests.,59: making,60: it,61: easy,62: for,63: guests,64: to,65: explore,66: the,67: local,68: area.,103: providing,104: plenty,105: of,106: opportunities,107: to,108: stay,109: active,110: during,111: your,112: stay.,132: making,133: it,134: an,135: ideal,136: choice,137: for,138: families.",No,,No,,No,,Yes,,,,,3,Output is excessively wordy,,,,,,,,,,,,,,,,,,,,,,,,,,,,,,,,,,,,,,,,,,,,,,,,,,,,,,,,,,,,,,,,,,,,,,,,,,,,,,,,,,,,,,,,,,,,,,,,,,,,,,,,,,,,,,,,,,,,,,,,,,,,,,,,,,,,,,,,,,,,,,,,,,,,,,,,,,,,,,,,,,,,,,,,,,,,,,,,,,,,,,,,,,,,,,,,,,,,,,,,,,,,,,,,,,,,,,,,,,,,,,,,,,,,,,,,,,,,,,,,,,,,,,,,,,,,,,,,,,,,,,,,,,,,,,,,,,,,,,,,,,,,,,,,,,,,,,,,,,,,,5 minutes,45 minutes,2,Keeping track of information from both sides simultaneously.,4,4,Yes,,4,I once accidentally pasted text into the output and it wouldn't allow me to erase it.,,
4/18/24 10:13,4/18/24 11:07,IP Address,*******,100,3232,TRUE,4/18/24 11:07,,*******,*******,*******,*******,*******,*******,anonymous,EN,0.8999999761581421,Yes,,,,English,,,,"10: luxurious,13: located,14: in,15: the,16: heart,17: of,21: Many,22: of,23: the,24: rooms,25: offer,26: stunning,27: views,,39: The,40: hotel,41: also,42: has,43: a,44: range,45: of,46: dining,47: options.,59: range,60: of,61: sport,62: facilities,,89: range,90: of,91: conference,92: rooms,,93: making,94: it,95: an,96: ideal,97: choice,98: for,99: business,100: travelers.,115: before,116: or,117: after,118: check-in.,136: the,137: hotel,138: is,139: pet-friendly!",No,No,"Libya
Many of the rooms offer stunning views
The hotel also has a range of dining options","Libya
The hotel also has a range of dining options.",Yes,"5
Egypt
Pets allowed","4
Libya
Unfortunately, the hotel is not pet-friendly.",,,Yes,"And if you are traveling with pets, the hotel is pet-friendly!
Unfortunately, the hotel is not pet-friendly.",,,,No,,No,,No,,Yes,,,,,6,,,"7: alluring,20: swimming,21: pool.",No,,No,,Yes,swimming pool.,,Yes,,,,5,,,,,,,,,,,,,,,,,,,,,,,,,,,,,,,,,,,,,,,,,,,,,,,,,,,,,,,,,,,,,,,,,,,,,,,,,,,,,,,,,,,,,,,,,,,,,,,,,,,,,,,,,,,,,,,,,,,,,,,,,,,,,,,,,,,,,,,,,,,,,,,,,,,,,,,,,,,,,,,,,,,,,,,,,,,,,,,,,,,,,,,,,,,,,,,,,,,,,,,,,,,,,,,,,,,,,,,,,,,,,,,,,,,,"6: charming,16: comfortable,17: accommodations,34: complimentary,35: breakfast,75: relaxing,86: accessible,87: for,88: all,89: guests,98: convenient,99: parking,100: options.",No,,No,,Yes,"complimentary breakfast
convenient parking options",,Yes,,,,4,,"47: Accessible,48: bathroom,","11: luxurious,20: This,21: hotel,22: offers,23: world-class,24: accommodations,25: and,26: amenities,,27: making,28: it,29: the,30: perfect,31: place,32: for,33: a,34: relaxing,35: and,36: comfortable,37: stay.,77: offers,78: a,79: range,80: of,81: room,82: amenities,115: The,116: hotel,117: is,118: located,119: in,120: a,121: beautiful,122: area,123: of,124: Mexico,,125: and,126: offers,127: stunning,128: views,129: of,130: the,131: surrounding,132: countryside.,140: an,141: ideal,142: choice,143: for,144: those,145: with,146: mobility,147: issues.,148: Overall,,149: the,150: Hotel,151: The,152: St,153: Regis,154: Punta,155: Mita,156: Resort,157: is,158: the,159: perfect,160: choice,161: for,162: anyone,163: looking,164: for,165: a,166: luxurious,167: and,168: comfortable,169: stay,170: in,171: Mexico.",No,,No,,No,,No,,,,,6,accessible bathroom input could be assumed in output but is not directly mentioned,,"10: charming,11: city,15: This,16: beautiful,17: accommodation,18: offers,19: a,20: wide,21: range,22: of,23: facilities,24: and,25: services,26: to,27: ensure,28: a,29: comfortable,30: and,31: enjoyable,32: stay,33: for,34: all,35: guests.,42: where,43: guests,44: can,45: enjoy,46: a,47: refreshing,48: drink,49: or,50: a,51: light,52: snack.,65: offering,66: stunning,67: views,68: of,69: the,70: surrounding,71: area.,134: The,135: resort,136: is,137: fully,138: accessible,,152: Overall,,153: Piscina,154: Rei,155: is,156: an,157: excellent,158: choice,159: for,160: travelers,161: seeking,162: a,163: comfortable,164: and,165: enjoyable,166: stay,167: in,168: Muravera,,169: Italy.",No,,No,,No,,Yes,,,,,6,,"25: WiFi,26: in,27: public,28: areas,,37: Diving,41: Kids,42: stay,43: for,44: free,,53: Accessible,54: parking","50: fitness,51: centre",No,,No,,Yes,fitness centre,,No,No,,,6,,"6: a,7: Destination,8: by,9: Hyatt,10: Residence,18: USA,31: Cosmetic,32: mirror,,51: Hot,52: stone,53: massage","16: well-equipped,42: you,43: enjoy,44: organized,45: activities",No,,No,,Yes,you enjoy organized activities,,No,No,,,5,,,,,,,,,,,,,,,,,,,,,,,,,,,,,,,,,,,,,,,,,,,,,,,,,,,,,,,,,,,,,,,,,,,,,,,,,,,,,I estimate it took me 3 to 5 minutes or less.,I estimate it took me about 42 minutes.,4,Not confusing myself with the ways in which the Input and Output interact. I checked the reference sheet a lot.,5,5,Yes,Is it Contradiction -ONLY- if Input and Output directly contradict each other? ,5,n/a,n/a,
4/18/24 10:49,4/18/24 11:08,IP Address,*******,100,1131,TRUE,4/18/24 11:08,,*******,*******,*******,*******,*******,*******,anonymous,EN,0.8999999761581421,Yes,,,,English,,,"43: Wellness:,44: Steam,45: room","46: dining,99: business,100: travelers.",No,Yes,"The hotel also has a range of dining options.
Libya
Many of the rooms offer stunning views,","Libya
The hotel also has a range of dining options.",Yes,"5
Pets allowed
Egypt","4
Unfortunately, the hotel is not pet-friendly.
Libya","5
Egypt
Pets allowed","4
Libya
Unfortunately, the hotel is not pet-friendly.",Yes,"Unfortunately, the hotel is not pet-friendly.","the hotel is pet-friendly!
Unfortunately, the hotel is not pet-friendly.",,,No,,Yes,Yes,,,,,,,,5,,,,Yes,swimming pool,,,,,,,,,,3,,,,,,,,,,,,,,,,,,,,,,,,,,,,,,,,,,,,,,,,,,,,,,,,,,,,,,,,,,,,,,,,,,,,,,,,,,,,,,,,,,,,,,,,,,,,,,,,,,,,,,,,,,,,,,,,,,,,,,,,,,,,,,,,,,,,,,,,,,,,,,,,,,,,,,,,,,,,,,,,,,,,,,,,,,,,,,,,,,,,,,,,,,,,,,,,,,,,,,,,,,,,,,,,,,,,,,,,,,,,,,,,,,,,,,,,,,,,,,,,,,,,,,,,,,,,,,,,,,,,,,,,,,,,,,,,,,,,,,,,,,,,,,,,,,,,,,,,,,,,,,,,,,,,,,,,,,,,,,,,,,,,,,,,,,,,,,,,,,,,,,,,,,,,,,,,,,,,,,,,,,,,,,,,,,,,,,,,,,,,,,,,,,,,
4/18/24 10:16,4/18/24 11:15,IP Address,*******,100,3577,TRUE,4/18/24 11:16,,*******,*******,*******,*******,*******,*******,anonymous,EN,1,Yes,,,,English,,,"2: Four,3: Seasons,4: Resort,5: Sharm,6: El,7: Sheikh,10: 5,21: Pets,22: allowed,,23: Conference,24: rooms,,25: Luggage,26: storage,29: Balcony,30: (upon,31: inquiry),44: Steam,45: room","10: luxurious,15: the,16: heart,17: of,26: stunning,27: views,,44: range,45: of,46: dining,47: options.,95: an,96: ideal,97: choice,98: for,99: business,100: travelers.,104: luggage,105: storage,106: available,107: for,108: those,109: who,110: need,111: to,112: store,113: their,114: bags,115: before,116: or,117: after,118: check-in.,136: the,137: hotel,138: is,139: pet-friendly!",No,Yes,"Libya
","Libya
The hotel also has a range of dining options.",Yes,"5
Egypt
Pets allowed
Wellness: Steam room","4
Libya
Unfortunately, the hotel is not pet-friendly.","5
Egypt
Pets allowed","4
Libya
Unfortunately, the hotel is not pet-friendly.",Yes,"And if you are traveling with pets, the hotel is pet-friendly!
Unfortunately, the hotel is not pet-friendly.",,,"4: alluring,21: luxurious,22: stay,23: with,24: a,25: pulsating,31: enhanced,32: safety.,35: cozy,36: rooms,56: Pamper,57: yourself,59: invigorating,68: ensures,69: accessibility",No,,Yes,Yes,,,,,,,,4,,,"7: alluring,20: swimming,21: pool.",No,,No,,Yes,swimming pool,,Yes,,,,3,,,,,,,,,,,,,,,,,,,,,,,,,,,,,,,,,,,,,,,,,,,,,,,,,,,,,,,,,,,,,,,,,,,,,,,,,,,,,"38: Accessibility:,39: Accessible,40: hotel,,41: Wheelchair,42: accessible,,43: Accessible,44: parking","6: charming,9: located,10: in,11: the,12: heart,17: hotel,18: offers,19: a,20: range,21: of,22: facilities,23: and,24: amenities,25: to,26: ensure,27: a,28: comfortable,29: and,30: enjoyable,31: stay,32: for,33: all,34: guests.,44: boasts,45: a,46: variety,47: of,48: room,49: amenities,59: providing,60: guests,61: with,62: a,63: comfortable,64: and,65: relaxing,66: space,67: to,68: unwind,69: after,70: a,71: long,72: day,73: of,74: exploring,75: the,76: city.,82: range,83: of,84: hotel,85: facilities,,90: ensuring,91: that,92: guests,93: have,94: access,95: to,96: assistance,97: and,98: support,99: at,100: all,101: times.,107: delicious,109: providing,110: guests,111: with,112: the,113: energy,114: they,115: need,116: to,117: start,118: their,119: day,120: off,121: right.,123: sports,124: enthusiasts,,135: providing,136: guests,137: with,138: the,139: opportunity,140: to,141: enjoy,142: some,143: leisurely,144: activities,145: during,146: their,147: stay.,159: ensuring,160: that,161: families,162: with,163: young,164: children,165: are,166: well,167: catered,168: for.,170: looking,171: to,172: relax,173: and,174: unwind,175: can,176: take,177: advantage",No,,No,,No,,No,,,,,3,,"27: Free,28: WiFi,29: (rooms),31: Horse,32: riding,,33: Diving,36: Organised,37: activities,38: for,39: kids,,46: Accessibility:,47: Accessible,48: bathroom,,49: Accessible,50: hotel","29: hotel,30: has,31: free,32: Wi-Fi,40: accessible,41: for,42: the,43: disabled.",No,,No,,No,,No,,,,,3,,,"1: Indulge,2: in,3: coastal,4: bliss,11: retreat,19: tranquil,20: haven,26: may,27: feature,31: Stay,32: active,39: Cater,40: to,41: your,42: little,43: ones,52: Rejuvenate,53: in,54: style,62: services.,64: resort,65: prioritizes,66: accessibility,,67: boasting",No,,No,,No,,Yes,,,,,5,,"25: WiFi,26: in,27: public,28: areas,,41: Kids,42: stay,43: for,44: free,","1: Experience,2: luxury,21: Nestled,22: along,23: the,24: picturesque,25: coastline,,30: range,31: of,32: amenities,37: free,38: WiFi,39: in,40: public,41: areas,,45: Indulge,46: in,47: comfort,57: refreshing,59: Dive,60: into,61: adventure,64: excursions,,77: Relax,78: and,79: rejuvenate,85: soothing,88: making,89: your,90: stay,91: a,92: memorable,93: blend,94: of,95: leisure,96: and,97: indulgence.",No,,No,,Yes,Free wifi in public areas,,No,No,,,3,,,"35: equipped,47: sports,48: enthusiasts,,63: benefit,78: For,79: those,80: seeking,81: relaxation,,103: making,104: it,105: suitable,106: for,107: guests,108: with,109: disabilities.",No,,No,,No,,Yes,,,,,5,,,,,,,,,,,,,,,,,,,,,,,,,,,,,,,,,,,,,,,,,,,,,,,,,,,,,,,,,,,,,,,,,,,,,,,,,,,,,,,,,,,,,,,,,,,,,,,,,,,,,,,,,,,,,,,,,,,,,,,,,,,,,,,,,,,,,,,,,,,,,,,,,,,,,,,,,,,,,,,,,,,,,,,,,,,,,,,,,,,,,,,,,,,,,,,,,,,,,,,,,,,,,,,,,,,,,,,,,,,,,,,,,,,5 minutes,50 minutes,3,Understanding the different definitions.,4,4,Once it was explained and i could refer to the sheet.,The Input/Output was the most confusing bit. The explanation sheet helped.,5,No,,
4/18/24 10:22,4/18/24 11:18,IP Address,*******,100,3314,TRUE,4/18/24 11:18,,*******,*******,*******,*******,*******,*******,anonymous,EN,1,Yes,,,,English,,,"43: Wellness:,44: Steam,45: room","10: luxurious,39: The,40: hotel,41: also,42: has,43: a,44: range,45: of,46: dining,47: options.,48: For,49: those,50: who,51: like,52: to,53: stay,54: active,,61: sport,62: facilities,,101: There,102: is,103: also,104: luggage,105: storage,106: available,107: for,108: those,109: who,110: need,111: to,112: store,113: their,114: bags,115: before,116: or,117: after,118: check-in.",Yes,Yes,"luxurious The hotel also has a range of dining options,  making it an ideal choice for business travelers, Wellness: Steam room","Libya
The hotel also has a range of dining options.",Yes,5Libya.,"Egypt
4","5
Egypt
Pets allowed","4
Libya
Unfortunately, the hotel is not pet-friendly.",Yes,"Pets allowed Unfortunately, the hotel is not pet-friendly.","the hotel is pet-friendly!
Unfortunately, the hotel is not pet-friendly.",,,No,,Yes,No,,,,,,,,6,none,,"20: swimming,21: pool.",Yes,swimming pool.,,,,,,,,,,5,none,,,,,,,,,,,,,,,,,,,,,,,,,,,,,,,,,,,,,,,,,,,,,,,,,,,,,,,,,,,,,,,,,,,,,,,,,,,,,,,,,,,,,,,,,,,,,,,,,,,,,,,,,,,,,,,,,,,,,,,,,,,,,,,,,,,,,,,,,,,,,,,,,,,,,,,,,,,,,,,,,,,,,,,,,,,,,,,,,,,,,,,,,,,,,,,,,,,,,,,,,,,,,,,,,,,,,,,,,,,,,,,,,,,,,,,,,,,,,,,,,,,,,,,,,,,,,,,,,,,,,,,,,,,,,,,,,,,,,,,,,,,,,,,,,,,,,,,,,,,,,,,,,,,,,,,,,,,,,,,,,,,,,,,,,,,,,,,,,,,,,,,,,,,,,,,,,,,,,,,,,,,,,,,,,,,,,,,,,,,,,,,,,,,
4/18/24 11:03,4/18/24 11:20,IP Address,*******,100,1017,TRUE,4/18/24 11:20,,*******,*******,*******,*******,*******,*******,anonymous,EN,0.8999999761581421,Yes,,,,English,,,"44: Steam,45: room","25: offer,26: stunning,27: views,,44: range,45: of,46: dining,47: options.",No,No,"Libya
Many of the rooms offer stunning views
The hotel also has a range of dining options","Libya
The hotel also has a range of dining options.",Yes,5,4,"5
Egypt
Pets allowed","4
Libya
Unfortunately, the hotel is not pet-friendly.",Yes,"Unfortunately, the hotel is not pet-friendly","the hotel is pet-friendly!
Unfortunately, the hotel is not pet-friendly.",,,No,,Yes,Yes,,,,,,,,7,,,,No,,No,,No,,No,,,,,6,,,,,,,,,,,,,,,,,,,,,,,,,,,,,,,,,,,,,,,,,,,,,,,,,,,,,,,,,,,,,,,,,,,,,,,,,,,,,,,,,,,,,,,,,,,,,,,,,,,,,,,,,,,,,,,,,,,,,,,,,,,,,,,,,,,,,,,,,,,,,,,,,,,,,,,,,,,,,,,,,,,,,,,,,,,,,,,,,,,,,,,,,,,,,,,,,,,,,,,,,,,,,,,,,,,,,,,,,,,,,,,,,,,,,,,,,,,,,,,,,,,,,,,,,,,,,,,,,,,,,,,,,,,,,,,,,,,,,,,,,,,,,,,,,,,,,,,,,,,,,,,,,,,,,,,,,,,,,,,,,,,,,,,,,,,,,,,,,,,,,,,,,,,,,,,,,,,,,,,,,,,,,,,,,,,,,,,,,,,,,,,,,,,,
4/18/24 10:36,4/18/24 11:21,IP Address,*******,100,2719,TRUE,4/18/24 11:21,,*******,*******,*******,*******,*******,*******,anonymous,EN,0.800000012,Yes,,,,English,,,"44: Steam,45: room","46: dining,47: options.",No,No,"Sharm el-Sheikh, Libya.
The hotel also has a range of dining options.","Libya
The hotel also has a range of dining options.",Yes,"5
Egypt
Pets allowed
","4
Libya
Unfortunately, the hotel is not pet-friendly","5
Egypt
Pets allowed","4
Libya
Unfortunately, the hotel is not pet-friendly.",Yes,"And if you are traveling with pets, the hotel is pet-friendly!
Unfortunately, the hotel is not pet-friendly.",,,,No,,No,,No,,Yes,,,,,4,,,"7: alluring,20: swimming,21: pool.",No,,No,,Yes,swimming pool.,,Yes,,,,2,,,,,,,,,,,,,,,,,,,,,,,,,,,,,,,,,,,,,,,,,,,,,,,,,,,,,,,,,,,,,,,,,,,,,,,,,,,,,,,,,,,,,,,,,,,,,,,,,,,,,,,,,,,,,,,,,,,,,,,,,,,,,,,,,,,,,,,,,,,,,,,,,,,,,,,,,,,,,,,,,,,,,,,,,,,,,,,,,,,,,,,,,,,,,,,,,,,,,,,,,,,,,,,,,,,,,,,,,,,,,,,,,,,,,,,,,,,,,,,,,,,,,,,,,,,,,,,,,,,,,,,,,,,,,,,,,,,,,,,,,,,,,,,,,,,,,,,,,,,,,,,"5: cozy,11: welcomes,12: guests,13: with,14: a,15: warm,16: and,17: inviting,18: atmosphere.,43: relaxation,44: and,45: rejuvenation.,77: comfortable,78: rooms",No,,No,,No,,Yes,,,,,5,,,"2: luxury,26: unparalleled,27: hospitality",No,,No,,No,,Yes,,,,,7,,,"7: stunning,13: beautiful,18: It,19: offers,20: guests,21: an,22: exceptional,23: experience,26: variety,27: of,28: facilities,31: The,32: resort,33: is,34: perfect,35: for,36: those,37: who,38: want,39: to,40: enjoy,41: a,42: comfortable,43: and,44: relaxing,45: stay,46: while,47: exploring,48: the,49: city.,56: you,57: can,58: enjoy,59: a,60: drink,61: or,62: two,63: with,64: friends,65: or,66: family.,81: flat-screen,82: TV,83: for,84: your,85: entertainment.,95: other,96: sports,97: activities,166: Overall,,167: the,168: Piscina,169: Rei,170: Resort,171: is,172: a,173: perfect,174: destination,175: for,176: those,177: seeking,178: a,179: luxurious,180: and,181: relaxing,182: stay,183: in,184: Italy.",No,,No,,Yes,flat-screen TV for your entertainment,,Yes,,,,4,,,"12: luxurious,24: This,25: stunning,26: accommodation,27: offers,28: breathtaking,29: views,30: of,31: the,32: Red,33: Sea,52: As,53: a,54: guest,55: of,56: the,57: hotel,,58: you,59: can,60: enjoy,61: access,62: to,63: a,64: private,65: beach,,66: where,67: you,68: can,69: soak,70: up,71: the,72: sun,73: and,74: take,75: a,76: refreshing,77: dip,78: in,79: the,80: crystal-clear,81: waters,82: of,83: the,84: Red,85: Sea.,97: a,98: refreshing,99: drink,100: or,101: a,102: light,103: snack,105: taking,106: in,107: the,108: stunning,109: views.,143: providing,144: you,145: with,146: all,147: the,148: comforts,149: and,150: conveniences,151: you,152: need,153: for,154: a,155: relaxing,156: stay.,177: underwater,178: world,179: of,180: the,181: Red,182: Sea.",No,,No,,Yes,"Stunning accommodation offers breathtaking views of the Red Sea
As a guest of the hotel, you can enjoy access to a private beach",,No,No,,,3,,"24: Cashless,25: payment,,26: Car,27: hire,41: Organised,42: activities,43: for,44: kids,,55: Wheelchair,56: accessible",,No,,Yes,No,,,,,,,,5,,3 minutes,30 minutes,3,"I could not copy and paste for factually wrong infomation, it only allowed me to highlight an remove highlight. Secondly, in the training, it was marking my answers as incorrect when they were not incorrect at all. They matched the correct answers that were shown. ",3,3,yes,,2,make it easy to copy paste,,
4/18/24 10:33,4/18/24 11:22,IP Address,*******,100,2964,TRUE,4/18/24 11:22,,*******,*******,*******,*******,*******,*******,anonymous,EN,1,Yes,,,,English,,,"25: Luggage,26: storage,29: Balcony","21: Many,22: of,23: the,24: rooms,25: offer,26: stunning,27: views,,28: and,29: some,30: even,31: have,32: balconies,33: that,34: can,35: be,36: requested,37: upon,38: inquiry.,39: The,40: hotel,41: also,42: has,43: a,44: range,45: of,46: dining,47: options.,59: range,60: of,61: sport,62: facilities,,112: store,113: their,114: bags,115: before,116: or,117: after,118: check-in.",No,Yes,"Libya
The hotel also has a range of dining options.",,Yes,"Country: Egypt	
Star rating: 5	
Pets allowed	","Country: Egypt	
4-star hotel
Unfortunately, the hotel is not pet-friendly","5
Egypt
Pets allowed","4
Libya
Unfortunately, the hotel is not pet-friendly.",Yes,"Unfortunately, the hotel is not pet-friendly.
And if you are traveling with pets, the hotel is pet-friendly!","the hotel is pet-friendly!
Unfortunately, the hotel is not pet-friendly.",,,No,,No,,No,,Yes,,,,,4,"The Input-Output pair seems to be well-aligned, with the Output effectively conveying the information provided in the Input.",,,No,,Yes,No,,,,,,,,4,,,,,,,,,,,,,,,,,,,,,,,,,,,,,,,,,,,,,,,,,,,,,,,,,,,,,,,,,,,,,,,,,,,,,,,,,,,,,,,,,,,,,,,,,,,,,,,,,,,,,,,,,,,,,,,,,,,,,,,,,,,,,,,,,,,,,,,,,,,,,,,,,,,,,,,,,,,,,,,,,,,,,,,,,,,,,,,,,,,,,,,,,,,,,,,,,,,,,,,,,,,,,,,,,,,,,,,,,,,,,,,,,,,,,,,,,,,,,,,,,,,,,,,,,,,,,,,,,,,,,,,,,,,,,,,,,,,,,,,,,,,,,,,,,,,,,,,,,,,,,,,,,,,,,,,,,,,,,,,,,,,,,,,,,,,,,,,,,,,,,,,,,,,,,,,,,,,,,,,,,,,,,,,,,,,,,,,,,,,,,,,,,,,,
4/18/24 10:59,4/18/24 11:26,IP Address,*******,100,1598,TRUE,4/18/24 11:26,,*******,*******,*******,*******,*******,*******,anonymous,EN,1,Yes,,,,English,,,,"10: luxurious,14: in,15: the,16: heart,21: Many,22: of,23: the,24: rooms,25: offer,26: stunning,27: views,,39: The,40: hotel,41: also,42: has,43: a,44: range,45: of,46: dining,47: options.,59: range,60: of,61: sport,62: facilities,,88: a,89: range,90: of,115: before,116: or,117: after,118: check-in.",No,No,"Libya
The hotel also has a range of dining options.",,Yes,"5
Egypt
Pets allowed","4
Libya
Unfortunately, the hotel is not pet-friendly.",,,Yes,"And if you are traveling with pets, the hotel is pet-friendly!
Unfortunately, the hotel is not pet-friendly.",,,"1: Escape,2: to,3: the,4: alluring,18: Indulge,19: in,20: a,21: luxurious,22: stay,23: with,24: a,25: pulsating,33: Unwind,34: in,35: cozy,36: rooms,37: boasting,56: Pamper,57: yourself,58: with,59: invigorating",No,,No,,No,,Yes,,,,,5,Much subjective comment but core information is accurate,,"7: alluring,20: swimming,21: pool.",No,,No,,Yes,swimming pool.,,Yes,,,,4,Only one error,,,,,,,,,,,,,,,,,,,,,,,,,,,,,,,,,,,,,,,,,,,,,,,,,,,,,,,,,,,,,,,,,,,,,,,,,,,,"38: Accessibility:,39: Accessible,40: hotel,,41: Wheelchair,42: accessible,,43: Accessible,44: parking","6: charming,9: located,10: in,11: the,12: heart,13: of,26: ensure,27: a,28: comfortable,29: and,30: enjoyable,31: stay,32: for,33: all,34: guests.,59: providing,60: guests,61: with,62: a,63: comfortable,64: and,65: relaxing,66: space,67: to,68: unwind,69: after,70: a,71: long,72: day,73: of,74: exploring,75: the,76: city.,107: delicious,109: providing,110: guests,111: with,112: the,113: energy,114: they,115: need,116: to,117: start,118: their,119: day,120: off,121: right.,159: ensuring,160: that,161: families,162: with,163: young,164: children,165: are,166: well,167: catered,168: for.",No,,No,,No,,No,,,,,4,Some of the subjective statements in the output are logically consequent on the facilities offered - a fine line. ,"30: Sport:,31: Horse,32: riding,,33: Diving,36: Organised,37: activities,38: for,39: kids,,47: Accessible,48: bathroom,",,No,,Yes,No,,,,,,,,6,Truthful but incomplete,,"1: Indulge,2: in,3: coastal,4: bliss,15: This,16: resort,17: offers,18: a,19: tranquil,20: haven,30: request).,52: Rejuvenate,53: in,54: style",No,,No,,No,,Yes,,,,,7,,"29: Free,30: WiFi,41: Kids,42: stay,43: for,44: free,","1: Experience,2: luxury,21: Nestled,22: along,23: the,24: picturesque,25: coastline,,37: free,45: Indulge,46: in,47: comfort,57: refreshing,64: excursions,,85: soothing,88: making,89: your,90: stay,91: a,92: memorable,93: blend,94: of,95: leisure,96: and,97: indulgence.",No,,No,,No,,No,,,,,4,,,"103: making,104: it,105: suitable,106: for,107: guests,108: with,109: disabilities.",No,,No,,No,,Yes,,,,,7,"This is a very close summary of the ifnroamtion offered, adding only an unsubstantiated claim that the hotel is suitable for disabled guests",,,,,,,,,,,,,,,,,,,,,,,,,,,,,,,,,,,,,,,,,,,,,,,,,,,,,,,,,,,,,,,,,,,,,,,,,,,,,,,,,,,,,,,,,,,,,,,,,,,,,,,,,,,,,,,,,,,,,,,,,,,,,,,,,,,,,,,,,,,,,,,,,,,,,,,,,,,,,,,,,,,,,,,,,,,,,,,,,,,,,,,,,,,,,,,,,,,,,,,,,,,,,,,,,,,,,,,,,,,,,,,,,,3 -4 minutes,Not as long as the 60 mins you suggested - nearer half an hour,4,The various definitions and keeping them in mind when reading,5,4,"Yes, though there were some fairly subjective calls in some of the text added in the output",Maybe hover over the terms to bring up a reminder definition?,5,,Good luck with your research ,
4/18/24 10:18,4/18/24 11:27,IP Address,*******,100,4132,TRUE,4/18/24 11:27,,*******,*******,*******,*******,*******,*******,anonymous,EN,0.5,Yes,,,,English,,,"43: Wellness:,44: Steam,45: room","10: luxurious,15: the,16: heart,17: of,21: Many,22: of,23: the,25: offer,26: stunning,27: views,,28: and,29: some,30: even,39: The,40: hotel,41: also,42: has,43: a,44: range,45: of,46: dining,47: options.,107: for,108: those,109: who,110: need,111: to,112: store,113: their,114: bags,115: before,116: or,117: after,118: check-in.",No,No,"Libya
The hotel also has a range of dining options.",,Yes,"5
Egypt
Pets allowed","4
Libya
Unfortunately, the hotel is not pet-friendly.",,,Yes,"Unfortunately, the hotel is not pet-friendly.","the hotel is pet-friendly!
Unfortunately, the hotel is not pet-friendly.",,"4: alluring,18: Indulge,19: in,20: a,21: luxurious,22: stay,30: for,31: enhanced,32: safety.,33: Unwind,34: in,35: cozy,36: rooms,62: in,63: the,64: wellness,65: center.",No,,No,,No,,Yes,,,,,2,No,,"7: alluring,20: swimming,21: pool.",No,,No,,Yes,swimming pool.,,Yes,,,,3,No,,,,,,,,,,,,,,,,,,,,,,,,,,,,,,,,,,,,,,,,,,,,,,,,,,,,,,,,,,,,,,,,,,,,,,,,,,,,,,,,,,,,,,,,,,,,,,,,,,,,,,,,,,,,,,,,,,,,,,,,,,,,,,,,,,,,,,,,,,,,,,,,,,,,,,,,,,,,,,,,,,,,,,,,,,,,,,,,,,,,,,,,,,,,,,,,,,,,,,,,,,,,,,,,,,,,,,,,,,,,,,,,,,43: Accessible,"6: charming,16: comfortable,17: accommodations,34: complimentary,93: accessible,94: rooms,,98: convenient",No,,No,,Yes,complimentary,,No,No,,,2,No,,"11: luxurious,23: world-class,120: a,121: beautiful,122: area,123: of,126: offers,127: stunning,128: views,129: of,130: the,131: surrounding,132: countryside.,138: making,139: it,140: an,141: ideal,142: choice,158: the,159: perfect,160: choice",No,,No,,No,,Yes,,,,,2,No,,"10: charming,16: beautiful,66: stunning,67: views,68: of,69: the,70: surrounding,71: area.,156: an,157: excellent,158: choice",No,,No,,No,,Yes,,,,,2,No,"25: WiFi,26: in,27: public,28: areas,,36: Sport:,37: Diving,41: Kids,42: stay,43: for,44: free,,52: Accessibility:,53: Accessible,54: parking","46: It,47: also,48: has,49: a,50: fitness,51: centre",No,,No,,Yes,It also has a fitness centre,,No,No,,,2,No,"17: Country:,18: USA,31: Cosmetic,32: mirror,,45: Childcare,,46: Kids',47: club,51: Hot,52: stone,53: massage,55: Wheelchair","13: offering,14: tranquility.,16: well-equipped,41: while,42: you,43: enjoy,44: organized,45: activities",No,,No,,No,,No,,,,,3,No,,,,,,,,,,,,,,,,,,,,,,,,,,,,,,,,,,,,,,,,,,,,,,,,,,,,,,,,,,,,,,,,,,,,,,,,,,,,5 minutes,1 hour,3,"Deciding which divergent information was truly factually wrong as opposed to being a subjective opinion, vague, unverified, or inferred.",1,2,Yes,"Provide more complex examples in the training, especially further clarifying the difference between factually wrong information opposed to subjective opinions or vague statements.",2,Make it easier to highlight text already marked as divergent (so you can subsquently copy and paste it into the boxes lower down).,No,
4/18/24 10:19,4/18/24 11:32,IP Address,*******,100,4346,TRUE,4/18/24 11:32,,*******,*******,*******,*******,*******,*******,anonymous,EN,,Yes,,,,English,,,"44: Steam,45: room","10: luxurious,21: Many,22: of,23: the,24: rooms,25: offer,26: stunning,27: views,,28: and,29: some,30: even,44: range,45: of,46: dining,47: options.,93: making,94: it,95: an,96: ideal,97: choice,98: for,99: business,100: travelers.,101: There,102: is,103: also,104: luggage,105: storage,106: available,107: for,108: those,109: who,110: need,111: to,112: store,113: their,114: bags,115: before,116: or,117: after,118: check-in.",No,No,"Libya.
Many of the rooms offer stunning views

","Libya
The hotel also has a range of dining options.",Yes,"5
 Egypt","4
Unfortunately, the hotel is not pet-friendly.
","5
Egypt
Pets allowed","4
Libya
Unfortunately, the hotel is not pet-friendly.",Yes,"And if you are traveling with pets, the hotel is pet-friendly!
Unfortunately, the hotel is not pet-friendly.",,,,No,,Yes,Yes,,,,,,,,6,,,,No,,Yes,Yes,,,,,,,,5,,,,,,,,,,,,,,,,,,,,,,,,,,,,,,,,,,,,,,,,,,,,,,,,,,,,,,,,,,,,,,,,,,,,,,,,,,,,,,,,,,,,,,,,,,,,,,,,,,,,,,,,,,,,,,,,,,,,,,,,,,,,,,,,,,,,,,,,,,,,,,,,,,,,,,,,,,,,,,,,,,,,,,,,,,,,,,,,,,,,,,,,,,,,,,,,,,,,,,,,,,,,,,,,,,,,,,,,,,,,,,,,,,,,,,,,,,,,,,,,,,,,,,,,,,,,,,,,,,,,,,,,,,,,,,,,,,,,,,,,,,,,,,,,,,,,,,,,,,,,,,,,,,,,,,,,,,,,,,,,,,,,,,,,,,,,,,,,,,,,,,,,,,,,,,,,,,,,,,,,,,,,,,,,,,,,,,,,,,,,,,,,,,,,
4/18/24 11:05,4/18/24 11:37,IP Address,*******,100,1905,TRUE,4/18/24 11:37,,*******,*******,*******,*******,*******,*******,anonymous,EN,1,Yes,,,,English,,,"44: Steam,45: room","26: stunning,27: views,,28: and,29: some,30: even,31: have,39: The,40: hotel,41: also,42: has,43: a,44: range,45: of,46: dining,47: options.",No,No,"luxurious
the heart of
Libya
Many of the rooms offer stunning views,
making it an ideal choice for business travelers.","Libya
The hotel also has a range of dining options.",Yes,"5
Egypt
Pets allowed

","4
Libya
Unfortunately, the hotel is not pet-friendly
","5
Egypt
Pets allowed","4
Libya
Unfortunately, the hotel is not pet-friendly.",Yes,"Unfortunately, the hotel is not pet-friendly.","the hotel is pet-friendly!
Unfortunately, the hotel is not pet-friendly.",18: Hotel,"10: Club,11: Resort,",Yes,"Hotel
Club Resort",,,,,,,,,,4,"output had added things like cozy rooms, luxurious, pulsating , invigorating ",,"7: alluring,20: swimming,21: pool.,36: include,45: include",Yes,swimming pool,,,,,,,,,,4,include suggests there are other wellness and accessibility features,,,,,,,,,,,,,,,,,,,,,,,,,,,,,,,,,,,,,,,,,,,,,,,,,,,,,,,,,,,,,,,,,,,,,,,,,,,,,,,,,,,,,,,,,,,,,,,,,,,,,,,,,,,,,,,,,,,,,,,,,,,,,,,,,,,,,,,,,,,,,,,,,,,,,,,,,,,,,,,,,,,,,,,,,,,,,,,,,,,,,,,,,,,,,,,,,,,,,,,,,,,,,,,,,,,,,,,,,,,,,,,,,,,,,,,,,,,,,,,,,,,,,,,,,,,,,,,,,,,,,,,,,,,,,,,,,,,,,,,,,,,,,,,,,,,,,,,,,,,,,,,,,,,,,,,,,,,,,,,,,,,,,,,,,,,,,,,,,,,,,,,,,,,,,,,,,,,,,,,,,,,,,,,,,,,,,,,,,,,,,,,,,,,
4/18/24 10:36,4/18/24 11:39,IP Address,*******,100,3781,TRUE,4/18/24 11:39,,*******,*******,*******,*******,*******,*******,anonymous,EN,1,Yes,,,,English,,,"43: Wellness:,44: Steam,45: room","10: luxurious,14: in,15: the,16: heart,17: of,21: Many,22: of,23: the,24: rooms,25: offer,26: stunning,27: views,,39: The,40: hotel,41: also,42: has,43: a,44: range,45: of,46: dining,47: options.,93: making,94: it,95: an,96: ideal,97: choice,98: for,99: business,100: travelers.,107: for,108: those,109: who,110: need,111: to,112: store,113: their,114: bags,115: before,116: or,117: after,118: check-in.",No,No,Libya,"Libya
The hotel also has a range of dining options.",Yes,"5
Egypt
Pets Allowed","4
Libya
Not pet friendly","5
Egypt
Pets allowed","4
Libya
Unfortunately, the hotel is not pet-friendly.",Yes,"And if you are traveling with pets, the hotel is pet-friendly!
Unfortunately, the hotel is not pet-friendly.",,,,No,,Yes,Yes,,,,,,,,6,It looks fairly accurate to me....,,"20: swimming,21: pool.",No,,No,,Yes,swimming pool,,Yes,,,,6,,,,,,,,,,,,,,,,,,,,,,,,,,,,,,,,,,,,,,,,,,,,,,,,,,,,,,,,,,,,,,,,,,,,,,,,,,,,,,,,,,,,,,,,,,,,,,,,,,,,,,,,,,,,,,,,,,,,,,,,,,,,,,,,,,,,,,,,,,,,,,,,,,,,,,,,,,,,,,,,,,,,,,,,,,,,,,,,,,,,,,,,,,,,,,,,,,,,,,,,,,,,,,,,,,,,,,,,,,,,,,,,,,,,,,,,,,,,,,,,,,,,,,,,,,,,,,,,,,,,,,,,,,,,,,,,,,,,,,,,,,,,,,,,,,,,,,,,,,,,,,,,,,,,,,,,,,,,,,,,,,,,,,,,,,,,,,,,,,,,,,,,,,,,,,,,,,,,,,,,,,,,,,,,,,,,,,,,,,,,,,,,,,,,
4/18/24 10:58,4/18/24 12:11,IP Address,*******,100,4406,TRUE,4/18/24 12:11,,*******,*******,*******,*******,*******,*******,anonymous,EN,1,Yes,,,,English,,,"44: Steam,45: room","10: luxurious,21: Many,22: of,23: the,24: rooms,25: offer,26: stunning,27: views,,39: The,40: hotel,41: also,42: has,43: a,44: range,45: of,46: dining,47: options.,93: making,94: it,95: an,96: ideal,97: choice,98: for,99: business,100: travelers.",No,No,Libya,"Libya
The hotel also has a range of dining options.",Yes,"5
Egypt
Pets allowed","4
Libya
Unfortunately, the hotel is not pet-friendly","5
Egypt
Pets allowed","4
Libya
Unfortunately, the hotel is not pet-friendly.",Yes,"And if you are traveling with pets, the hotel is pet-friendly!
Unfortunately, the hotel is not pet-friendly.

","the hotel is pet-friendly!
Unfortunately, the hotel is not pet-friendly.","16: Accommodation,17: type:,18: Hotel","14: haven,18: Indulge,19: in,20: a,21: luxurious,22: stay,30: for,31: enhanced,32: safety.,33: Unwind,34: in,35: cozy,36: rooms,40: Stay,41: active,56: Pamper,57: yourself,59: invigorating,67: resort",No,,No,,No,,No,,,,,6,No,,"7: alluring,20: swimming,21: pool.",No,,No,,Yes,swimming pool,,Yes,,,,4,No,,,,,,,,,,,,,,,,,,,,,,,,,,,,,,,,,,,,,,,,,,,,,,,,,,,,,,,,,,,,,,,,,,,,,,,,,,,,,,,,,,,,,,,,,,,,,,,,,,,,,,,,,,,,,,,,,,,,,,,,,,,,,,,,,,,,,,,,,,,,,,,,,,,,,,,,,,,,,,,,,,,,,,,,,,,,,,,,,,,,,,,,,,,,,,,,,,,,,,,,,,,,,,,,,,,,,,,,,,,,,,,,,,"39: Accessible,40: hotel,,43: Accessible,44: parking","6: charming,15: offers,16: comfortable,17: accommodations,42: for,43: convenience.,57: for,58: entertainment.,59: Families,60: with,61: children,62: will,63: appreciate,71: guests,72: can,73: indulge,74: in,75: relaxing,93: accessible,94: rooms,,98: convenient,99: parking,100: options.",No,,No,,Yes,accessible rooms,,No,No,,,6,No,,"20: This,21: hotel,22: offers,23: world-class,24: accommodations,25: and,26: amenities,,27: making,28: it,29: the,30: perfect,31: place,32: for,33: a,34: relaxing,35: and,36: comfortable,37: stay.,86: which,87: means,88: you,89: can,90: stay,91: connected,92: throughout,93: your,94: stay.,106: to,107: keep,108: you,109: active,110: and,111: relaxed,112: during,113: your,114: stay.,115: The,116: hotel,117: is,118: located,119: in,120: a,121: beautiful,122: area,126: offers,127: stunning,128: views,129: of,130: the,131: surrounding,132: countryside.,138: making,139: it,140: an,141: ideal,142: choice,143: for,144: those,145: with,146: mobility,147: issues.,158: the,159: perfect,160: choice,161: for,162: anyone,163: looking,164: for,165: a,166: luxurious,167: and,168: comfortable,169: stay",No,,No,,No,,Yes,,,,,7,No,,"8: in,9: the,10: charming,11: city,15: This,16: beautiful,17: accommodation,18: offers,19: a,20: wide,21: range,22: of,23: facilities,24: and,25: services,26: to,27: ensure,28: a,29: comfortable,30: and,31: enjoyable,32: stay,33: for,34: all,35: guests.,42: where,43: guests,44: can,45: enjoy,46: a,47: refreshing,48: drink,49: or,50: a,51: light,52: snack.,65: offering,66: stunning,67: views,68: of,69: the,70: surrounding,71: area.,72: For,73: sports,74: enthusiasts,,88: Guests,89: can,90: also,91: take,92: advantage,147: available,148: for,149: guests,150: with,151: disabilities.,152: Overall,,153: Piscina,154: Rei,155: is,156: an,157: excellent,158: choice,159: for,160: travelers,161: seeking,162: a,163: comfortable,164: and,165: enjoyable,166: stay,167: in,168: Muravera,,169: Italy.",No,,No,,No,,Yes,,,,,7,No,"25: WiFi,26: in,27: public,28: areas,,36: Sport:,37: Diving,41: Kids,42: stay,43: for,44: free,,52: Accessibility:,53: Accessible,54: parking","50: fitness,51: centre",No,,No,,No,,No,,,,,5,No,"6: a,7: Destination,8: by,9: Hyatt,10: Residence,17: Country:,18: USA,19: Accommodation,20: type:,21: Hotel,31: Cosmetic,32: mirror,,46: Kids',47: club,51: Hot,52: stone,53: massage,54: Accessibility:,55: Wheelchair,56: accessible","1: Nestled,12: haven,13: offering,14: tranquility.,24: Indulge,25: in,26: a,27: relaxing,31: rejuvenate,54: ensure,55: comfort,56: for,57: all.,64: add,65: convenience,,70: offerings,71: provide,72: peace,73: of,74: mind,75: for,76: parents.",Yes,Let your kids enjoy organized activities while you enjoy organized activities while you enjoy tennis or golf,,,,,,,,,,5,No,,,,,,,,,,,,,,,,,,,,,,,,,,,,,,,,,,,,,,,,,,,,,,,,,,,,,,,,,,,,,,,,,,,,,,,,,,,,5 minutes,70 minutes,3,None,5,5,Yes,A video explaning the guidelines would be helpful,5,No,No,
4/18/24 10:56,4/18/24 12:13,IP Address,*******,100,4629,TRUE,4/18/24 12:13,,*******,*******,*******,*******,*******,*******,anonymous,EN,1,Yes,,,,English,,,"1: Name:,9: rating:,11: City:,14: Country:,16: Accommodation,17: type:,22: allowed,,27: Room,28: amenities:,29: Balcony,37: Childcare,38: services:,43: Wellness:,44: Steam,45: room","1: The,8: is,9: a,10: luxurious,13: located,14: in,15: the,16: heart,17: of,21: Many,22: of,23: the,24: rooms,25: offer,26: stunning,27: views,,28: and,29: some,30: even,31: have,32: balconies,33: that,34: can,35: be,36: requested,37: upon,38: inquiry.,39: The,41: also,42: has,43: a,44: range,45: of,46: dining,47: options.,48: For,49: those,50: who,51: like,52: to,53: stay,54: active,,55: the,56: hotel,57: has,58: a,59: range,60: of,63: including,64: a,67: and,70: If,71: you,72: are,73: traveling,74: with,75: children,,76: the,78: has,83: In,84: addition,,85: the,87: has,88: a,89: range,90: of,93: making,94: it,95: an,96: ideal,97: choice,98: for,99: business,100: travelers.,101: There,102: is,103: also,106: available,107: for,108: those,109: who,110: need,111: to,112: store,113: their,114: bags,115: before,116: or,117: after,118: check-in.,119: For,120: those,121: with,123: needs,,124: the,126: offers,129: And,130: if,131: you,132: are,133: traveling,134: with,136: the,138: is,139: pet-friendly!",No,No,"Libya
","Libya
The hotel also has a range of dining options.",Yes,"5
Egypt
Pets allowed","4
Libya
Unfortunately, the hotel is not pet-friendly.
","5
Egypt
Pets allowed","4
Libya
Unfortunately, the hotel is not pet-friendly.",Yes,"Unfortunately, the hotel is not pet-friendly.","the hotel is pet-friendly!
Unfortunately, the hotel is not pet-friendly.",,,No,,Yes,Yes,,,,,,,,6,,,,No,,Yes,Yes,,,,,,,,6,,,,,,,,,,,,,,,,,,,,,,,,,,,,,,,,,,,,,,,,,,,,,,,,,,,,,,,,,,,,,,,,,,,,,,,,,,,,,,,,,,,,,,,,,,,,,,,,,,,,,,,,,,,,,,,,,,,,,,,,,,,,,,,,,,,,,,,,,,,,,,,,,,,,,,,,,,,,,,,,,,,,,,,,,,,,,,,,,,,,,,,,,,,,,,,,,,,,,,,,,,,,,,,,,,,,,,,,,,,,,,,,,,,,,,,,,,,,,,,,,,,,,,,,,,,,,,,,,,,,,,,,,,,,,,,,,,,,,,,,,,,,,,,,,,,,,,,,,,,,,,,,,,,,,,,,,,,,,,,,,,,,,,,,,,,,,,,,,,,,,,,,,,,,,,,,,,,,,,,,,,,,,,,,,,,,,,,,,,,,,,,,,,,,
4/18/24 12:03,4/18/24 12:44,IP Address,*******,100,2458,TRUE,4/18/24 12:44,,*******,*******,*******,*******,*******,*******,anonymous,EN,0.5,Yes,,,,English,,,"44: Steam,45: room","10: luxurious,26: stunning,27: views,,39: The,40: hotel,41: also,42: has,43: a,44: range,45: of,46: dining,47: options.",Yes,Yes,"The Four Seasons Resort Sharm El Sheikh is a luxurious 5-star hotel located in the heart of Sharm el-Sheikh, Libya

The hotel also has a range of dining options
","Libya
The hotel also has a range of dining options.",Yes,"5
Egypt
Luggage storage
Pets allowed","4
Libya
before or after check-in
Unfortunately, the hotel is not pet-friendly.","5
Egypt
Pets allowed","4
Libya
Unfortunately, the hotel is not pet-friendly.",Yes,"Unfortunately, the hotel is not pet-friendly.","the hotel is pet-friendly!
Unfortunately, the hotel is not pet-friendly.",,,No,,Yes,Yes,,,,,,,,4,no,,,Yes,swimming pool.,,,,,,,,,,6,no,,,,,,,,,,,,,,,,,,,,,,,,,,,,,,,,,,,,,,,,,,,,,,,,,,,,,,,,,,,,,,,,,,,,,,,,,,,,,,,,,,,,,,,,,,,,,,,,,,,,,,,,,,,,,,,,,,,,,,,,,,,,,,,,,,,,,,,,,,,,,,,,,,,,,,,,,,,,,,,,,,,,,,,,,,,,,,,,,,,,,,,,,,,,,,,,,,,,,,,,,,,,,,,,,,,,,,,,,,,,,,,,,,,,,,,,,,,,,,,,,,,,,,,,,,,,,,,,,,,,,,,,,,,,,,,,,,,,,,,,,,,,,,,,,,,,,,,,,,,,,,,,,,,,,,,,,,,,,,,,,,,,,,,,,,,,,,,,,,,,,,,,,,,,,,,,,,,,,,,,,,,,,,,,,,,,,,,,,,,,,,,,,,,
4/18/24 12:57,4/18/24 13:10,IP Address,*******,100,775,TRUE,4/18/24 13:10,,*******,*******,*******,*******,*******,*******,anonymous,EN,0.8999999761581421,Yes,,,,English,,,"44: Steam,45: room","26: stunning,27: views,,46: dining,47: options.",No,No,"The hotel also has a range of dining options.
","Libya
The hotel also has a range of dining options.",Yes,"5
Egypt
Pets allowed","4
Libya
Unfortunately, the hotel is not pet-friendly.
","5
Egypt
Pets allowed","4
Libya
Unfortunately, the hotel is not pet-friendly.",Yes,"And if you are traveling with pets, the hotel is pet-friendly!
Unfortunately, the hotel is not pet-friendly.",,,,No,,Yes,Yes,,,,,,,,7,n/a,,"20: swimming,21: pool.",No,,No,,Yes,swimming pool.,,Yes,,,,6,n/a,,,,,,,,,,,,,,,,,,,,,,,,,,,,,,,,,,,,,,,,,,,,,,,,,,,,,,,,,,,,,,,,,,,,,,,,,,,,,,,,,,,,,,,,,,,,,,,,,,,,,,,,,,,,,,,,,,,,,,,,,,,,,,,,,,,,,,,,,,,,,,,,,,,,,,,,,,,,,,,,,,,,,,,,,,,,,,,,,,,,,,,,,,,,,,,,,,,,,,,,,,,,,,,,,,,,,,,,,,,,,,,,,,,,,,,,,,,,,,,,,,,,,,,,,,,,,,,,,,,,,,,,,,,,,,,,,,,,,,,,,,,,,,,,,,,,,,,,,,,,,,,,,,,,,,,,,,,,,,,,,,,,,,,,,,,,,,,,,,,,,,,,,,,,,,,,,,,,,,,,,,,,,,,,,,,,,,,,,,,,,,,,,,,
4/12/24 5:10,4/12/24 5:20,IP Address,*******,9,625,FALSE,4/19/24 5:20,,*******,*******,*******,*******,*******,*******,anonymous,EN,0.800000012,Yes,,,,English,,,"43: Wellness:,44: Steam,45: room","39: The,40: hotel,41: also,42: has,43: a,44: range,45: of,46: dining,47: options.",No,Yes,,,,,,,,,,,,,,,,,,,,,,,,,,,,,,,,,,,,,,,,,,,,,,,,,,,,,,,,,,,,,,,,,,,,,,,,,,,,,,,,,,,,,,,,,,,,,,,,,,,,,,,,,,,,,,,,,,,,,,,,,,,,,,,,,,,,,,,,,,,,,,,,,,,,,,,,,,,,,,,,,,,,,,,,,,,,,,,,,,,,,,,,,,,,,,,,,,,,,,,,,,,,,,,,,,,,,,,,,,,,,,,,,,,,,,,,,,,,,,,,,,,,,,,,,,,,,,,,,,,,,,,,,,,,,,,,,,,,,,,,,,,,,,,,,,,,,,,,,,,,,,,,,,,,,,,,,,,,,,,,,,,,,,,,,,,,,,,,,,,,,,,,,,,,,,,,,,,,,,,,,,,,,,,,,,,,,,,,,,,,,,,,,,,,,,,,,,,,,,,,,,,,,,,,,,,,,,,,,,,,,,,,,,,
4/12/24 5:21,4/12/24 5:23,IP Address,*******,6,135,FALSE,4/19/24 5:29,,*******,*******,*******,*******,*******,*******,anonymous,EN,1,Yes,,,,English,,,,,,,,,,,,,,,,,,,,,,,,,,,,,,,,,,,,,,,,,,,,,,,,,,,,,,,,,,,,,,,,,,,,,,,,,,,,,,,,,,,,,,,,,,,,,,,,,,,,,,,,,,,,,,,,,,,,,,,,,,,,,,,,,,,,,,,,,,,,,,,,,,,,,,,,,,,,,,,,,,,,,,,,,,,,,,,,,,,,,,,,,,,,,,,,,,,,,,,,,,,,,,,,,,,,,,,,,,,,,,,,,,,,,,,,,,,,,,,,,,,,,,,,,,,,,,,,,,,,,,,,,,,,,,,,,,,,,,,,,,,,,,,,,,,,,,,,,,,,,,,,,,,,,,,,,,,,,,,,,,,,,,,,,,,,,,,,,,,,,,,,,,,,,,,,,,,,,,,,,,,,,,,,,,,,,,,,,,,,,,,,,,,,,,,,,,,,,,,,,,,,,,,,,,,,,,,,,,,,,,,,,,,,,,,,,
4/12/24 5:05,4/12/24 5:35,IP Address,*******,15,1773,FALSE,4/19/24 5:37,,*******,*******,*******,*******,*******,*******,anonymous,EN,0.8999999761581421,Yes,,,,English,,,"43: Wellness:,44: Steam,45: room","39: The,40: hotel,41: also,42: has,43: a,44: range,45: of,46: dining,47: options.",No,No,Libya,"Libya
The hotel also has a range of dining options.",Yes,"5
 Egypt
Pets allowed
","4
Libya
Unfortunately, the hotel is not pet-friendly.
","5
Egypt
Pets allowed","4
Libya
Unfortunately, the hotel is not pet-friendly.",,,,,,,,,,,,,,,,,,,,,,,,,,,,,,,,,,,,,,,,,,,,,,,,,,,,,,,,,,,,,,,,,,,,,,,,,,,,,,,,,,,,,,,,,,,,,,,,,,,,,,,,,,,,,,,,,,,,,,,,,,,,,,,,,,,,,,,,,,,,,,,,,,,,,,,,,,,,,,,,,,,,,,,,,,,,,,,,,,,,,,,,,,,,,,,,,,,,,,,,,,,,,,,,,,,,,,,,,,,,,,,,,,,,,,,,,,,,,,,,,,,,,,,,,,,,,,,,,,,,,,,,,,,,,,,,,,,,,,,,,,,,,,,,,,,,,,,,,,,,,,,,,,,,,,,,,,,,,,,,,,,,,,,,,,,,,,,,,,,,,,,,,,,,,,,,,,,,,,,,,,,,,,,,,,,,,,,,,,,,,,,,,,,,,,,,,,,,,,,,,,,,,,,,,,,,,,,,,,,,
4/19/24 6:10,4/19/24 6:21,IP Address,*******,100,671,TRUE,4/19/24 6:21,,*******,*******,*******,*******,*******,*******,anonymous,EN,1,Yes,,,,English,,,,,Yes,No,Country: Egypt,"Libya
The hotel also has a range of dining options.",No,,,"5
Egypt
Pets allowed","4
Libya
Unfortunately, the hotel is not pet-friendly.",Yes,"Childcare services: Organised activities for kids
Wellness: Steam room","the hotel is pet-friendly!
Unfortunately, the hotel is not pet-friendly.","45: accessible,",,Yes,Country: Türkiye,,,,,,,,,,4,,,,Yes,Accessibility: Wheelchair accessible,,,,,,,,,,5,,,,,,,,,,,,,,,,,,,,,,,,,,,,,,,,,,,,,,,,,,,,,,,,,,,,,,,,,,,,,,,,,,,,,,,,,,,,,,,,,,,,,,,,,,,,,,,,,,,,,,,,,,,,,,,,,,,,,,,,,,,,,,,,,,,,,,,,,,,,,,,,,,,,,,,,,,,,,,,,,,,,,,,,,,,,,,,,,,,,,,,,,,,,,,,,,,,,,,,,,,,,,,,,,,,,,,,,,,,,,,,,,,,,,,,,,,,,,,,,,,,,,,,,,,,,,,,,,,,,,,,,,,,,,,,,,,,,,,,,,,,,,,,,,,,,,,,,,,,,,,,,,,,,,,,,,,,,,,,,,,,,,,,,,,,,,,,,,,,,,,,,,,,,,,,,,,,,,,,,,,,,,,,,,,,,,,,,,,,,,,,,,,,,
4/19/24 6:11,4/19/24 6:21,IP Address,*******,100,596,TRUE,4/19/24 6:21,,*******,*******,*******,*******,*******,*******,anonymous,EN,0.8999999761581421,No,,,,,,,,,,,,,,,,,,,,,,,,,,,,,,,,,,,,,,,,,,,,,,,,,,,,,,,,,,,,,,,,,,,,,,,,,,,,,,,,,,,,,,,,,,,,,,,,,,,,,,,,,,,,,,,,,,,,,,,,,,,,,,,,,,,,,,,,,,,,,,,,,,,,,,,,,,,,,,,,,,,,,,,,,,,,,,,,,,,,,,,,,,,,,,,,,,,,,,,,,,,,,,,,,,,,,,,,,,,,,,,,,,,,,,,,,,,,,,,,,,,,,,,,,,,,,,,,,,,,,,,,,,,,,,,,,,,,,,,,,,,,,,,,,,,,,,,,,,,,,,,,,,,,,,,,,,,,,,,,,,,,,,,,,,,,,,,,,,,,,,,,,,,,,,,,,,,,,,,,,,,,,,,,,,,,,,,,,,,,,,,,,,,,,,,,,,,,,,,,,,,,,,,,,,,,,,,,,,,,,,,,,,,,,,,,,,,,,
4/19/24 6:14,4/19/24 6:26,IP Address,*******,100,711,TRUE,4/19/24 6:26,,*******,*******,*******,*******,*******,*******,anonymous,EN,0,Yes,,,,English,,,"43: Wellness:,44: Steam,45: room",,No,No,"Libya
The hotel also has a range of dining options.",,Yes,"5
Egypt
Pets allowed","4
Libya
Unfortunately, the hotel is not pet-friendly","5
Egypt
Pets allowed","4
Libya
Unfortunately, the hotel is not pet-friendly.",Yes,"And if you are traveling with pets, the hotel is pet-friendly!
Unfortunately, the hotel is not pet-friendly.",,,,No,,Yes,Yes,,,,,,,,7,No,,,No,,Yes,No,,,,,,,,1,Output includes factually wrong information,,,,,,,,,,,,,,,,,,,,,,,,,,,,,,,,,,,,,,,,,,,,,,,,,,,,,,,,,,,,,,,,,,,,,,,,,,,,,,,,,,,,,,,,,,,,,,,,,,,,,,,,,,,,,,,,,,,,,,,,,,,,,,,,,,,,,,,,,,,,,,,,,,,,,,,,,,,,,,,,,,,,,,,,,,,,,,,,,,,,,,,,,,,,,,,,,,,,,,,,,,,,,,,,,,,,,,,,,,,,,,,,,,,,,,,,,,,,,,,,,,,,,,,,,,,,,,,,,,,,,,,,,,,,,,,,,,,,,,,,,,,,,,,,,,,,,,,,,,,,,,,,,,,,,,,,,,,,,,,,,,,,,,,,,,,,,,,,,,,,,,,,,,,,,,,,,,,,,,,,,,,,,,,,,,,,,,,,,,,,,,,,,,,
4/19/24 6:13,4/19/24 6:26,IP Address,*******,100,781,TRUE,4/19/24 6:26,,*******,*******,*******,*******,*******,*******,anonymous,EN,0.8999999761581421,Yes,,,,English,,,"9: rating:,10: 5","46: dining,47: options.",No,No,"Libya
The hotel also has a range of dining options","Libya
The hotel also has a range of dining options.",Yes,"5
Egypt
Pets allowed","4
Libya
Unfortunately, the hotel is not pet-friendly.",,,Yes,"Unfortunately, the hotel is not pet-friendly.","the hotel is pet-friendly!
Unfortunately, the hotel is not pet-friendly.",,,No,,Yes,Yes,,,,,,,,6,Output says it is luxurious although hard to define what is luxury it is vague but not unfactual,,"20: swimming,21: pool.",Yes,"The hotel does not have a swimming pool
Hotel facilities include hotel safe, swimming pool",,,,,,,,,,2,,,,,,,,,,,,,,,,,,,,,,,,,,,,,,,,,,,,,,,,,,,,,,,,,,,,,,,,,,,,,,,,,,,,,,,,,,,,,,,,,,,,,,,,,,,,,,,,,,,,,,,,,,,,,,,,,,,,,,,,,,,,,,,,,,,,,,,,,,,,,,,,,,,,,,,,,,,,,,,,,,,,,,,,,,,,,,,,,,,,,,,,,,,,,,,,,,,,,,,,,,,,,,,,,,,,,,,,,,,,,,,,,,,,,,,,,,,,,,,,,,,,,,,,,,,,,,,,,,,,,,,,,,,,,,,,,,,,,,,,,,,,,,,,,,,,,,,,,,,,,,,,,,,,,,,,,,,,,,,,,,,,,,,,,,,,,,,,,,,,,,,,,,,,,,,,,,,,,,,,,,,,,,,,,,,,,,,,,,,,,,,,,,,,
4/19/24 6:04,4/19/24 6:27,IP Address,*******,100,1336,TRUE,4/19/24 6:27,,*******,*******,*******,*******,*******,*******,anonymous,EN,0.5,Yes,,,,English,,,"2: Four,3: Seasons,4: Resort,5: Sharm,6: El,7: Sheikh,10: 5,12: Sharm,13: el-Sheikh,15: Egypt,18: Hotel,21: Pets,22: allowed,,23: Conference,24: rooms,,25: Luggage,26: storage,29: Balcony,30: (upon,31: inquiry),33: Table,34: tennis,,35: Tennis,36: court,39: Organised,40: activities,41: for,42: kids,47: Accessible,48: parking","1: The,2: Four,3: Seasons,4: Resort,5: Sharm,6: El,7: Sheikh,11: 5-star,12: hotel,18: Sharm,19: el-Sheikh,,20: Egypt.,32: balconies,33: that,34: can,35: be,36: requested,37: upon,38: inquiry.,65: tennis,66: court,67: and,68: table,69: tennis.,79: organized,80: activities,81: for,82: kids.,91: conference,92: rooms,,104: luggage,105: storage,106: available,127: accessible,128: parking.,139: pet-friendly!",No,No,"a range of conference rooms
a range of sport facilities
the heart of Sharm el-Sheikh, Libya
The hotel also has a range of dining options.","Libya
The hotel also has a range of dining options.",Yes,"5
Egypt
 Pets allowed","4
Libya
Unfortunately, the hotel is not pet-friendly.","5
Egypt
Pets allowed","4
Libya
Unfortunately, the hotel is not pet-friendly.",Yes,"Unfortunately, the hotel is not pet-friendly.","the hotel is pet-friendly!
Unfortunately, the hotel is not pet-friendly.",,,No,,Yes,Yes,,,,,,,,7,No,,"20: swimming,21: pool.",No,,No,,Yes,swimming pool,,Yes,,,,6,No,,,,,,,,,,,,,,,,,,,,,,,,,,,,,,,,,,,,,,,,,,,,,,,,,,,,,,,,,,,,,,,,,,,,,,,,,,,,,,,,,,,,,,,,,,,,,,,,,,,,,,,,,,,,,,,,,,,,,,,,,,,,,,,,,,,,,,,,,,,,,,,,,,,,,,,,,,,,,,,,,,,,,,,,,,,,,,,,,,,,,,,,,,,,,,,,,,,,,,,,,,,,,,,,,,,,,,,,,,,,,,,,,,,,,,,,,,,,,,,,,,,,,,,,,,,,,,,,,,,,,,,,,,,,,,,,,,,,,,,,,,,,,,,,,,,,,,,,,,,,,,,,,,,,,,,,,,,,,,,,,,,,,,,,,,,,,,,,,,,,,,,,,,,,,,,,,,,,,,,,,,,,,,,,,,,,,,,,,,,,,,,,,,,
4/19/24 6:16,4/19/24 6:27,IP Address,*******,100,627,TRUE,4/19/24 6:27,,*******,*******,*******,*******,*******,*******,anonymous,EN,1,Yes,,,,English,,,,"10: luxurious,26: stunning,27: views,,44: range,45: of,46: dining,47: options.",No,No,"located in the heart of Sharm el-Sheikh, Libya
","Libya
The hotel also has a range of dining options.",Yes,"5
Egypt
Pets allowed","4
Libya
Not pet-friendly","5
Egypt
Pets allowed","4
Libya
Unfortunately, the hotel is not pet-friendly.",Yes,"And if you are traveling with pets, the hotel is pet-friendly!
Unfortunately, the hotel is not pet-friendly.",,,,No,,Yes,No,,,,,,,,3,,,,No,,No,,No,,Yes,,,,,3,,,,,,,,,,,,,,,,,,,,,,,,,,,,,,,,,,,,,,,,,,,,,,,,,,,,,,,,,,,,,,,,,,,,,,,,,,,,,,,,,,,,,,,,,,,,,,,,,,,,,,,,,,,,,,,,,,,,,,,,,,,,,,,,,,,,,,,,,,,,,,,,,,,,,,,,,,,,,,,,,,,,,,,,,,,,,,,,,,,,,,,,,,,,,,,,,,,,,,,,,,,,,,,,,,,,,,,,,,,,,,,,,,,,,,,,,,,,,,,,,,,,,,,,,,,,,,,,,,,,,,,,,,,,,,,,,,,,,,,,,,,,,,,,,,,,,,,,,,,,,,,,,,,,,,,,,,,,,,,,,,,,,,,,,,,,,,,,,,,,,,,,,,,,,,,,,,,,,,,,,,,,,,,,,,,,,,,,,,,,,,,,,,,,
4/19/24 6:08,4/19/24 6:27,IP Address,*******,100,1131,TRUE,4/19/24 6:27,,*******,*******,*******,*******,*******,*******,anonymous,EN,1,Yes,,,,English,,,,"14: in,15: the,16: heart,17: of,21: Many,22: of,23: the,24: rooms,25: offer,26: stunning,27: views,,39: The,40: hotel,41: also,42: has,43: a,44: range,45: of,46: dining,47: options.,101: There,102: is,103: also,104: luggage,105: storage,106: available,107: for,108: those,109: who,110: need,111: to,112: store,113: their,114: bags,115: before,116: or,117: after,118: check-in.",No,No,"Libya
The hotel also has a range of dining options.
the heart of","Libya
The hotel also has a range of dining options.",Yes,"5
Pets allowed","4
Unfortunately, the hotel is not pet-friendly","5
Egypt
Pets allowed","4
Libya
Unfortunately, the hotel is not pet-friendly.",Yes,"the hotel is pet-friendly!
Unfortunately, the hotel is not pet-friendly","the hotel is pet-friendly!
Unfortunately, the hotel is not pet-friendly.",,,No,,Yes,Yes,,,,,,,,7,,,"20: swimming,21: pool.",No,,Yes,No,,,,,,,,6,,,,,,,,,,,,,,,,,,,,,,,,,,,,,,,,,,,,,,,,,,,,,,,,,,,,,,,,,,,,,,,,,,,,,,,,,,,,,,,,,,,,,,,,,,,,,,,,,,,,,,,,,,,,,,,,,,,,,,,,,,,,,,,,,,,,,,,,,,,,,,,,,,,,,,,,,,,,,,,,,,,,,,,,,,,,,,,,,,,,,,,,,,,,,,,,,,,,,,,,,,,,,,,,,,,,,,,,,,,,,,,,,,,,,,,,,,,,,,,,,,,,,,,,,,,,,,,,,,,,,,,,,,,,,,,,,,,,,,,,,,,,,,,,,,,,,,,,,,,,,,,,,,,,,,,,,,,,,,,,,,,,,,,,,,,,,,,,,,,,,,,,,,,,,,,,,,,,,,,,,,,,,,,,,,,,,,,,,,,,,,,,,,,,
4/19/24 6:04,4/19/24 6:34,IP Address,*******,100,1828,TRUE,4/19/24 6:34,,*******,*******,*******,*******,*******,*******,anonymous,EN,1,Yes,,,,English,,,"44: Steam,45: room","10: luxurious,26: stunning,27: views,,44: range,45: of,46: dining,47: options.,48: For,49: those,50: who,51: like,52: to,53: stay,54: active,,93: making,94: it,95: an,96: ideal,97: choice,98: for,99: business,100: travelers.,107: for,108: those,109: who,110: need,111: to,112: store,113: their,114: bags,115: before,116: or,117: after,118: check-in.",No,No,"Libya, ","Libya
The hotel also has a range of dining options.",Yes,"5
Egypt
Pets allowed
","4
Libya
Unfortunately, the hotel is not pet-friendly.
","5
Egypt
Pets allowed","4
Libya
Unfortunately, the hotel is not pet-friendly.",Yes,"And if you are traveling with pets, the hotel is pet-friendly!
Unfortunately, the hotel is not pet-friendly.",,18: Hotel,"4: alluring,14: haven,21: luxurious,22: stay,23: with,24: a,25: pulsating,33: Unwind,34: in,35: cozy,36: rooms,46: kids,47: relish,59: invigorating",No,,No,,No,,No,,,,,5,"Just that in I it it uses the word Hotel, but it is not in O as well as all the subjective information in Output",,"20: swimming,21: pool.",Yes,"swimming pool and Sports facilities include volleyball, pool table.",,,,,,,,,,4,just what I've highlighted - I've noticed in the training though that your program has said that I was wrong when I had put down the exact things in your questions,,,,,,,,,,,,,,,,,,,,,,,,,,,,,,,,,,,,,,,,,,,,,,,,,,,,,,,,,,,,,,,,,,,,,,,,,,,,,,,,,,,,,,,,,,,,,,,,,,,,,,,,,,,,,,,,,,,,,,,,,,,,,,,,,,,,,,,,,,,,,,,,,,,,,,,,,,,,,,,,,,,,,,,,,,,,,,,,,,,,,,,,,,,,,,,,,,,,,,,,,,,,,,,,,,,,,,,,,,,,,,,,,,,,,,,,,,,,,,,,,,,,,,,,,,,,,,,,,,,,,,,,,,,,,,,,,,,,,,,,,,,,,,,,,,,,,,,,,,,,,,,,,,,,,,,,,,,,,,,,,,,,,,,,,,,,,,,,,,,,,,,,,,,,,,,,,,,,,,,,,,,,,,,,,,,,,,,,,,,,,,,,,,,
4/19/24 6:09,4/19/24 6:35,IP Address,*******,100,1557,TRUE,4/19/24 6:35,,*******,*******,*******,*******,*******,*******,anonymous,EN,0.699999988,Yes,,,,English,,,"10: 5,12: Sharm,13: el-Sheikh","1: The,2: Four,3: Seasons,4: Resort,5: Sharm,6: El,7: Sheikh,8: is,9: a,10: luxurious,11: 5-star,12: hotel,13: located,14: in,15: the,16: heart,17: of,18: Sharm,19: el-Sheikh,,20: Egypt.,83: In,84: addition,,85: the,86: hotel,87: has,88: a,89: range,90: of,91: conference,92: rooms,,93: making,94: it,95: an,96: ideal,97: choice,98: for,99: business,100: travelers.,119: For,120: those,121: with,122: accessibility,123: needs,,124: the,125: hotel,126: offers,127: accessible,128: parking.",No,Yes," stunning views
There is also luggage storage available for those who need to store their bags","Libya
The hotel also has a range of dining options.",Yes,"5
,Egypt
Pets allowed

","4
Libya
the hotel is not pet-friendly","5
Egypt
Pets allowed","4
Libya
Unfortunately, the hotel is not pet-friendly.",Yes,"Unfortunately, the hotel is not pet-friendly.","the hotel is pet-friendly!
Unfortunately, the hotel is not pet-friendly.",,,No,,Yes,Yes,,,,,,,,5,,,"20: swimming,21: pool.",Yes,swimming pool.,,,,,,,,,,5,,,,,,,,,,,,,,,,,,,,,,,,,,,,,,,,,,,,,,,,,,,,,,,,,,,,,,,,,,,,,,,,,,,,,,,,,,,,,,,,,,,,,,,,,,,,,,,,,,,,,,,,,,,,,,,,,,,,,,,,,,,,,,,,,,,,,,,,,,,,,,,,,,,,,,,,,,,,,,,,,,,,,,,,,,,,,,,,,,,,,,,,,,,,,,,,,,,,,,,,,,,,,,,,,,,,,,,,,,,,,,,,,,,,,,,,,,,,,,,,,,,,,,,,,,,,,,,,,,,,,,,,,,,,,,,,,,,,,,,,,,,,,,,,,,,,,,,,,,,,,,,,,,,,,,,,,,,,,,,,,,,,,,,,,,,,,,,,,,,,,,,,,,,,,,,,,,,,,,,,,,,,,,,,,,,,,,,,,,,,,,,,,,,,
4/19/24 6:13,4/19/24 6:36,IP Address,*******,100,1406,TRUE,4/19/24 6:36,,*******,*******,*******,*******,*******,*******,anonymous,EN,1,Yes,,,,English,,,"44: Steam,45: room","10: luxurious,16: heart,17: of,26: stunning,27: views,,44: range,45: of,46: dining,47: options.,62: facilities,",No,No,"Libya
The hotel also has a range of dining options.",,Yes,"5
Pets allowed
Egypt","4
not pet-friendly
Libya","5
Egypt
Pets allowed","4
Libya
Unfortunately, the hotel is not pet-friendly.",Yes,"And if you are traveling with pets, the hotel is pet-friendly!
Unfortunately, the hotel is not pet-friendly.",,,,No,,Yes,No,,,,,,,,6,Output does not mention it is a Hotel,,"20: swimming,21: pool.",No,,No,,Yes,swimming pool,,Yes,,,,5,,,,,,,,,,,,,,,,,,,,,,,,,,,,,,,,,,,,,,,,,,,,,,,,,,,,,,,,,,,,,,,,,,,,,,,,,,,,,,,,,,,,,,,,,,,,,,,,,,,,,,,,,,,,,,,,,,,,,,,,,,,,,,,,,,,,,,,,,,,,,,,,,,,,,,,,,,,,,,,,,,,,,,,,,,,,,,,,,,,,,,,,,,,,,,,,,,,,,,,,,,,,,,,,,,,,,,,,,,,,,,,,,,,,,,,,,,,,,,,,,,,,,,,,,,,,,,,,,,,,,,,,,,,,,,,,,,,,,,,,,,,,,,,,,,,,,,,,,,,,,,,,,,,,,,,,,,,,,,,,,,,,,,,,,,,,,,,,,,,,,,,,,,,,,,,,,,,,,,,,,,,,,,,,,,,,,,,,,,,,,,,,,,,,
4/19/24 6:19,4/19/24 6:37,IP Address,*******,100,1086,TRUE,4/19/24 6:37,,*******,*******,*******,*******,*******,*******,anonymous,EN,0.699999988,Yes,,,,English,,,"44: Steam,45: room","26: stunning,27: views,,44: range,45: of,46: dining,47: options.",No,No,"Libya
","Libya
The hotel also has a range of dining options.",Yes,"5
Egypt
Pets allowed","4
Libya
Unfortunately, the hotel is not pet-friendly.",,,Yes,"And if you are traveling with pets, the hotel is pet-friendly!
Unfortunately, the hotel is not pet-friendly.",,"16: Accommodation,17: type:,18: Hotel","4: alluring,14: haven,21: luxurious,22: stay,30: for,31: enhanced,32: safety.,35: cozy,36: rooms,37: boasting,59: invigorating,62: in,63: the,64: wellness,65: center.",No,,No,,No,,No,,,,,3,,,"20: swimming,21: pool.",No,,No,,Yes,swimming pool,,Yes,,,,5,,,,,,,,,,,,,,,,,,,,,,,,,,,,,,,,,,,,,,,,,,,,,,,,,,,,,,,,,,,,,,,,,,,,,,,,,,,,,,,,,,,,,,,,,,,,,,,,,,,,,,,,,,,,,,,,,,,,,,,,,,,,,,,,,,,,,,,,,,,,,,,,,,,,,,,,,,,,,,,,,,,,,,,,,,,,,,,,,,,,,,,,,,,,,,,,,,,,,,,,,,,,,,,,,,,,,,,,,,,,,,,,,,,,,,,,,,,,,,,,,,,,,,,,,,,,,,,,,,,,,,,,,,,,,,,,,,,,,,,,,,,,,,,,,,,,,,,,,,,,,,,,,,,,,,,,,,,,,,,,,,,,,,,,,,,,,,,,,,,,,,,,,,,,,,,,,,,,,,,,,,,,,,,,,,,,,,,,,,,,,,,,,,,,
4/19/24 6:17,4/19/24 6:38,IP Address,*******,100,1297,TRUE,4/19/24 6:38,,*******,*******,*******,*******,*******,*******,anonymous,EN,1,Yes,,,,English,,,,"10: luxurious,13: located,14: in,15: the,16: heart,21: Many,22: of,23: the,24: rooms,25: offer,26: stunning,27: views,,39: The,40: hotel,41: also,42: has,43: a,44: range,45: of,46: dining,47: options.,115: before,116: or,117: after,118: check-in.",Yes,No,"Libya
The hotel also has a range of dining options.",,Yes,"5
Egypt
Pets allowed","4
Libya
Unfortunately, the hotel is not pet-friendly","5
Egypt
Pets allowed","4
Libya
Unfortunately, the hotel is not pet-friendly.",Yes,"And if you are traveling with pets, the hotel is pet-friendly!
Unfortunately, the hotel is not pet-friendly.",,,,No,,Yes,Yes,,,,,,,,6,,,"20: swimming,21: pool.",No,,No,,Yes,swimming pool.,,Yes,,,,3,,,,,,,,,,,,,,,,,,,,,,,,,,,,,,,,,,,,,,,,,,,,,,,,,,,,,,,,,,,,,,,,,,,,,,,,,,,,,,,,,,,,,,,,,,,,,,,,,,,,,,,,,,,,,,,,,,,,,,,,,,,,,,,,,,,,,,,,,,,,,,,,,,,,,,,,,,,,,,,,,,,,,,,,,,,,,,,,,,,,,,,,,,,,,,,,,,,,,,,,,,,,,,,,,,,,,,,,,,,,,,,,,,,,,,,,,,,,,,,,,,,,,,,,,,,,,,,,,,,,,,,,,,,,,,,,,,,,,,,,,,,,,,,,,,,,,,,,,,,,,,,,,,,,,,,,,,,,,,,,,,,,,,,,,,,,,,,,,,,,,,,,,,,,,,,,,,,,,,,,,,,,,,,,,,,,,,,,,,,,,,,,,,,,
4/19/24 6:23,4/19/24 6:39,IP Address,*******,100,1004,TRUE,4/19/24 6:39,,*******,*******,*******,*******,*******,*******,anonymous,EN,1,Yes,,,,English,,,,"39: The,40: hotel,41: also,42: has,43: a,44: range,45: of,46: dining,47: options.",No,Yes,Libya,"Libya
The hotel also has a range of dining options.",Yes,"5
Pet friendly","4
Not pet friendly","5
Egypt
Pets allowed","4
Libya
Unfortunately, the hotel is not pet-friendly.",Yes,"And if you are traveling with pets, the hotel is pet-friendly!
Unfortunately, the hotel is not pet-friendly.",,,"4: alluring,14: haven,18: Indulge,21: luxurious,25: pulsating,30: for,31: enhanced,32: safety.,33: Unwind,34: in,35: cozy,36: rooms,47: relish,59: invigorating,65: center.",No,,Yes,Yes,,,,,,,,6,,,"7: alluring,20: swimming,21: pool.",No,,Yes,Yes,,,,,,,,7,,,,,,,,,,,,,,,,,,,,,,,,,,,,,,,,,,,,,,,,,,,,,,,,,,,,,,,,,,,,,,,,,,,,,,,,,,,,,,,,,,,,,,,,,,,,,,,,,,,,,,,,,,,,,,,,,,,,,,,,,,,,,,,,,,,,,,,,,,,,,,,,,,,,,,,,,,,,,,,,,,,,,,,,,,,,,,,,,,,,,,,,,,,,,,,,,,,,,,,,,,,,,,,,,,,,,,,,,,,,,,,,,,,,,,,,,,,,,,,,,,,,,,,,,,,,,,,,,,,,,,,,,,,,,,,,,,,,,,,,,,,,,,,,,,,,,,,,,,,,,,,,,,,,,,,,,,,,,,,,,,,,,,,,,,,,,,,,,,,,,,,,,,,,,,,,,,,,,,,,,,,,,,,,,,,,,,,,,,,,,,,,,,,,
4/19/24 6:06,4/19/24 6:39,IP Address,*******,100,2001,TRUE,4/19/24 6:39,,*******,*******,*******,*******,*******,*******,anonymous,EN,0.699999988,Yes,,,,English,,,,"10: luxurious,44: range,45: of,46: dining,47: options.,61: sport,62: facilities,",No,No,Libya,"Libya
The hotel also has a range of dining options.",Yes,"5
Egypt","4
Libya
unfortunately the hotel is not Pet friendly","5
Egypt
Pets allowed","4
Libya
Unfortunately, the hotel is not pet-friendly.",Yes,"Unfortunately, the hotel is not pet-friendly.
","the hotel is pet-friendly!
Unfortunately, the hotel is not pet-friendly.",,,No,,No,,No,,Yes,,,,,6,I do not understand temperature screening for enhanced safety,,"20: swimming,21: pool.",No,,No,,Yes,swimming pool.,,Yes,,,,2,Output adds swimming pool,,,,,,,,,,,,,,,,,,,,,,,,,,,,,,,,,,,,,,,,,,,,,,,,,,,,,,,,,,,,,,,,,,,,,,,,,,,,,,,,,,,,,,,,,,,,,,,,,,,,,,,,,,,,,,,,,,,,,,,,,,,,,,,,,,,,,,,,,,,,,,,,,,,,,,,,,,,,,,,,,,,,,,,,,,,,,,,,,,,,,,,,,,,,,,,,,,,,,,,,,,,,,,,,,,,,,,,,,,,,,,,,,,,,,,,,,,,,,,,,,,,,,,,,,,,,,,,,,,,,,,,,,,,,,,,,,,,,,,,,,,,,,,,,,,,,,,,,,,,,,,,,,,,,,,,,,,,,,,,,,,,,,,,,,,,,,,,,,,,,,,,,,,,,,,,,,,,,,,,,,,,,,,,,,,,,,,,,,,,,,,,,,,,
4/19/24 6:10,4/19/24 6:40,IP Address,*******,100,1815,TRUE,4/19/24 6:40,,*******,*******,*******,*******,*******,*******,anonymous,EN,1,Yes,,,,English,,,,"10: luxurious,13: located,14: in,15: the,16: heart,26: stunning,27: views,,42: has,43: a,44: range,45: of,46: dining,47: options.,59: range,60: of,61: sport,62: facilities,,97: choice,98: for,99: business,100: travelers.",No,No," luxurious 5-star hotel located in the heart of Sharm el-Sheikh, Libya.
","Libya
The hotel also has a range of dining options.",Yes,"5
Egypt
Pets allowed
Range of sport facilities","4
Libya
Not pet-friendly
Table tennis and tennis court","5
Egypt
Pets allowed","4
Libya
Unfortunately, the hotel is not pet-friendly.",Yes,"And if you are traveling with pets, the hotel is pet-friendly!
Unfortunately, the hotel is not pet-friendly.",,,,No,,Yes,Yes,,,,,,,,6,,,"20: swimming,21: pool.",No,,No,,Yes,swimming pool,,Yes,,,,5,,,,,,,,,,,,,,,,,,,,,,,,,,,,,,,,,,,,,,,,,,,,,,,,,,,,,,,,,,,,,,,,,,,,,,,,,,,,,,,,,,,,,,,,,,,,,,,,,,,,,,,,,,,,,,,,,,,,,,,,,,,,,,,,,,,,,,,,,,,,,,,,,,,,,,,,,,,,,,,,,,,,,,,,,,,,,,,,,,,,,,,,,,,,,,,,,,,,,,,,,,,,,,,,,,,,,,,,,,,,,,,,,,,,,,,,,,,,,,,,,,,,,,,,,,,,,,,,,,,,,,,,,,,,,,,,,,,,,,,,,,,,,,,,,,,,,,,,,,,,,,,,,,,,,,,,,,,,,,,,,,,,,,,,,,,,,,,,,,,,,,,,,,,,,,,,,,,,,,,,,,,,,,,,,,,,,,,,,,,,,,,,,,,,
4/19/24 6:11,4/19/24 6:42,IP Address,*******,100,1872,TRUE,4/19/24 6:42,,*******,*******,*******,*******,*******,*******,anonymous,EN,1,Yes,,,,English,,,"23: Conference,24: rooms,","26: stunning,27: views,,44: range,45: of,46: dining,47: options.,89: range,90: of,91: conference,92: rooms,,93: making,94: it,95: an,96: ideal,97: choice,98: for,99: business,100: travelers.",Yes,No,"Libya
the heart of
many of the rooms offer stunning views
The hotel also has a range of dining options.","Libya
The hotel also has a range of dining options.",Yes,"5
Egypt
pets allowed","4
Libya
Unfortunately, the hotel is not pet-friendly","5
Egypt
Pets allowed","4
Libya
Unfortunately, the hotel is not pet-friendly.",Yes,"And if you are traveling with pets, the hotel is pet-friendly!
Unfortunately, the hotel is not pet-friendly.",,,,No,,Yes,Yes,,,,,,,,4,the output includes lots of subjective opinion based information,,"7: alluring,20: swimming,21: pool.",No,,No,,Yes,"hotel facilities include hotel safe, swimming pool.",,Yes,,,,4,,,,,,,,,,,,,,,,,,,,,,,,,,,,,,,,,,,,,,,,,,,,,,,,,,,,,,,,,,,,,,,,,,,,,,,,,,,,,,,,,,,,,,,,,,,,,,,,,,,,,,,,,,,,,,,,,,,,,,,,,,,,,,,,,,,,,,,,,,,,,,,,,,,,,,,,,,,,,,,,,,,,,,,,,,,,,,,,,,,,,,,,,,,,,,,,,,,,,,,,,,,,,,,,,,,,,,,,,,,,,,,,,,,,,,,,,,,,,,,,,,,,,,,,,,,,,,,,,,,,,,,,,,,,,,,,,,,,,,,,,,,,,,,,,,,,,,,,,,,,,,,,,,,,,,,,,,,,,,,,,,,,,,,,,,,,,,,,,,,,,,,,,,,,,,,,,,,,,,,,,,,,,,,,,,,,,,,,,,,,,,,,,,,,
4/19/24 6:29,4/19/24 6:47,IP Address,*******,100,1084,TRUE,4/19/24 6:47,,*******,*******,*******,*******,*******,*******,anonymous,EN,0.5,Yes,,,,English,,,,"10: luxurious,14: in,15: the,16: heart,17: of,21: Many,22: of,23: the,24: rooms,25: offer,26: stunning,27: views,,29: some,41: also,42: has,43: a,44: range,45: of,46: dining,47: options.,57: has,58: a,59: range,60: of,61: sport,62: facilities,,87: has,88: a,89: range,115: before,116: or,117: after,118: check-in.",No,Yes,"Libya
The hotel also has a range of dining options.",,Yes,"5
Egypt
Pets allowed","4
Libya
Unfortunately, the hotel is not pet-friendly","5
Egypt
Pets allowed","4
Libya
Unfortunately, the hotel is not pet-friendly.",Yes,"And if you are traveling with pets, the hotel is pet-friendly!
Unfortunately, the hotel is not pet-friendly.",,,"62: in,63: the,64: wellness,65: center.",No,,No,,No,,Yes,,,,,6,,,"20: swimming,21: pool.",No,,No,,No,,Yes,,,,,6,,,,,,,,,,,,,,,,,,,,,,,,,,,,,,,,,,,,,,,,,,,,,,,,,,,,,,,,,,,,,,,,,,,,,,,,,,,,,,,,,,,,,,,,,,,,,,,,,,,,,,,,,,,,,,,,,,,,,,,,,,,,,,,,,,,,,,,,,,,,,,,,,,,,,,,,,,,,,,,,,,,,,,,,,,,,,,,,,,,,,,,,,,,,,,,,,,,,,,,,,,,,,,,,,,,,,,,,,,,,,,,,,,,,,,,,,,,,,,,,,,,,,,,,,,,,,,,,,,,,,,,,,,,,,,,,,,,,,,,,,,,,,,,,,,,,,,,,,,,,,,,,,,,,,,,,,,,,,,,,,,,,,,,,,,,,,,,,,,,,,,,,,,,,,,,,,,,,,,,,,,,,,,,,,,,,,,,,,,,,,,,,,,,,
4/19/24 6:30,4/19/24 6:48,IP Address,*******,100,1052,TRUE,4/19/24 6:48,,*******,*******,*******,*******,*******,*******,anonymous,EN,1,Yes,,,,English,,,"44: Steam,45: room","39: The,40: hotel,41: also,42: has,43: a,44: range,45: of,46: dining,47: options.",No,No,"Libya
The hotel also has a range of dining options.",,Yes,"5
Egypt
Pets allowed","4
Libya
Unfortunately, the hotel is not pet-friendly.",,,Yes,"the hotel is pet-friendly!
Unfortunately, the hotel is not pet-friendly.",,,,No,,Yes,Yes,,,,,,,,7,,"15: Hotel,16: facilities:","7: alluring,20: swimming,21: pool.",No,,Yes,Yes,,,,,,,,5,,,,,,,,,,,,,,,,,,,,,,,,,,,,,,,,,,,,,,,,,,,,,,,,,,,,,,,,,,,,,,,,,,,,,,,,,,,,,,,,,,,,,,,,,,,,,,,,,,,,,,,,,,,,,,,,,,,,,,,,,,,,,,,,,,,,,,,,,,,,,,,,,,,,,,,,,,,,,,,,,,,,,,,,,,,,,,,,,,,,,,,,,,,,,,,,,,,,,,,,,,,,,,,,,,,,,,,,,,,,,,,,,,,,,,,,,,,,,,,,,,,,,,,,,,,,,,,,,,,,,,,,,,,,,,,,,,,,,,,,,,,,,,,,,,,,,,,,,,,,,,,,,,,,,,,,,,,,,,,,,,,,,,,,,,,,,,,,,,,,,,,,,,,,,,,,,,,,,,,,,,,,,,,,,,,,,,,,,,,,,,,,,,,,
4/19/24 6:05,4/19/24 6:49,IP Address,*******,100,2647,TRUE,4/19/24 6:49,,*******,*******,*******,*******,*******,*******,anonymous,EN,0.8999999761581421,Yes,,,,English,,,"43: Wellness:,44: Steam,45: room","10: luxurious,21: Many,22: of,23: the,24: rooms,25: offer,26: stunning,27: views,,39: The,40: hotel,41: also,42: has,43: a,44: range,45: of,46: dining,47: options.,48: For,49: those,50: who,51: like,52: to,53: stay,54: active,,55: the,56: hotel,57: has,58: a,59: range,60: of,61: sport,62: facilities,,70: If,71: you,72: are,73: traveling,74: with,75: children,,93: making,94: it,95: an,96: ideal,97: choice,98: for,99: business,100: travelers.,107: for,108: those,109: who,110: need,111: to,112: store,113: their,114: bags,115: before,116: or,117: after,118: check-in.,119: For,120: those,121: with,122: accessibility,123: needs,,129: And,130: if,131: you,132: are,133: traveling,134: with,135: pets,",No,No,"Libya
The hotel also has a range of dining options.",,Yes,"5
Egypt
Pets allowed","4
Libya
Unfortunately, the hotel is not pet-friendly.",,,Yes,"And if you are traveling with pets, the hotel is pet-friendly!
Unfortunately, the hotel is not pet-friendly.",,18: Hotel,"14: haven,25: pulsating,31: enhanced,32: safety.,33: Unwind,34: in,35: cozy,59: invigorating,64: wellness,65: center.,68: ensures,69: accessibility,70: for,71: all",No,,No,,No,,No,,,,,2,,,"7: alluring,20: swimming,21: pool.",No,,No,,Yes, swimming pool.,,Yes,,,,4,,"22: Coffee,23: machine,,24: Sitting,25: area,27: Golf,28: course,,34: Childcare,39: Accessible,40: hotel,,41: Wheelchair,42: accessible,","19: buffet,",No,,No,,Yes,buffet,,No,No,,,3,,"38: for,39: kids,","1: Indulge,2: in,3: luxury,23: serene,24: escape,30: soothing,31: wellness,32: amenities,,41: Keep,42: entertained,43: with,44: thrilling,51: Families,52: can,53: enjoy,65: convenient,69: ensures,70: a,71: comfortable,72: stay",No,,No,,No,,No,,,,,2,,"37: for,38: kids,46: Accessible","13: elegant,17: range,18: of,19: facilities,20: and,21: amenities,22: for,23: a,24: relaxing,25: stay.,26: Guests,27: can,28: enjoy,29: the,32: indulge",No,,No,,No,,No,,,,,2,,,"12: luxurious,18: sunny,19: city,26: beachfront,37: free,38: WiFi,39: in,40: public,41: areas,,48: Guests,49: can,50: enjoy,51: a,52: relaxing,53: shower,54: after,55: a,56: long,57: day,58: of,59: exploring,60: the,61: city,62: or,63: diving,64: in,65: the,66: crystal-clear,67: waters,68: of,69: the,70: Red,71: Sea.,72: Families,73: traveling,74: with,75: children,76: can,77: take,78: advantage,79: of,80: the,99: variety,100: of,109: perfect,110: for,111: unwinding,112: and,113: rejuvenating.,124: committed,125: to,126: accessibility,",No,,No,,No,,No,,,,,3,,,"16: in,17: the,18: heart,19: of,24: stunning,34: ensure,35: a,36: comfortable,37: and,38: enjoyable,39: stay,40: for,41: all,42: guests.,43: As,44: a,45: Destination,46: by,47: Hyatt,48: Residence,,49: the,50: hotel,51: offers,52: cashless,53: payment,59: making,60: it,61: easy,62: for,63: guests,64: to,65: explore,66: the,67: local,68: area.,103: providing,104: plenty,105: of,106: opportunities,107: to,108: stay,109: active,110: during,111: your,112: stay.,132: making,133: it,134: an,135: ideal,136: choice,137: for,138: families.,145: top-notch,,156: help,157: guests,158: relax,159: and,160: unwind.,167: ensuring,168: that,169: all,170: guests,171: can,172: enjoy,173: a,174: comfortable,175: and,176: accessible,177: stay.",No,,No,,Yes,"As a Destination by Hyatt Residence, the hotel offers cashless payment",,Yes,,,,2,I labelled it factually wrong information as it is checkable whether cashless payments are Hyatt Redidence policy (similar to the presence of a swimming pool in a previous example) ,,,,,,,,,,,,,,,,,,,,,,,,,,,,,,,,,,,,,,,,,,,,,,,,,,,,,,,,,,,,,,,,,,,,,,,,,,,,,,,,,,,,,,,,,,,,,,,,,,,,,,,,,,,,,,,,,,,,,,,,,,,,,,,,,,,,,,,,,,,,,,,,,,,,,,,,,,,,,,,,,,,,,,,,,,,,,,,,,,,,,,,,,,,,,,,,,,,,,,,,,,,,,,,,,,,,,,,,,,,,,,,,,,,,,,,,,,,,,,,,,,,,,,,,,,,,,,,,,,,,,,,,,,,,,,,,,,,,,,,,,,,,,,,,,,,,,,,,,,,,,5m,40,2,,2,3,Yes,Maybe practicing rejecting more edgecases would help and reduce ambiguity,2,"Click targets are too small for the scales, annoying to have to click again to confirm the divergent info",,
4/19/24 6:09,4/19/24 6:49,IP Address,*******,100,2431,TRUE,4/19/24 6:49,,*******,*******,*******,*******,*******,*******,anonymous,EN,0.8999999761581421,Yes,,,,English,,,"44: Steam,45: room","44: range,45: of,46: dining,47: options.",No,No,"Libya
The hotel also has a range of dining options.",,Yes,"5
Egypt
Pets allowed","4
Libya
Unfortunately, the hotel is not pet-friendly.",,,Yes,"And if you are traveling with pets, the hotel is pet-friendly!
Unfortunately, the hotel is not pet-friendly.",,,"4: alluring,14: haven,21: luxurious,25: pulsating,35: cozy,59: invigorating",No,,No,,No,,Yes,,,,,6,Uncertain if mention of a dedicated 'wellness centre' should be marked as divergent. This is perhaps encompassed by the broader input category.,,"7: alluring,20: swimming,21: pool.",No,,No,,Yes,swimming pool,,Yes,,,,6,,,,,,,,,,,,,,,,,,,,,,,,,,,,,,,,,,,,,,,,,,,,,,,,,,,,,,,,,,,,,,,,,,,,,,,,,,,,,,,,,,,,,,,,,,,,,,,,,,,,,,,,,,,,,,,,,,,,,,,,,,,,,,,,,,,,,,,,,,,,,,,,,,,,,,,,,,No,,Yes,Yes,,,,,,,,7,,"46: Accessibility:,47: Accessible,48: bathroom,,49: Accessible,50: hotel","10: luxurious,24: stunning,37: comfortable,39: unforgettable,50: ensuring,51: that,52: guests,53: can,54: have,55: their,56: clothes,57: cleaned,58: and,59: pressed,60: during,61: their,62: stay.,70: allowing,71: guests,72: to,73: stay,74: connected,75: with,76: their,77: loved,78: ones,79: or,80: work,81: remotely.,97: Guests,98: can,99: explore,100: the,101: beautiful,102: surroundings,103: of,104: Bahía,105: de,106: Banderas,107: while,108: enjoying,109: their,110: favorite,111: sports.,126: Parents,127: can,128: relax,129: and,130: enjoy,131: their,132: stay,133: while,134: their,135: children,136: are,137: well,138: taken,139: care,140: of,141: and,142: entertained.",No,,No,,Yes,Guests can explore the beautiful surroundings of Bahía de Banderas while enjoying their favorite sports.,,No,No,,,6,,"14: Hotel,15: facilities:,16: Hotel,17: bar,18: Room,19: amenities:,20: Balcony,21: (upon,22: inquiry),24: Volleyball,,25: Surfing,,26: Bike,27: rental,30: Kids,31: stay,32: for,33: free,,45: Accessibility:,46: Accessible,47: bathroom,,48: Wheelchair,49: accessible,,50: Accessible,51: parking",,No,,Yes,No,,,,,,,,7,,"40: Cot,","3: paradise,20: idyllic,30: elegant,40: rejuvenating,41: spa",No,,No,,Yes,spa,,No,No,,,6,,,"21: luxurious,32: comfortable,103: ensuring,104: inclusivity,105: for,106: all,107: guests.",No,,No,,No,,Yes,,,,,6,,,,,,,,,,,,,,,,,,,,,,,,,,,,,,,,,,,,,,,,,,,,,,,,,,,,,,,,,,,,,,,,,,,,,,,,,,,,,,,,,,,,,,,,,,,,,,,,,,,,,,,,,,,,,,,,,,,,,,,,,,,,,,,,,,,,,,,,,,,,,,,,,,,,,,,,Three minutes (though this proved dependent upon the amount of information required to sifted through/reconcile),Forty minutes,3,Determining what appropriately fell within the broader range of divergent infomation (e.g. adjectives employed),4,4,Terminology by and large impressed as clear - concept of 'inclusion' proved something of an initial headscratcher until demonstrated through practice and guidelines could be reviewed.,,5,n/a,Enjoyed the study and hope my work proved fairly accurate!,
4/19/24 6:14,4/19/24 6:51,IP Address,*******,100,2198,TRUE,4/19/24 6:51,,*******,*******,*******,*******,*******,*******,anonymous,EN,1,Yes,,,,English,,,"2: Four,3: Seasons,10: 5,21: Pets,22: allowed,,33: Table,34: tennis,,35: Tennis,36: court,44: Steam,45: room","16: heart,26: stunning,27: views,,46: dining,47: options.,61: sport,62: facilities,,65: tennis,66: court,68: table,69: tennis.,79: organized,80: activities,91: conference,92: rooms,,104: luggage,105: storage,139: pet-friendly!",No,No,making it an ideal choice for business travelers.,"Libya
The hotel also has a range of dining options.",Yes,no pets,"Unfortunately, the hotel is not pet-friendly","5
Egypt
Pets allowed","4
Libya
Unfortunately, the hotel is not pet-friendly.",Yes," 
Unfortunately, the hotel is not pet-friendly.","the hotel is pet-friendly!
Unfortunately, the hotel is not pet-friendly.","21: Nightclub,,22: Temperature",,No,,No,,No,,No,,,,,7,,,,Yes,swimming pool.,,,,,,,,,,5,,,,,,,,,,,,,,,,,,,,,,,,,,,,,,,,,,,,,,,,,,,,,,,,,,,,,,,,,,,,,,,,,,,,,,,,,,,,,,,,,,,,,,,,,,,,,,,,,,,,,,,,,,,,,,,,,,,,,,,,,,,,,,,,,,,,,,,,,,,,,,,,,,,,,,,,,,,,,,,,,,,,,,,,,,,,,,,,,,,,,,,,,,,,,,,,,,,,,,,,,,,,,,,,,,,,,,,,,,,,,,,,,,,,,,,,,,,,,,,,,,,,,,,,,,,,,,,,,,,,,,,,,,,,,,,,,,,,,,,,,,,,,,,,,,,,,,,,,,,,,,,,,,,,,,,,,,,,,,,,,,,,,,,,,,,,,,,,,,,,,,,,,,,,,,,,,,,,,,,,,,,,,,,,,,,,,,,,,,,,,,,,,,,,
4/19/24 6:32,4/19/24 6:53,IP Address,*******,100,1217,TRUE,4/19/24 6:53,,*******,*******,*******,*******,*******,*******,anonymous,EN,1,Yes,,,,English,,,,"10: luxurious,16: heart,21: Many,22: of,23: the,24: rooms,25: offer,26: stunning,27: views,,39: The,40: hotel,41: also,42: has,43: a,44: range,45: of,46: dining,47: options.",No,No,"the heart of
Libya
The hotel also has a range of dining options.
","Libya
The hotel also has a range of dining options.",Yes,"5
Egypt
Pets Allowed","4
Libya
Unfortunately, the hotel is not pet-friendly.",,,Yes,"And if you are traveling with pets, the hotel is pet-friendly!
Unfortunately, the hotel is not pet-friendly.",,,"14: haven,18: Indulge,19: in,20: a,21: luxurious,22: stay,25: pulsating,31: enhanced,32: safety.,33: Unwind,34: in,35: cozy,36: rooms,37: boasting,59: invigorating,64: wellness,65: center.",No,,Yes,Yes,,,,,,,,7,,,"7: alluring,20: swimming,21: pool.",No,,Yes,No,,,,,,,,4,,,,,,,,,,,,,,,,,,,,,,,,,,,,,,,,,,,,,,,,,,,,,,,,,,,,,,,,,,,,,,,,,,,,,,,,,,,,,,,,,,,,,,,,,,,,,,,,,,,,,,,,,,,,,,,,,,,,,,,,,,,,,,,,,,,,,,,,,,,,,,,,,,,,,,,,,,,,,,,,,,,,,,,,,,,,,,,,,,,,,,,,,,,,,,,,,,,,,,,,,,,,,,,,,,,,,,,,,,,,,,,,,,,,,,,,,,,,,,,,,,,,,,,,,,,,,,,,,,,,,,,,,,,,,,,,,,,,,,,,,,,,,,,,,,,,,,,,,,,,,,,,,,,,,,,,,,,,,,,,,,,,,,,,,,,,,,,,,,,,,,,,,,,,,,,,,,,,,,,,,,,,,,,,,,,,,,,,,,,,,,,,,,,,
4/19/24 6:09,4/19/24 6:53,IP Address,*******,100,2632,TRUE,4/19/24 6:53,,*******,*******,*******,*******,*******,*******,anonymous,EN,1,Yes,,,,English,,,"44: Steam,45: room","10: luxurious,26: stunning,27: views,,96: ideal,97: choice,98: for,99: business,100: travelers.",No,No,"Libya
The hotel also has a range of dining options.",,Yes,"5
Egypt
Pets allowed","4
Libya
Unfortunately, the hotel is not pet-friendly.",,,Yes,"And if you are traveling with pets, the hotel is pet-friendly!
Unfortunately, the hotel is not pet-friendly.",,,"4: alluring,14: haven,18: Indulge,19: in,20: a,21: luxurious,22: stay,25: pulsating,31: enhanced,32: safety.,33: Unwind,34: in,35: cozy,36: rooms,37: boasting,38: central,39: heating.,59: invigorating,60: body,61: treatments,62: in,63: the,64: wellness,65: center.",No,,No,,No,,Yes,,,,,7,,,"7: alluring,20: swimming,21: pool.",No,,No,,Yes,swimming pool.,,Yes,,,,5,,,,,,,,,,,,,,,,,,,,,,,,,,,,,,,,,,,,,,,,,,,,,,,,,,,,,,,,,,,,,,,,,,,,,,,,,,,,,,,,,,,,,,,,,,,,,,,,,,,,,,,,,,,,,,,,,,,,,,,,,,,,,,,,,,,,,,,,,,,,,,,,,,,,,,,,,,,,,,,,,,,,,,,,,,,,,,,,,,,,,,,,,,,,,,,,,,,,,,,,,,,,,,,,,,,,,,,,,,,,,,,,,,,,,,,,,,,,,,,,,,,,,,,,,,,,,,,,,,,,,,,,,,,,,,,,,,,,,,,,,,,,,,,,,,,,,,,,,,,,,,,"5: cozy,31: delicious",No,,No,,No,,Yes,,,,,6,,,"1: Experience,2: luxury,3: at,4: its,5: finest,23: prestigious,24: hotel,26: unparalleled,27: hospitality,40: Enjoy,41: the,42: convenience,96: hotel,97: facilities,98: cater,99: to,100: all,101: guests',102: needs.",No,,No,,No,,Yes,,,,,6,,,"7: stunning,22: exceptional,23: experience,81: flat-screen,82: TV,94: and,95: other,96: sports,97: activities",No,,No,,Yes,flat-screen TV,,Yes,,,,4,,"41: Kids,42: stay,43: for,44: free,,48: Body,49: treatments,,50: Hot,51: tub,53: Accessible,54: parking","12: luxurious,24: This,25: stunning,26: accommodation,27: offers,28: breathtaking,29: views,61: access,62: to,63: a,64: private,65: beach,,69: soak,70: up,71: the,72: sun,73: and,74: take,75: a,76: refreshing,77: dip,78: in,79: the,80: crystal-clear,81: waters",No,,No,,No,,No,,,,,4,,"24: Cashless,25: payment,,26: Car,27: hire,41: Organised,42: activities,43: for,44: kids,,45: Childcare,,55: Wheelchair,56: accessible",,No,,Yes,No,,,,,,,,3,,3 minutes,45 minutes,2,,5,5,Yes,N/A,5,,,
4/19/24 6:39,4/19/24 6:54,IP Address,*******,100,927,TRUE,4/19/24 6:54,,*******,*******,*******,*******,*******,*******,anonymous,EN,0.5,Yes,,,,English,,,"43: Wellness:,44: Steam,45: room","10: luxurious,14: in,15: the,16: heart,21: Many,22: of,23: the,24: rooms,25: offer,26: stunning,27: views,,39: The,40: hotel,41: also,42: has,43: a,44: range,45: of,46: dining,47: options.",No,No,"Libya
Many of the rooms offer stunning views,
The hotel also has a range of dining options.
","Libya
The hotel also has a range of dining options.",Yes,"5
Egypt
Pets allowed","4
Libya
Unfortunately, the hotel is not pet-friendly.",,,Yes,"And if you are traveling with pets, the hotel is pet-friendly!
Unfortunately, the hotel is not pet-friendly.",,,"4: alluring,21: luxurious,22: stay,25: pulsating,35: cozy,36: rooms,62: in,63: the,64: wellness,65: center.",No,,No,,Yes,in the wellness center.,,Yes,,,,5,,,,No,,Yes,Yes,,,,,,,,7,,,,,,,,,,,,,,,,,,,,,,,,,,,,,,,,,,,,,,,,,,,,,,,,,,,,,,,,,,,,,,,,,,,,,,,,,,,,,,,,,,,,,,,,,,,,,,,,,,,,,,,,,,,,,,,,,,,,,,,,,,,,,,,,,,,,,,,,,,,,,,,,,,,,,,,,,,,,,,,,,,,,,,,,,,,,,,,,,,,,,,,,,,,,,,,,,,,,,,,,,,,,,,,,,,,,,,,,,,,,,,,,,,,,,,,,,,,,,,,,,,,,,,,,,,,,,,,,,,,,,,,,,,,,,,,,,,,,,,,,,,,,,,,,,,,,,,,,,,,,,,,,,,,,,,,,,,,,,,,,,,,,,,,,,,,,,,,,,,,,,,,,,,,,,,,,,,,,,,,,,,,,,,,,,,,,,,,,,,,,,,,,,,,,
4/19/24 6:26,4/19/24 6:54,IP Address,*******,100,1714,TRUE,4/19/24 6:54,,*******,*******,*******,*******,*******,*******,anonymous,EN,0.699999988,Yes,,,,English,,,"27: Room,28: amenities:,43: Wellness:,44: Steam,45: room","10: luxurious,15: the,16: heart,17: of,25: offer,26: stunning,27: views,,39: The,40: hotel,41: also,42: has,43: a,44: range,45: of,46: dining,47: options.,48: For,49: those,50: who,51: like,52: to,53: stay,54: active,,70: If,71: you,72: are,73: traveling,74: with,75: children,,93: making,94: it,95: an,96: ideal,97: choice,98: for,99: business,100: travelers.,107: for,108: those,109: who,110: need,111: to,112: store,113: their,114: bags,115: before,116: or,117: after,118: check-in.,119: For,120: those,121: with,122: accessibility,123: needs,,129: And,130: if,131: you,132: are,133: traveling,134: with,135: pets,",No,No,"Libya
","Libya
The hotel also has a range of dining options.",Yes,"5
Egypt
Pets allowed","4
Libya
Unfortunately, the hotel is not pet-friendly","5
Egypt
Pets allowed","4
Libya
Unfortunately, the hotel is not pet-friendly.",Yes,"And if you are traveling with pets, the hotel is pet-friendly!
Unfortunately, the hotel is not pet-friendly.",,,,No,,Yes,Yes,,,,,,,,6,N/A,,"20: swimming,21: pool.",No,,No,,Yes,swimming pool.,,Yes,,,,7,N/A,,,,,,,,,,,,,,,,,,,,,,,,,,,,,,,,,,,,,,,,,,,,,,,,,,,,,,,,,,,,,,,,,,,,,,,,,,,,,,,,,,,,,,,,,,,,,,,,,,,,,,,,,,,,,,,,,,,,,,,,,,,,,,,,,,,,,,,,,,,,,,,,,,,,,,,,,,,,,,,,,,,,,,,,,,,,,,,,,,,,,,,,,,,,,,,,,,,,,,,,,,,,,,,,,,,,,,,,,,,,,,,,,,,,,,,,,,,,,,,,,,,,,,,,,,,,,,,,,,,,,,,,,,,,,,,,,,,,,,,,,,,,,,,,,,,,,,,,,,,,,,,,,,,,,,,,,,,,,,,,,,,,,,,,,,,,,,,,,,,,,,,,,,,,,,,,,,,,,,,,,,,,,,,,,,,,,,,,,,,,,,,,,,,
4/19/24 6:10,4/19/24 6:55,IP Address,*******,100,2652,TRUE,4/19/24 6:55,,*******,*******,*******,*******,*******,*******,anonymous,EN,0.8999999761581421,Yes,,,,English,,,,"10: luxurious,21: Many,22: of,23: the,24: rooms,25: offer,26: stunning,27: views,,39: The,40: hotel,41: also,42: has,43: a,44: range,45: of,46: dining,47: options.,48: For,49: those,50: who,51: like,52: to,53: stay,54: active,,55: the,56: hotel,57: has,58: a,59: range,70: If,71: you,72: are,73: traveling,74: with,75: children,,93: making,94: it,95: an,96: ideal,97: choice,98: for,99: business,100: travelers.",No,No,"
The hotel also has a range of dining options.
Libya","Libya
The hotel also has a range of dining options.",Yes,"5
Egypt
Pets allowed","4
Libya
Unfortunately, the hotel is not pet-friendly.",,,Yes,"And if you are traveling with pets, the hotel is pet-friendly!
Unfortunately, the hotel is not pet-friendly.",,18: Hotel,"1: Escape,2: to,3: the,4: alluring,18: Indulge,19: in,20: a,21: luxurious,22: stay,23: with,24: a,25: pulsating,33: Unwind,34: in,35: cozy,36: rooms,37: boasting,56: Pamper,57: yourself,58: with,59: invigorating,62: in,63: the,64: wellness,65: center.",No,,Yes,No,,,,,,,,7,,,"5: is,6: an,7: alluring,20: swimming,21: pool.",No,,No,,Yes,swimming pool.,,No,No,,,6,,,,,,,,,,,,,,,,,,,,,,,,,,,,,,,,,,,,,,,,,,,,,,,,,,,,,,,,,,,,,,,,,,,,,,,,,,,,,,,,,,,,,,,,,,,,,,,,,,,,,,,,,,,,,,,,,,,,,,,,,,,,,,,,,,,,,,,,,,,,,,,,,,,,,,,,,,,,,,,,,,,,,,,,,,,,,,,,,,,,,,,,,,,,,,,,,,,,,,,,,,,,,,,,,,,,,,,,,,,,,,,,,,,,,,,,,,,,,,,,,,,,,,,,,,,,,,,,,,,,,,,,,,,,,,,,,,,,,,,,,,,,,,,,,,,,,,,,,,,,,,,,,,,,,,,,,,,,,,,,,,,,,,,,,,,,,,,,,,,,,,,,,,,,,,,,,,,,,,,,,,,,,,,,,,,,,,,,,,,,,,,,,,,,
4/19/24 6:23,4/19/24 6:59,IP Address,*******,100,2179,TRUE,4/19/24 6:59,,*******,*******,*******,*******,*******,*******,anonymous,EN,1,Yes,,,,English,,,"44: Steam,45: room","10: luxurious,13: located,14: in,15: the,16: heart,17: of,26: stunning,27: views,,39: The,40: hotel,41: also,42: has,43: a,44: range,45: of,46: dining,47: options.,58: a,59: range,60: of,61: sport,62: facilities,",No,No,"Libya
","Libya
The hotel also has a range of dining options.",Yes,"5
Egypt
Pets allowed","4
Libya
Unfortunately, the hotel is not pet-friendly.",,,Yes,"And if you are traveling with pets, the hotel is pet-friendly!
Unfortunately, the hotel is not pet-friendly","the hotel is pet-friendly!
Unfortunately, the hotel is not pet-friendly.","16: Accommodation,17: type:,18: Hotel","4: alluring,14: haven,18: Indulge,19: in,20: a,21: luxurious,22: stay,23: with,24: a,25: pulsating,31: enhanced,32: safety.,33: Unwind,34: in,35: cozy,36: rooms,37: boasting,40: Stay,41: active,42: with,45: while,46: kids,47: relish,56: Pamper,57: yourself,58: with,59: invigorating,66: The,67: resort,68: ensures,69: accessibility",No,,No,,No,,No,,,,,4,,,"5: is,6: an,7: alluring,20: swimming,21: pool.",No,,No,,Yes,swimming pool.,,Yes,,,,3,,"22: Coffee,23: machine,,24: Sitting,25: area,26: Sport:,27: Golf,28: course,,29: Pool,30: table,34: Childcare,39: Accessible,40: hotel,,41: Wheelchair,42: accessible,","19: buffet,",No,,No,,No,,Yes,,,,,5,"Although many hotel breakfast are buffet, this isn't explicit in the I, but is in O",,"1: Indulge,2: in,3: luxury,4: at,5: the,23: serene,24: escape,30: soothing,41: Keep,42: entertained,43: with,44: thrilling,51: Families,52: can,53: enjoy,65: convenient,69: ensures,70: a,71: comfortable,72: stay",No,,No,,No,,Yes,,,,,5,,13: Resort,"5: luxurious,12: This,13: elegant,14: accommodation,15: offers,16: a,17: range,18: of,19: facilities,20: and,21: amenities,22: for,23: a,24: relaxing,25: stay.",No,,No,,No,,No,,,,,6,,,"10: is,11: a,12: luxurious,25: This,26: beachfront,27: accommodation,48: Guests,49: can,50: enjoy,51: a,52: relaxing,53: shower,54: after,55: a,56: long,57: day,58: of,59: exploring,60: the,61: city,62: or,63: diving,64: in,65: the,66: crystal-clear,67: waters,68: of,69: the,70: Red,71: Sea.,72: Families,73: traveling,74: with,75: children,76: can,77: take,78: advantage,79: of,80: the,109: perfect,110: for,111: unwinding,112: and,113: rejuvenating.,114: The,115: Renaissance,116: Sharm,117: El,118: Sheikh,119: Golden,120: View,121: Beach,122: Resort,123: is,124: committed,125: to,126: accessibility,",No,,No,,No,,Yes,,,,,4,"I am uncertain about the beachfront claim in the O, it is implied in the description of the hotel but might be misleading",,"18: heart,19: of,24: stunning,36: comfortable,37: and,38: enjoyable,39: stay,40: for,41: all,42: guests.,59: making,60: it,61: easy,62: for,63: guests,64: to,65: explore,66: the,67: local,68: area.,91: For,92: sports,93: enthusiasts,,103: providing,104: plenty,105: of,106: opportunities,107: to,108: stay,109: active,110: during,111: your,112: stay.,132: making,133: it,134: an,135: ideal,136: choice,137: for,138: families.,143: are,144: also,145: top-notch,,155: to,156: help,157: guests,158: relax,159: and,160: unwind.,167: ensuring,168: that,169: all,170: guests,171: can,172: enjoy,173: a,174: comfortable,175: and,176: accessible,177: stay.",No,,No,,No,,Yes,,,,,5,It depends what you mean about factually wrong information - some people may disagree that it is stunning so they might consider this to be factually incorrect,,,,,,,,,,,,,,,,,,,,,,,,,,,,,,,,,,,,,,,,,,,,,,,,,,,,,,,,,,,,,,,,,,,,,,,,,,,,,,,,,,,,,,,,,,,,,,,,,,,,,,,,,,,,,,,,,,,,,,,,,,,,,,,,,,,,,,,,,,,,,,,,,,,,,,,,,,,,,,,,,,,,,,,,,,,,,,,,,,,,,,,,,,,,,,,,,,,,,,,,,,,,,,,,,,,,,,,,,,,,,,,,,,,,,,,,,,,,,,,,,,,,,,,,,,,,,,,,,,,,,,,,,,,,,,,,,,,,,,,,,,,,,,,,,,,,,,,,,,,,,a couple of minutes,"not sure, it felt like around half an hour",3,Just keeping track of the differences and their categories,5,4,Yes,No,5,"No, it was fine",,
4/19/24 6:06,4/19/24 7:02,IP Address,*******,100,3374,TRUE,4/19/24 7:02,,*******,*******,*******,*******,*******,*******,anonymous,EN,1,Yes,,,,English,,,"43: Wellness:,44: Steam,45: room","39: The,40: hotel,41: also,42: has,43: a,44: range,45: of,46: dining,47: options.",No,No,"Libya
The hotel also has a range of dining options.
","Libya
The hotel also has a range of dining options.",Yes,"5
Egypt
Pets allowed","4
Libya
Unfortunately, the hotel is not pet-friendly.",,,Yes,"And if you are traveling with pets, the hotel is pet-friendly!

Unfortunately, the hotel is not pet-friendly.


","the hotel is pet-friendly!
Unfortunately, the hotel is not pet-friendly.",,"1: Escape,2: to,3: the,4: alluring,14: haven,18: Indulge,19: in,20: a,21: luxurious,22: stay,23: with,24: a,25: pulsating,31: enhanced,32: safety.,33: Unwind,34: in,35: cozy,36: rooms,37: boasting,40: Stay,41: active,42: with,45: while,46: kids,47: relish,56: Pamper,57: yourself,58: with,59: invigorating,65: center.,66: The,67: resort,68: ensures,70: for,71: all",No,,Yes,No,,,,,,,,6,,,"7: alluring,20: swimming,21: pool.,29: facilities,35: facilities,44: features",No,,Yes,No,,,,,,,,4,,,,,,,,,,,,,,,,,,,,,,,,,,,,,,,,,,,,,,,,,,,,,,,,,,,,,,,,,,,,,,,,,,,,,,,,,,,,,,,,,,,,,,,,,,,,,,,,,,,,,,,,,,,,,,,,,,,,,,,,,,,,,,,,,,,,,,,,,,,,,,,,,,,,,,,,,,,,,,,,,,,,,,,,,,,,,,,,,,,,,,,,,,,,,,,,,,,,,,,,,,,,,,,,,,,,,,,,,,,,,,,,,,,,,,,,,,,,,,,,,,,,,,,,,,,,,,,,,,,,,,,,,,,,,,,,,,,,,,,,,,,,,,,,,,,,,,,,,,,,,,,,,,,,,,,,,,,,,,,,,,,,,,,,,,,,,,,,,,,,,,,,,,,,,,,,,,,,,,,,,,,,,,,,,,,,,,,,,,,,,,,,,,,,
4/19/24 6:17,4/19/24 7:05,IP Address,*******,100,2890,TRUE,4/19/24 7:05,,*******,*******,*******,*******,*******,*******,anonymous,EN,1,Yes,,,,English,,,"43: Wellness:,44: Steam,45: room","10: luxurious,14: in,15: the,16: heart,17: of,21: Many,22: of,23: the,24: rooms,25: offer,26: stunning,27: views,,39: The,40: hotel,41: also,42: has,43: a,44: range,45: of,46: dining,47: options.,55: the,56: hotel,57: has,58: a,59: range,60: of,61: sport,62: facilities,,93: making,94: it,95: an,96: ideal,97: choice,98: for,99: business,100: travelers.,115: before,116: or,117: after,118: check-in.",No,No,Libya,"Libya
The hotel also has a range of dining options.",Yes,"5 
Egypt
Pets allowed","4 
Libya
Unfortunately, the hotel is not pet-friendly.","5
Egypt
Pets allowed","4
Libya
Unfortunately, the hotel is not pet-friendly.",Yes,"And if you are traveling with pets, the hotel is pet-friendly!
Unfortunately, the hotel is not pet-friendly.",,,"21: luxurious,25: pulsating,30: for,31: enhanced,32: safety.,35: cozy",No,,No,,No,,Yes,,,,,6,,,"7: alluring,20: swimming,21: pool.",No,,No,,Yes,swimming pool,,Yes,,,,5,,,,,,,,,,,,,,,,,,,,,,,,,,,,,,,,,,,,,,,,,,,,,,,,,,,,,,,,,,,,,,,,,,,,,,,,,,,,,,,,,,,,,,,,,,,,,,,,,,,,,,,,,,,,,,,,,,,,,,,,,,,,,,,,,,,,,,,,,,,,,,,,,,,,,,,,,,No,,Yes,Yes,,,,,,,,6,,,"10: luxurious,23: This,24: stunning,25: hotel,26: offers,27: a,28: wide,29: range,30: of,31: facilities,32: and,33: amenities,34: to,35: ensure,36: a,37: comfortable,38: and,39: unforgettable,40: stay,41: for,42: all,43: guests.,50: ensuring,51: that,52: guests,53: can,54: have,55: their,56: clothes,57: cleaned,58: and,59: pressed,60: during,61: their,62: stay.,70: allowing,71: guests,72: to,73: stay,74: connected,75: with,76: their,77: loved,78: ones,79: or,80: work,81: remotely.,97: Guests,98: can,99: explore,100: the,101: beautiful,102: surroundings,103: of,104: Bahía,105: de,106: Banderas,107: while,108: enjoying,109: their,110: favorite,111: sports.,126: Parents,127: can,128: relax,129: and,130: enjoy,131: their,132: stay,133: while,134: their,135: children,136: are,137: well,138: taken,139: care,140: of,141: and,142: entertained.,143: For,144: those,145: seeking,146: relaxation,147: and,148: rejuvenation,,159: Guests,160: can,161: indulge,162: in,163: a,164: variety,165: of,166: treatments,167: and,168: therapies,169: to,170: unwind,171: and,172: recharge.",No,,No,,No,,No,,,,,6,,,"29: The,30: resort,31: is,32: also,33: family-friendly,,35: free",No,,No,,Yes,free,,No,No,,,5,,,54: free,No,,Yes,Yes,,,,,,,,7,,,"20: This,21: luxurious,22: accommodation,23: offers,24: a,25: variety,26: of,27: amenities,28: and,29: facilities,30: for,31: a,32: comfortable,33: stay.",No,,Yes,Yes,,,,,,,,7,,,,,,,,,,,,,,,,,,,,,,,,,,,,,,,,,,,,,,,,,,,,,,,,,,,,,,,,,,,,,,,,,,,,,,,,,,,,,,,,,,,,,,,,,,,,,,,,,,,,,,,,,,,,,,,,,,,,,,,,,,,,,,,,,,,,,,,,,,,,,,,,,,,,,,,,5 minutes,1 hour,4,Determining if subjective comments were false information. ,5,5,yes,There was one section that I entered correctly but the training indicated I had it incorrect.,3,"During the Input/Output activities, I had to scroll left and right to see all of the information. It would have been much easier to have all information on screen at once. ",,
4/19/24 6:20,4/19/24 7:07,IP Address,*******,100,2817,TRUE,4/19/24 7:07,,*******,*******,*******,*******,*******,*******,anonymous,EN,1,Yes,,,,English,,,10:05,"10: luxurious,39: The,40: hotel,41: also,42: has,43: a,44: range,45: of,46: dining,47: options.",No,Yes,"Libya
The hotel also has a range of dining options.
","Libya
The hotel also has a range of dining options.",Yes," 5
Pets allowed
Egypt","4
Unfortunately, the hotel is not pet-friendly.
 Libya","5
Egypt
Pets allowed","4
Libya
Unfortunately, the hotel is not pet-friendly.",Yes,"And if you are traveling with pets, the hotel is pet-friendly!
Unfortunately, the hotel is not pet-friendly.",,"40: Wellness:,41: Body,42: treatments","64: wellness,65: center.",No,,No,,Yes,"Wellness: Body treatments
wellness center.",,Yes,,,,5,,"15: Hotel,16: facilities:,17: Hotel,18: safe",,No,,No,,Yes,Hotel facilities: Hotel safe,,Yes,,,,6,,,,,,,,,,,,,,,,,,,,,,,,,,,,,,,,,,,,,,,,,,,,,,,,,,,,,,,,,,,,,,,,,,,,,,,,,,,,,,,,,,,,,,,,,,,,,,,,,,,,,,,,,,,,,,,,,,,,,,,,,,,,,,,,,,,,,,,,,,,,,,,,,,,,,,,,,,,,,,,,,,,,,,,,,,,,,,,,,,,,,,,,,,,,,,,,,,,,,,,,,,,,,,,,,,,,,,,,,,,,,,,,,,,,,,,,,,,,,,,,,,,,,,,,,,,,,,,,,,,,,,,,,,,,,,,,,,,,,,,,,,,,,,,,,,,,,,,,,,,,,,,,,,,,,,,,,,,,,,,,,,,,,,,,,,,,,,,,,,,,,,,,,,,,,,,,,,,,,,,,,,,,,,,,,,,,,,,,,,,,,,,,,,,,
4/19/24 6:49,4/19/24 7:09,IP Address,*******,100,1157,TRUE,4/19/24 7:09,,*******,*******,*******,*******,*******,*******,anonymous,EN,1,Yes,,,,English,,,"10: 5,15: Egypt,44: Steam,45: room","10: luxurious,11: 5-star,12: hotel,18: Sharm,19: el-Sheikh,,20: Egypt.",Yes,No, Libya.,"Libya
The hotel also has a range of dining options.",Yes,"5
Egypt
Wellness: Steam room","4
the heart of
Libya
before or after check-in.","5
Egypt
Pets allowed","4
Libya
Unfortunately, the hotel is not pet-friendly.",No,,"the hotel is pet-friendly!
Unfortunately, the hotel is not pet-friendly.",,,Yes,Unwind in Cosy Rooms,,,,,,,,,,6,Nothing to add,,,Yes,Swimming Pool,,,,,,,,,,6,no,,,,,,,,,,,,,,,,,,,,,,,,,,,,,,,,,,,,,,,,,,,,,,,,,,,,,,,,,,,,,,,,,,,,,,,,,,,,,,,,,,,,,,,,,,,,,,,,,,,,,,,,,,,,,,,,,,,,,,,,,,,,,,,,,,,,,,,,,,,,,,,,,,,,,,,,,,,,,,,,,,,,,,,,,,,,,,,,,,,,,,,,,,,,,,,,,,,,,,,,,,,,,,,,,,,,,,,,,,,,,,,,,,,,,,,,,,,,,,,,,,,,,,,,,,,,,,,,,,,,,,,,,,,,,,,,,,,,,,,,,,,,,,,,,,,,,,,,,,,,,,,,,,,,,,,,,,,,,,,,,,,,,,,,,,,,,,,,,,,,,,,,,,,,,,,,,,,,,,,,,,,,,,,,,,,,,,,,,,,,,,,,,,,
4/19/24 6:24,4/19/24 7:09,IP Address,*******,100,2695,TRUE,4/19/24 7:09,,*******,*******,*******,*******,*******,*******,anonymous,EN,0.8999999761581421,Yes,,,,English,,,,"10: luxurious,13: located,14: in,15: the,16: heart,17: of,21: Many,22: of,23: the,24: rooms,25: offer,26: stunning,27: views,,39: The,40: hotel,41: also,42: has,43: a,44: range,45: of,46: dining,47: options.,55: the,56: hotel,57: has,58: a,59: range,60: of,61: sport,62: facilities,",No,No,"Libya
The hotel also has a range of dining options","Libya
The hotel also has a range of dining options.",Yes,"5
Egypt
Pets allowed","4
Libya
Unfortunately, the hotel is not pet-friendly.",,,Yes,"And if you are traveling with pets, the hotel is pet-friendly!
Unfortunately, the hotel is not pet-friendly.",,,"1: Escape,2: to,3: the,4: alluring,14: haven,18: Indulge,19: in,20: a,21: luxurious,22: stay,25: pulsating,33: Unwind,34: in,35: cozy,36: rooms,56: Pamper,57: yourself,58: with,59: invigorating",No,,No,,No,,Yes,,,,,4,None.,,"7: alluring,20: swimming,21: pool.",No,,No,,No,,Yes,,,,,4,None.,,,,,,,,,,,,,,,,,,,,,,,,,,,,,,,,,,,,,,,,,,,,,,,,,,,,,,,,,,,,,,,,,,,,,,,,,,,,,,,,,,,,,,,,,,,,,,,,,,,,,,,,,,,,,,,,,,,,,,,,,,,,,,,,,,,,,,,,,,,,,,,,,,,,,,,,,,,,,,,,,,,,,,,,,,,,,,,,,,,,,,,,,,,,,,,,,,,,,,,,,,,,,,,,,,,,,,,,,,,,,,,,,,,,,,,,,,,,,,,,,,,,,,,,,,,,,,,,,,,,,,,,,,,,,,,,,,,,,,,,,,,,,,,,,,,,,,,,,,,,,,,,,,,,,,,,,,,,,,,,,,,,,,,,,,,,,,,,,,,,,,,,,,,,,,,,,,,,,,,,,,,,,,,,,,,,,,,,,,,,,,,,,,,
4/19/24 6:14,4/19/24 7:10,IP Address,*******,100,3367,TRUE,4/19/24 7:10,,*******,*******,*******,*******,*******,*******,anonymous,EN,0.8999999761581421,Yes,,,,English,,,"30: (upon,31: inquiry)","10: luxurious,32: balconies,99: business,100: travelers.,101: There,102: is,103: also,104: luggage,105: storage,106: available,107: for,108: those,109: who,110: need,111: to,112: store,113: their,114: bags,115: before,116: or,117: after,118: check-in.",No,No,"Libya
The hotel also has a range of dining options.",,Yes,"Egypt
Pets allowed","Libya
Unfortunately, the hotel is not pet-friendly.","5
Egypt
Pets allowed","4
Libya
Unfortunately, the hotel is not pet-friendly.",Yes,"And if you are traveling with pets, the hotel is pet-friendly!
Unfortunately, the hotel is not pet-friendly.",,,,No,,Yes,Yes,,,,,,,,5,,,,No,,Yes,Yes,,,,,,,,5,,,,,,,,,,,,,,,,,,,,,,,,,,,,,,,,,,,,,,,,,,,,,,,,,,,,,,,,,,,,,,,,,,,,,,,,,,,,,,,,,,,,,,,,,,,,,,,,,,,,,,,,,,,,,,,,,,,,,,,,,,,,,,,,,,,,,,,,,,,,,,,,,,,,,,,,,,,,,,,,,,,,,,,,,,,,,,,,,,,,,,,,,,,,,,,,,,,,,,,,,,,,,,,,,,,,,,,,,,,,,,,,,,,,,,,,,,,,,,,,,,,,,,,,,,,,,,,,,,,,,,,,,,,,,,,,,,,,,,,,,,,,,,,,,,,,,,,,,,,,,,,,,,,,,,,,,,,,,,,,,,,,,,,,,,,,,,,,,,,,,,,,,,,,,,,,,,,,,,,,,,,,,,,,,,,,,,,,,,,,,,,,,,,,
4/19/24 6:27,4/19/24 7:12,IP Address,*******,100,2648,TRUE,4/19/24 7:12,,*******,*******,*******,*******,*******,*******,anonymous,EN,0.8999999761581421,Yes,,,,English,,,"44: Steam,45: room","13: located,14: in,15: the,16: heart,17: of,26: stunning,27: views,,39: The,40: hotel,41: also,42: has,43: a,44: range,45: of,46: dining,47: options.",No,Yes," luxurious
Libya
Many of the rooms offer stunning views
The hotel also has a range
making it an ideal choice for business travelers","Libya
The hotel also has a range of dining options.",Yes,"5
Egypt","4
Libya","5
Egypt
Pets allowed","4
Libya
Unfortunately, the hotel is not pet-friendly.",Yes,"Unfortunately, the hotel is not pet-friendly","the hotel is pet-friendly!
Unfortunately, the hotel is not pet-friendly.",,,No,,Yes,No,,,,,,,,3,,,,No,,Yes,Yes,,,,,,,,3,,,,,,,,,,,,,,,,,,,,,,,,,,,,,,,,,,,,,,,,,,,,,,,,,,,,,,,,,,,,,,,,,,,,,,,,,,,,,,,,,,,,,,,,,,,,,,,,,,,,,,,,,,,,,,,,,,,,,,,,,,,,,,,,,,,,,,,,,,,,,,,,,,,,,,,,,,,,,,,,,,,,,,,,,,,,,,,,,,,,,,,,,,,,,,,,,,,,,,,,,,,,,,,,,,,,,,,,,,,,,,,,,,,,,,,,,,,,,,,,,,,,,,,,,,,,,,,,,,,,,,,,,,,,,,,,,,,,,,,,,,,,,,,,,,,,,,,,,,,,,,,,,,,,,,,,,,,,,,,,,,,,,,,,,,,,,,,,,,,,,,,,,,,,,,,,,,,,,,,,,,,,,,,,,,,,,,,,,,,,,,,,,,,,
4/19/24 6:16,4/19/24 7:15,IP Address,*******,100,3514,TRUE,4/19/24 7:15,,*******,*******,*******,*******,*******,*******,anonymous,EN,0.5,Yes,,,,English,,,"43: Wellness:,44: Steam,45: room","10: luxurious,13: located,14: in,15: the,16: heart,17: of,21: Many,22: of,23: the,24: rooms,25: offer,26: stunning,27: views,,36: requested,39: The,40: hotel,41: also,42: has,43: a,44: range,45: of,46: dining,47: options.,48: For,49: those,50: who,51: like,52: to,53: stay,54: active,,55: the,56: hotel,57: has,58: a,59: range,60: of,61: sport,62: facilities,,70: If,71: you,72: are,73: traveling,74: with,75: children,,83: In,84: addition,,93: making,94: it,95: an,96: ideal,97: choice,98: for,99: business,100: travelers.,107: for,108: those,109: who,110: need,111: to,112: store,113: their,114: bags,115: before,116: or,117: after,118: check-in.,119: For,120: those,121: with,122: accessibility,123: needs,,129: And,130: if,131: you,132: are,133: traveling,134: with,135: pets,",No,No,"Libya
","Libya
The hotel also has a range of dining options.",Yes,"5
Egypt
Pets allowed","4
Libya
Unfortunately, the hotel is not pet-friendly","5
Egypt
Pets allowed","4
Libya
Unfortunately, the hotel is not pet-friendly.",Yes,"And if you are traveling with pets, the hotel is pet-friendly!
Unfortunately, the hotel is not pet-friendly.",,,"4: alluring,14: haven,21: luxurious,31: enhanced,32: safety.,35: cozy,59: invigorating,68: ensures,69: accessibility,70: for,71: all",No,,No,,No,,Yes,,,,,4,“Ensures accessibility for all” is a vague statement but it doesn’t appear to be factually incorrect based on I,,"7: alluring,20: swimming,21: pool.",No,,No,,Yes,Swimming pool.,,Yes,,,,6,,,,,,,,,,,,,,,,,,,,,,,,,,,,,,,,,,,,,,,,,,,,,,,,,,,,,,,,,,,,,,,,,,,,,,,,,,,,,"38: Accessibility:,39: Accessible,40: hotel,,41: Wheelchair,42: accessible,,43: Accessible,44: parking","6: charming,9: located,10: in,11: the,12: heart,26: ensure,27: a,28: comfortable,29: and,30: enjoyable,31: stay,32: for,33: all,34: guests.,59: providing,60: guests,61: with,62: a,63: comfortable,64: and,65: relaxing,66: space,67: to,68: unwind,69: after,70: a,71: long,72: day,73: of,74: exploring,75: the,76: city.,90: ensuring,91: that,92: guests,93: have,94: access,95: to,96: assistance,97: and,98: support,99: at,100: all,101: times.,107: delicious,109: providing,110: guests,111: with,112: the,113: energy,114: they,115: need,116: to,117: start,118: their,119: day,120: off,121: right.,122: For,123: sports,124: enthusiasts,,135: providing,136: guests,137: with,138: the,139: opportunity,140: to,141: enjoy,142: some,143: leisurely,144: activities,145: during,146: their,147: stay.,159: ensuring,160: that,161: families,162: with,163: young,164: children,165: are,166: well,167: catered,168: for.,169: Guests,170: looking,171: to,172: relax,173: and,174: unwind,175: can,176: take,177: advantage,178: of",No,,No,,No,,No,,,,,5,,"2: Hotel,29: (rooms),30: Sport:,31: Horse,32: riding,,33: Diving,36: Organised,37: activities,38: for,39: kids,,47: Accessible,48: bathroom,",,No,,Yes,No,,,,,,,,5,,22: inquiry),"1: Indulge,2: in,3: coastal,4: bliss,11: retreat,19: tranquil,20: haven,30: request).,31: Stay,32: active,52: Rejuvenate,53: in,54: style,63: The,64: resort,65: prioritizes,66: accessibility,",No,,No,,No,,No,,,,,5,,"41: Kids,42: stay,43: for,44: free,","1: Experience,2: luxury,21: Nestled,22: along,23: the,24: picturesque,25: coastline,,37: free,38: WiFi,39: in,40: public,41: areas,,45: Indulge,46: in,47: comfort,57: refreshing,59: Dive,60: into,61: adventure,64: excursions,,77: Relax,78: and,79: rejuvenate,85: soothing,88: making,89: your,90: stay,91: a,92: memorable,93: blend,94: of,95: leisure,96: and,97: indulgence.",No,,No,,Yes,"Free WiFi in public areas,",,No,No,,,7,Input does not state the WiFi in public areas is free,,"46: For,47: sports,48: enthusiasts,,58: Families,59: traveling,60: with,61: children,62: can,63: benefit,78: For,79: those,80: seeking,81: relaxation,,103: making,104: it,105: suitable,106: for,107: guests,108: with,109: disabilities.",No,,No,,No,,Yes,,,,,7,,,,,,,,,,,,,,,,,,,,,,,,,,,,,,,,,,,,,,,,,,,,,,,,,,,,,,,,,,,,,,,,,,,,,,,,,,,,,,,,,,,,,,,,,,,,,,,,,,,,,,,,,,,,,,,,,,,,,,,,,,,,,,,,,,,,,,,,,,,,,,,,,,,,,,,,,,,,,,,,,,,,,,,,,,,,,,,,,,,,,,,,,,,,,,,,,,,,,,,,,,,,,,,,,,,,,,,,,,,,,,,,,,,4 minutes,55 minutes,3,"When information was ambiguous, not necessarily wrong, but hard to tell if it was correct or incorrect",4,2,Yes,"If information was a little clearer when stating what is correct and what is incorrect. There was one part of the experiment that said I got the answer wrong but the correct answer was the same as what I had wrote, maybe there was an issue as I didn’t copy and paste it?",3,The sliding scale was a little confusing,,
4/19/24 6:27,4/19/24 7:15,IP Address,*******,100,2890,TRUE,4/19/24 7:15,,*******,*******,*******,*******,*******,*******,anonymous,EN,1,Yes,,,,English,,,"43: Wellness:,44: Steam,45: room","10: luxurious,21: Many,22: of,23: the,24: rooms,25: offer,26: stunning,27: views,,39: The,40: hotel,41: also,42: has,43: a,44: range,45: of,46: dining,47: options.",No,No,Libya,"Libya
The hotel also has a range of dining options.",Yes,"5
Egypt
Pets allowed","4
Libya
Unfortunately, the hotel is not pet-friendly.",,,Yes,"And if you are traveling with pets, the hotel is pet-friendly!
Unfortunately, the hotel is not pet-friendly.",,18: Hotel,"14: haven,18: Indulge,19: in,20: a,21: luxurious,22: stay,23: with,30: for,31: enhanced,32: safety.,59: invigorating,62: in,63: the,64: wellness,65: center.",No,,No,,Yes,haven,,No,Yes, Hotel,haven,5,,,"7: alluring,20: swimming,21: pool.",No,,No,,Yes,swimming pool.,,Yes,,,,3,,,,,,,,,,,,,,,,,,,,,,,,,,,,,,,,,,,,,,,,,,,,,,,,,,,,,,,,,,,,,,,,,,,,,,,,,,,,,,,,,,,,,,,,,,,,,,,,,,,,,,,,,,,,,,,,,,,,,,,,,,,,,,,,,,,,,,,,,,,,,,,,,,,,,,,,,,,,,,,,,,,,,,,,,,,,,,,,,,,,,,,,,,,,,,,,,,,,,,,,,,,,,,,,,,,,,,,,,,,,,,,,,,,"39: Accessible,40: hotel,,43: Accessible,44: parking","6: charming,16: comfortable,25: sitting,26: area,27: in,28: each,29: room.,34: complimentary,35: breakfast,42: for,43: convenience.,57: for,58: entertainment.,63: appreciate,73: indulge,74: in,75: relaxing,88: all,89: guests,90: with,93: accessible,94: rooms,,98: convenient,99: parking,100: options.",No,,No,,Yes,"sitting area in each room.
complimentary breakfast
accessible rooms,",,No,Yes,"Breakfast,
Accessible parking","complimentary breakfast
convenient parking options.",5,,,"11: luxurious,23: world-class,27: making,28: it,29: the,30: perfect,31: place,32: for,33: a,34: relaxing,35: and,36: comfortable,37: stay.,90: stay,91: connected,92: throughout,93: your,94: stay.,109: active,110: and,111: relaxed,121: beautiful,122: area,127: stunning,128: views,129: of,130: the,131: surrounding,132: countryside.,141: ideal,142: choice,159: perfect,160: choice,166: luxurious,167: and,168: comfortable",No,,Yes,Yes,,,,,,,,6,,,"10: charming,16: beautiful,20: wide,26: to,27: ensure,28: a,29: comfortable,30: and,31: enjoyable,32: stay,33: for,34: all,35: guests.,42: where,43: guests,44: can,45: enjoy,46: a,47: refreshing,48: drink,49: or,50: a,51: light,52: snack.,65: offering,66: stunning,67: views,68: of,69: the,70: surrounding,71: area.,72: For,73: sports,74: enthusiasts,,134: The,135: resort,136: is,137: fully,138: accessible,,150: with,151: disabilities.,156: an,157: excellent,158: choice,159: for,160: travelers,161: seeking,162: a,163: comfortable,164: and,165: enjoyable,166: stay",No,,No,,Yes,"The resort is fully accessible,",,Yes,,,,5,,"25: WiFi,26: in,27: public,28: areas,,41: Kids,42: stay,43: for,44: free,","50: fitness,51: centre",No,,No,,Yes,fitness centre,,No,No,,,3,,"2: Resort,3: at,4: Squaw,5: Creek,6: a,7: Destination,8: by,9: Hyatt,10: Residence,18: USA,31: Cosmetic,32: mirror,,51: Hot,52: stone,53: massage,55: Wheelchair,56: accessible","1: Nestled,5: Resort,6: at,7: Squaw,8: Creek,12: haven,13: offering,14: tranquility.,16: well-equipped,24: Indulge,27: relaxing,31: rejuvenate,43: enjoy,44: organized,45: activities,48: enjoy,54: ensure,55: comfort,56: for,57: all.,64: add,65: convenience,,72: peace,73: of,74: mind,75: for,76: parents.",No,,No,,Yes,Resort at Squaw Creek,,No,Yes,Resort at Squaw Creek a Destination by Hyatt Residence,Resort at Squaw Creek,4,,,,,,,,,,,,,,,,,,,,,,,,,,,,,,,,,,,,,,,,,,,,,,,,,,,,,,,,,,,,,,,,,,,,,,,,,,,,,6 Minutes ,50 Minutes,4,Inclusion,3,2,Yes,,5,No,,
4/19/24 6:32,4/19/24 7:17,IP Address,*******,100,2730,TRUE,4/19/24 7:17,,*******,*******,*******,*******,*******,*******,anonymous,EN,0.8999999761581421,Yes,,,,English,,,"44: Steam,45: room","10: luxurious,14: in,15: the,16: heart,17: of,18: Sharm,19: el-Sheikh,,21: Many,22: of,23: the,24: rooms,25: offer,26: stunning,27: views,,39: The,40: hotel,41: also,42: has,43: a,44: range,45: of,46: dining,47: options.",Yes,Yes,Libya ,"Libya
The hotel also has a range of dining options.",Yes,"5
Pets allowed","4
Unfortunately, the hotel is not pet-friendly

","5
Egypt
Pets allowed","4
Libya
Unfortunately, the hotel is not pet-friendly.",Yes,"And if you are traveling with pets, the hotel is pet-friendly!
Unfortunately, the hotel is not pet-friendly.",,,,No,,No,,Yes,wellness center.,,No,No,,,6,no,,,No,,Yes,No,,,,,,,,6,no,,,,,,,,,,,,,,,,,,,,,,,,,,,,,,,,,,,,,,,,,,,,,,,,,,,,,,,,,,,,,,,,,,,,,,,,,,,,,,,,,,,,,,,,,,,,,,,,,,,,,,,,,,,,,,,,,,,,,,,,,,,,,,,,,,,,,,,,,,,,,,,,,,,,,,,,,,,,,,,,,,,,,,,,,,,,,,,,,,,,,,,,,,,,,,,,,,,,,,,,,,,,,,,,,,,,,,,,,,,,,,,,,,,,,,,,,,,,,,,,,,,,,,,,,,,,,,,,,,,,,,,,,,,,,,,,,,,,,,,,,,,,,,,,,,,,,,,,,,,,,,,,,,,,,,,,,,,,,,,,,,,,,,,,,,,,,,,,,,,,,,,,,,,,,,,,,,,,,,,,,,,,,,,,,,,,,,,,,,,,,,,,,,,
4/19/24 7:01,4/19/24 7:22,IP Address,*******,100,1244,TRUE,4/19/24 7:22,,*******,*******,*******,*******,*******,*******,anonymous,EN,1,Yes,,,,English,,,"43: Wellness:,44: Steam,45: room","10: luxurious,15: the,16: heart,17: of,21: Many,22: of,23: the,24: rooms,25: offer,26: stunning,27: views,,39: The,40: hotel,41: also,42: has,43: a,44: range,45: of,46: dining,47: options.",No,No,"Libya
The hotel also has a range of dining options.",,Yes,"5
Egypt
Pets allowed","4
Libya
Unfortunately, the hotel is not pet-friendly.",,,Yes,"And if you are traveling with pets, the hotel is pet-friendly!
Unfortunately, the hotel is not pet-friendly.
","the hotel is pet-friendly!
Unfortunately, the hotel is not pet-friendly.",,,No,,Yes,Yes,,,,,,,,1,,,"20: swimming,21: pool.",No,,No,,Yes,swimming pool.,,Yes,,,,3,,,,,,,,,,,,,,,,,,,,,,,,,,,,,,,,,,,,,,,,,,,,,,,,,,,,,,,,,,,,,,,,,,,,,,,,,,,,,,,,,,,,,,,,,,,,,,,,,,,,,,,,,,,,,,,,,,,,,,,,,,,,,,,,,,,,,,,,,,,,,,,,,,,,,,,,,,,,,,,,,,,,,,,,,,,,,,,,,,,,,,,,,,,,,,,,,,,,,,,,,,,,,,,,,,,,,,,,,,,,,,,,,,,,,,,,,,,,,,,,,,,,,,,,,,,,,,,,,,,,,,,,,,,,,,,,,,,,,,,,,,,,,,,,,,,,,,,,,,,,,,,,,,,,,,,,,,,,,,,,,,,,,,,,,,,,,,,,,,,,,,,,,,,,,,,,,,,,,,,,,,,,,,,,,,,,,,,,,,,,,,,,,,,,
4/19/24 6:18,4/19/24 7:22,IP Address,*******,100,3843,TRUE,4/19/24 7:22,,*******,*******,*******,*******,*******,*******,anonymous,EN,1,Yes,,,,English,,,,"13: located,14: in,15: the,16: heart,17: of,21: Many,22: of,23: the,24: rooms,25: offer,26: stunning,27: views,,39: The,40: hotel,41: also,42: has,43: a,44: range,45: of,46: dining,47: options.",No,No,"Libya
The hotel also has a range of dining options.
","Libya
The hotel also has a range of dining options.",Yes,"5
Egypt
Pets Allowed","4
Libya
Not pet friendly","5
Egypt
Pets allowed","4
Libya
Unfortunately, the hotel is not pet-friendly.",Yes,"And if you are traveling with pets, the hotel is pet-friendly!
Unfortunately, the hotel is not pet-friendly.",,,,No,,Yes,No,,,,,,,,4,,,"7: alluring,20: swimming,21: pool.",No,,No,,Yes,swimming pool,,Yes,,,,3,,,"18: breakfast,19: buffet,",No,,Yes,No,,,,,,,,5,,,"1: Indulge,2: in,3: luxury,22: a,23: serene,24: escape",No,,Yes,Yes,,,,,,,,6,,,"5: luxurious,13: elegant,24: relaxing,25: stay.",No,,Yes,Yes,,,,,,,,6,,,"12: luxurious,18: sunny,19: city",No,,Yes,Yes,,,,,,,,6,,,"15: located,16: in,17: the,18: heart,23: This,24: stunning,25: accommodation,26: offers,27: a,28: range,29: of,30: facilities,31: and,32: amenities,33: to,34: ensure,35: a,36: comfortable,37: and,38: enjoyable,39: stay,40: for,41: all,42: guests.,59: making,60: it,61: easy,62: for,63: guests,64: to,65: explore,66: the,67: local,68: area.,145: top-notch,",No,,No,,No,,Yes,,,,,5,,,,,,,,,,,,,,,,,,,,,,,,,,,,,,,,,,,,,,,,,,,,,,,,,,,,,,,,,,,,,,,,,,,,,,,,,,,,,,,,,,,,,,,,,,,,,,,,,,,,,,,,,,,,,,,,,,,,,,,,,,,,,,,,,,,,,,,,,,,,,,,,,,,,,,,,,,,,,,,,,,,,,,,,,,,,,,,,,,,,,,,,,,,,,,,,,,,,,,,,,,,,,,,,,,,,,,,,,,,,,,,,,,,,,,,,,,,,,,,,,,,,,,,,,,,,,,,,,,,,,,,,,,,,,,,,,,,,,,,,,,,,,,,,,,,,,,,,,,,,,,10 minutes,about an hour?,3,getting my head round so many words!,5,5,yes,no,5,no,no,
4/19/24 6:38,4/19/24 7:32,IP Address,*******,100,3251,TRUE,4/19/24 7:32,,*******,*******,*******,*******,*******,*******,anonymous,EN,0.8999999761581421,Yes,,,,English,,,"43: Wellness:,44: Steam,45: room","8: is,9: a,10: luxurious,21: Many,22: of,23: the,24: rooms,25: offer,26: stunning,27: views,",No,No, Libya,"Libya
The hotel also has a range of dining options.",Yes,5,4,"5
Egypt
Pets allowed","4
Libya
Unfortunately, the hotel is not pet-friendly.",Yes,"And if you are traveling with pets, the hotel is pet-friendly!
Unfortunately, the hotel is not pet-friendly.",,,,No,,No,,No,,Yes,,,,,4,wellness center is not mentioned in Input,,"20: swimming,21: pool.",No,,No,,Yes,swimming pool,,Yes,,,,5,Your Truthfulness gauge 1 to 7 does not indicate if it increases in truthfulness to 7 being Most Truthful OR if 1 is Truthfulness and 7 is Non-Truthfulness. I would rate it 5 out of 7 for Truthfulness if it is the later,,,,,,,,,,,,,,,,,,,,,,,,,,,,,,,,,,,,,,,,,,,,,,,,,,,,,,,,,,,,,,,,,,,,,,,,,,,,,,,,,,,,,,,,,,,,,,,,,,,,,,,,,,,,,,,,,,,,,,,,,,,,,,,,,,,,,,,,,,,,,,,,,,,,,,,,,,,,,,,,,,,,,,,,,,,,,,,,,,,,,,,,,,,,,,,,,,,,,,,,,,,,,,,,,,,,,,,,,,,,,,,,,,,,,,,,,,,,,,,,,,,,,,,,,,,,,,,,,,,,,,,,,,,,,,,,,,,,,,,,,,,,,,,,,,,,,,,,,,,,,,,,,,,,,,,,,,,,,,,,,,,,,,,,,,,,,,,,,,,,,,,,,,,,,,,,,,,,,,,,,,,,,,,,,,,,,,,,,,,,,,,,,,,
4/19/24 6:34,4/19/24 7:33,IP Address,*******,100,3516,TRUE,4/19/24 7:33,,*******,*******,*******,*******,*******,*******,anonymous,EN,0.8999999761581421,Yes,,,,English,,,"44: Steam,45: room","10: luxurious,13: located,14: in,15: the,16: heart,17: of,26: stunning,27: views,,44: range,45: of,46: dining,47: options.",No,No,"the heart of
Libya
The hotel also has a range of dining options.
","Libya
The hotel also has a range of dining options.",Yes,"5
Egypt","4
Libya","5
Egypt
Pets allowed","4
Libya
Unfortunately, the hotel is not pet-friendly.",Yes,"And if you are traveling with pets, the hotel is pet-friendly!
Unfortunately, the hotel is not pet-friendly.",,,"4: alluring,14: haven,21: luxurious,25: pulsating,31: enhanced,32: safety.,33: Unwind,34: in,35: cozy,36: rooms,59: invigorating,64: wellness,65: center.,66: The,67: resort,68: ensures,69: accessibility,70: for,71: all",No,,No,,Yes,"Unwind in cozy rooms
The resort ensures accessibility for all",,Yes,,,,6,,,"7: alluring,20: swimming,21: pool.",No,,No,,Yes,swimming pool.,,Yes,,,,5,,,,,,,,,,,,,,,,,,,,,,,,,,,,,,,,,,,,,,,,,,,,,,,,,,,,,,,,,,,,,,,,,,,,,,,,,,,,,,,,,,,,,,,,,,,,,,,,,,,,,,,,,,,,,,,,,,,,,,,,,,,,,,,,,,,,,,,,,,,,,,,,,,,,,,,,,,No,,Yes,Yes,,,,,,,,7,,"47: Accessible,48: bathroom,,49: Accessible,50: hotel","10: luxurious,16: beautiful,17: city,50: ensuring,51: that,52: guests,53: can,54: have,55: their,56: clothes,57: cleaned,58: and,59: pressed,60: during,61: their,62: stay.,70: allowing,71: guests,72: to,73: stay,74: connected,75: with,76: their,77: loved,78: ones,79: or,80: work,81: remotely.,107: while,108: enjoying,109: their,110: favorite,111: sports.,126: Parents,127: can,128: relax,129: and,130: enjoy,131: their,132: stay,133: while,134: their,135: children,136: are,137: well,138: taken,139: care,140: of,141: and,142: entertained.,164: variety,165: of,166: treatments",No,,No,,Yes,ensuring that guests can have their clothes cleaned and pressed during their stay.,,No,No,,,6,,"16: Hotel,17: bar,20: Balcony,21: (upon,22: inquiry),24: Volleyball,,25: Surfing,,26: Bike,27: rental,46: Accessible,47: bathroom,,48: Wheelchair,49: accessible,,50: Accessible,51: parking",,No,,Yes,No,,,,,,,,7,,"40: Cot,","1: Escape,2: to,3: paradise,20: idyllic,21: beach,30: elegant,31: rooms,37: Indulge,38: in,39: a,40: rejuvenating,41: spa,54: free,55: WiFi,56: in,57: public,58: areas.,83: added,84: convenience.",No,,No,,Yes,"Indulge in a rejuvenating spa
free WiFi in public areas.",,No,No,,,6,,,"21: luxurious,22: accommodation,61: the,62: resort,63: features,64: tennis,65: courts,103: ensuring,104: inclusivity,105: for,106: all,107: guests.",No,,No,,Yes,the resort features tennis courts,,Yes,,,,6,"Only issue is ""tennis court"" singular in the Input, vs ""tennis courtS"" plural in the Output.",,,,,,,,,,,,,,,,,,,,,,,,,,,,,,,,,,,,,,,,,,,,,,,,,,,,,,,,,,,,,,,,,,,,,,,,,,,,,,,,,,,,,,,,,,,,,,,,,,,,,,,,,,,,,,,,,,,,,,,,,,,,,,,,,,,,,,,,,,,,,,,,,,,,,,,2 minutes,55mins approx,4,Getting used to the requirements,4,4,Yes,"The wording on the first few screens seemed complex, the examples helped a lot. Could maybe use more examples",4,No,Enjoyable experience,
4/19/24 7:12,4/19/24 7:37,IP Address,*******,100,1499,TRUE,4/19/24 7:37,,*******,*******,*******,*******,*******,*******,anonymous,EN,0.4000000059604645,Yes,,,,English,,,"44: Steam,45: room","39: The,40: hotel,41: also,42: has,43: a,44: range,45: of,46: dining,47: options.",No,No,"Libya
The hotel also has a range of dining options.",,Yes,"5
Egpyt
Pets allowed","4
Libya
Unfortunately, the hotel is not pet-friendly","5
Egypt
Pets allowed","4
Libya
Unfortunately, the hotel is not pet-friendly.",Yes,"And if you are traveling with pets, the hotel is pet-friendly!
Unfortunately, the hotel is not pet-friendly.",,,"62: in,63: the,64: wellness,65: center.",No,,Yes,No,,,,,,,,6,,,"20: swimming,21: pool.",No,,No,,Yes, swimming pool,,Yes,,,,6,,,,,,,,,,,,,,,,,,,,,,,,,,,,,,,,,,,,,,,,,,,,,,,,,,,,,,,,,,,,,,,,,,,,,,,,,,,,,,,,,,,,,,,,,,,,,,,,,,,,,,,,,,,,,,,,,,,,,,,,,,,,,,,,,,,,,,,,,,,,,,,,,,,,,,,,,,,,,,,,,,,,,,,,,,,,,,,,,,,,,,,,,,,,,,,,,,,,,,,,,,,,,,,,,,,,,,,,,,,,,,,,,,,,,,,,,,,,,,,,,,,,,,,,,,,,,,,,,,,,,,,,,,,,,,,,,,,,,,,,,,,,,,,,,,,,,,,,,,,,,,,,,,,,,,,,,,,,,,,,,,,,,,,,,,,,,,,,,,,,,,,,,,,,,,,,,,,,,,,,,,,,,,,,,,,,,,,,,,,,,,,,,,,,
4/19/24 6:26,4/19/24 7:41,IP Address,*******,100,4457,TRUE,4/19/24 7:41,,*******,*******,*******,*******,*******,*******,anonymous,EN,0.8999999761581421,Yes,,,,English,,,"44: Steam,45: room","10: luxurious,26: stunning,27: views,,39: The,40: hotel,41: also,42: has,43: a,44: range,45: of,46: dining,47: options.,48: For,49: those,50: who,51: like,52: to,53: stay,54: active,,93: making,94: it,95: an,96: ideal,97: choice,98: for,99: business,100: travelers.,115: before,116: or,117: after,118: check-in.,119: For,120: those,121: with,122: accessibility,123: needs,",No,No,Libya.,"Libya
The hotel also has a range of dining options.",Yes,"5
Egypt
pets allowed","4
Libya
unfortunately, the hotel is not pet-friendly","5
Egypt
Pets allowed","4
Libya
Unfortunately, the hotel is not pet-friendly.",Yes,"Unfortunately, the hotel is not pet-friendly.","the hotel is pet-friendly!
Unfortunately, the hotel is not pet-friendly.",,"25: pulsating,30: for,31: enhanced,32: safety.,35: cozy,36: rooms,59: invigorating,64: wellness,65: center.",No,,No,,Yes,"for enhanced safety.
cozy rooms
wellness center.",,Yes,,,,4,Some subjective output included.,,"7: alluring,20: swimming,21: pool.",No,,No,,Yes,swimming pool,,Yes,,,,6,,,,,,,,,,,,,,,,,,,,,,,,,,,,,,,,,,,,,,,,,,,,,,,,,,,,,,,,,,,,,,,,,,,,,,,,,,,,,"38: Accessibility:,39: Accessible,40: hotel,,41: Wheelchair,42: accessible,,43: Accessible,44: parking","6: charming,12: heart,13: of,107: delicious",No,,No,,No,,No,,,,,5,,"29: (rooms),31: Horse,32: riding,,33: Diving","42: the,43: disabled.",No,,No,,Yes,the disabled,,No,No,,,5,"""the disabled"" is a term which covers more than issues solved by wheelchair access.",,"3: coastal,4: bliss,11: retreat,19: tranquil,20: haven",No,,No,,No,,Yes,,,,,4,,"41: Kids,42: stay,43: for,44: free,",24: picturesque,No,,Yes,No,,,,,,,,6,,,"103: making,104: it,105: suitable,106: for,107: guests,108: with,109: disabilities.",No,,No,,Yes,making it suitable for guests with disabilities.,,Yes,,,,6,"""Disabilities"" includes a wide range of issues from visual imparement to hearing problems.  Wheelchair access is not a cover-all for disability.",,,,,,,,,,,,,,,,,,,,,,,,,,,,,,,,,,,,,,,,,,,,,,,,,,,,,,,,,,,,,,,,,,,,,,,,,,,,,,,,,,,,,,,,,,,,,,,,,,,,,,,,,,,,,,,,,,,,,,,,,,,,,,,,,,,,,,,,,,,,,,,,,,,,,,,,,,,,,,,,,,,,,,,,,,,,,,,,,,,,,,,,,,,,,,,,,,,,,,,,,,,,,,,,,,,,,,,,,,,,,,,,,,10',65',4,Application of rules.,4,5,yes,all fine,4,"Page was too wide. I had to keep moving up and down the page too, to check information.","No, fine thank you.",
4/19/24 6:49,4/19/24 7:41,IP Address,*******,100,3086,TRUE,4/19/24 7:41,,*******,*******,*******,*******,*******,*******,anonymous,EN,0.699999988,Yes,,,,English,,,"43: Wellness:,44: Steam,45: room","10: luxurious,26: stunning,27: views,,44: range,45: of,46: dining,47: options.",No,No,"Libya
The hotel also has a range of dining options.",,Yes,"5
Egypt
Pets allowed","4
Libya
Unfortunately, the hotel is not pet-friendly.",,,Yes,"And if you are traveling with pets, the hotel is pet-friendly!
Unfortunately, the hotel is not pet-friendly.",,,"14: haven,64: wellness,65: center.",No,,No,,Yes,"haven
wellness center.",,Yes,,,,5,"The term ""and an accessible hotel"" is not strictly accurate. The hotel itself is accessible, the hotel does not include and additional hotel that is accessible.",,,No,,Yes,Yes,,,,,,,,7,Perfect example,,,,,,,,,,,,,,,,,,,,,,,,,,,,,,,,,,,,,,,,,,,,,,,,,,,,,,,,,,,,,,,,,,,,,,,,,,,,,,,,,,,,,,,,,,,,,,,,,,,,,,,,,,,,,,,,,,,,,,,,,,,,,,,,,,,,,,,,,,,,,,,,,,,,,,,,,,,,,,,,,,,,,,,,,,,,,,,,,,,,,,,,,,,,,,,,,,,,,,,,,,,,,,,,,,,,,,,,,,,,,,,,,,,,,,,,,,,,,,,,,,,,,,,,,,,,,,,,,,,,,,,,,,,,,,,,,,,,,,,,,,,,,,,,,,,,,,,,,,,,,,,,,,,,,,,,,,,,,,,,,,,,,,,,,,,,,,,,,,,,,,,,,,,,,,,,,,,,,,,,,,,,,,,,,,,,,,,,,,,,,,,,,,,
4/19/24 7:09,4/19/24 7:41,IP Address,*******,100,1918,TRUE,4/19/24 7:41,,*******,*******,*******,*******,*******,*******,anonymous,EN,0.5,Yes,,,,English,,,,"10: luxurious,13: located,14: in,15: the,16: heart,21: Many,22: of,23: the,24: rooms,25: offer,26: stunning,27: views,,44: range,45: of,46: dining,47: options.,89: range",No,No,Libya,"Libya
The hotel also has a range of dining options.",Yes,"5
Pets allowed","4
Unfortunately, the hotel is not pet-friendly.","5
Egypt
Pets allowed","4
Libya
Unfortunately, the hotel is not pet-friendly.",Yes,"And if you are traveling with pets, the hotel is pet-friendly!
Unfortunately, the hotel is not pet-friendly.",,,"4: alluring,21: luxurious,25: pulsating,31: enhanced,32: safety.,35: cozy,59: invigorating",No,,No,,No,,Yes,,,,,5,,,"7: alluring,20: swimming,21: pool.",No,,No,,Yes,swimming pool,,No,No,,,6,,,,,,,,,,,,,,,,,,,,,,,,,,,,,,,,,,,,,,,,,,,,,,,,,,,,,,,,,,,,,,,,,,,,,,,,,,,,,,,,,,,,,,,,,,,,,,,,,,,,,,,,,,,,,,,,,,,,,,,,,,,,,,,,,,,,,,,,,,,,,,,,,,,,,,,,,,,,,,,,,,,,,,,,,,,,,,,,,,,,,,,,,,,,,,,,,,,,,,,,,,,,,,,,,,,,,,,,,,,,,,,,,,,,,,,,,,,,,,,,,,,,,,,,,,,,,,,,,,,,,,,,,,,,,,,,,,,,,,,,,,,,,,,,,,,,,,,,,,,,,,,,,,,,,,,,,,,,,,,,,,,,,,,,,,,,,,,,,,,,,,,,,,,,,,,,,,,,,,,,,,,,,,,,,,,,,,,,,,,,,,,,,,,,
4/19/24 6:21,4/19/24 7:46,IP Address,*******,100,5094,TRUE,4/19/24 7:46,,*******,*******,*******,*******,*******,*******,anonymous,EN,1,Yes,,,,English,,,"43: Wellness:,44: Steam,45: room","10: luxurious,15: the,16: heart,17: of,21: Many,22: of,23: the,24: rooms,25: offer,26: stunning,27: views,,28: and,29: some,30: even,31: have,39: The,40: hotel,41: also,42: has,43: a,44: range,45: of,46: dining,47: options.,58: a,59: range,60: of,61: sport,62: facilities,,63: including",No,No,"Libya.
The hotel also has a range of dining options.","Libya
The hotel also has a range of dining options.",Yes,"5
Egypt
Pets allowed","4
Libya
Unfortunately, the hotel is not pet-friendly.

","5
Egypt
Pets allowed","4
Libya
Unfortunately, the hotel is not pet-friendly.",Yes,"And if you are traveling with pets, the hotel is pet-friendly!
Unfortunately, the hotel is not pet-friendly.",,,"4: alluring,14: haven,21: luxurious,25: pulsating,35: cozy,59: invigorating",No,,No,,No,,Yes,,,,,1,Main differences were descriptive words,,"7: alluring,20: swimming,21: pool.",No,,No,,Yes,Swimming pool,,Yes,,,,3,,,,,,,,,,,,,,,,,,,,,,,,,,,,,,,,,,,,,,,,,,,,,,,,,,,,,,,,,,,,,,,,,,,,,,,,,,,,,,,,,,,,,,,,,,,,,,,,,,,,,,,,,,,,,,,,,,,,,,,,,,,,,,,,,,,,,,,,,,,,,,,,,,,,,,,,,,,,,,,,,,,,,,,,,,,,,,,,,,,,,,,,,,,,,,,,,,,,,,,,,,,,,,,,,,,,,,,,,,,,,,,,,,,,,,,,,,,,,,,,,,,,,,,,,,,,,,,,,,,,,,,,,,,,,,,,,,,,,,,,,,,,,,,,,,,,,,,,,,,,,,,"5: cozy,11: welcomes,12: guests,13: with,14: a,15: warm,16: and,17: inviting,18: atmosphere.,31: delicious",No,,No,,No,,Yes,,,,,1,Differences are descriptive words.,,"2: luxury,3: at,4: its,5: finest,6: at,22: This,23: prestigious,24: hotel,25: offers,26: unparalleled,27: hospitality,28: with,29: a,30: range,31: of,32: amenities,33: and,34: services,35: to,36: ensure,37: a,38: memorable,39: stay.",No,,No,,No,,Yes,,,,,1,,,"13: beautiful,31: The,32: resort,33: is,34: perfect,35: for,36: those,37: who,38: want,39: to,40: enjoy,41: a,42: comfortable,43: and,44: relaxing,45: stay,46: while,47: exploring,48: the,49: city.,79: and,80: a,81: flat-screen,82: TV,83: for,84: your,85: entertainment.,94: and,95: other,96: sports,97: activities,98: for,99: guests,100: to,101: enjoy.,166: Overall,,167: the,168: Piscina,169: Rei,170: Resort,171: is,172: a,173: perfect,174: destination,175: for,176: those,177: seeking,178: a,179: luxurious,180: and,181: relaxing,182: stay,183: in,184: Italy.",No,,No,,Yes,and a flat-screen TV for your entertainment.,,Yes,,,,2,,"41: Kids,42: stay,43: for,44: free,,47: Wellness:,48: Body,49: treatments,,50: Hot,51: tub,52: Accessibility:,53: Accessible,54: parking","12: luxurious,18: beautiful,24: This,25: stunning,26: accommodation,27: offers,28: breathtaking,29: views,30: of,31: the,32: Red,33: Sea,34: and,35: provides,36: guests,37: with,38: a,39: wide,40: range,41: of,42: facilities,43: and,44: amenities,45: to,46: ensure,47: a,48: comfortable,49: and,50: enjoyable,51: stay.,52: As,53: a,54: guest,55: of,56: the,57: hotel,,58: you,59: can,60: enjoy,61: access,62: to,63: a,64: private,65: beach,,66: where,67: you,68: can,69: soak,70: up,71: the,72: sun,73: and,74: take,75: a,76: refreshing,77: dip,78: in,79: the,80: crystal-clear,81: waters,82: of,83: the,84: Red,85: Sea.,104: while,105: taking,106: in,107: the,108: stunning,109: views.,165: a,166: range,167: of,168: sports,169: activities,,170: including",No,,No,,Yes,"you can enjoy access to a private beach
the hotel offers a range of sports activities",,No,No,,,6,,"24: Cashless,25: payment,,26: Car,27: hire,41: Organised,42: activities,43: for,44: kids,,45: Childcare,,55: Wheelchair,56: accessible",,No,,Yes,No,,,,,,,,6,,3 minutes,45 minutes,2,"Inclusion, trying to remember which way round was which.",1,1,Yes,"The training tests marked my answers as wrong on two occasions, however, from what I could see, my answers were correct. I took some photos on my mobile, in case these were necessary as I was sure that based on those, I would fail the training.I also wanted to clarify that when using the scale markers, I presumed that number 1 was agree most and 7 was disagree. I'm not entirely certain whether or not this was the case though.",2,"It was made more difficult because I had to continually use the scroll bar to scroll across the screen and this was particularly difficult when it came to using the scales when I needed to choose number 7. I had to drop the marker at 6 and then scroll across the screen to 7 but then the marker would revert back to 5. In the end, I mostly chose number 6.  I hope this makes sense, as it's a little hard to find the correct words to explain the issue.","I enjoyed the exercise, my only complaint would be the graphical interface, due to the issues mentioned previously.",
4/19/24 7:30,4/19/24 8:00,IP Address,*******,100,1789,TRUE,4/19/24 8:00,,*******,*******,*******,*******,*******,*******,anonymous,EN,0.5,Yes,,,,English,,,"10: 5,15: Egypt,29: Balcony,44: Steam,45: room,48: parking","10: luxurious,20: Egypt.,26: stunning,27: views,",No,No,"5 Star hotel in Libya
The hotel also has a range of dining options.(Unverified)
","Libya
The hotel also has a range of dining options.",Yes,"5
Pets allowed","4
Unfortunately, the hotel is not pet-friendly","5
Egypt
Pets allowed","4
Libya
Unfortunately, the hotel is not pet-friendly.",Yes,"Unfortunately, the hotel is not pet-friendly.","the hotel is pet-friendly!
Unfortunately, the hotel is not pet-friendly.","21: Nightclub,,22: Temperature,23: screening","13: 5-star,21: luxurious",No,,Yes,Yes,,,,,,,,6,None.,"7: 4,29: Beauty,30: salon,,31: Steam,32: room,,33: Body,34: treatments","7: alluring,8: 4,13: Sautens,,22: Room,23: amenities,34: Wellness,35: facilities",No,,Yes,Yes,,,,,,,,6,None.,,,,,,,,,,,,,,,,,,,,,,,,,,,,,,,,,,,,,,,,,,,,,,,,,,,,,,,,,,,,,,,,,,,,,,,,,,,,,,,,,,,,,,,,,,,,,,,,,,,,,,,,,,,,,,,,,,,,,,,,,,,,,,,,,,,,,,,,,,,,,,,,,,,,,,,,,,,,,,,,,,,,,,,,,,,,,,,,,,,,,,,,,,,,,,,,,,,,,,,,,,,,,,,,,,,,,,,,,,,,,,,,,,,,,,,,,,,,,,,,,,,,,,,,,,,,,,,,,,,,,,,,,,,,,,,,,,,,,,,,,,,,,,,,,,,,,,,,,,,,,,,,,,,,,,,,,,,,,,,,,,,,,,,,,,,,,,,,,,,,,,,,,,,,,,,,,,,,,,,,,,,,,,,,,,,,,,,,,,,,,,,,,,,
4/19/24 6:45,4/19/24 8:01,IP Address,*******,100,4570,TRUE,4/19/24 8:01,,*******,*******,*******,*******,*******,*******,anonymous,EN,0.8999999761581421,Yes,,,,English,,,"44: Steam,45: room","21: Many,22: of,23: the,24: rooms,25: offer,26: stunning,27: views,,44: range,45: of,46: dining,47: options.",No,No,"Libya
The hotel also has a range of dining options.",,Yes,"5
Egypt
Pets allowed","4
Libya
Unfortunately, the hotel is not pet-friendly.",,,Yes,"And if you are traveling with pets, the hotel is pet-friendly!
Unfortunately, the hotel is not pet-friendly.",,,"4: alluring,14: haven,21: luxurious,25: pulsating,30: for,31: enhanced,32: safety.,35: cozy,37: boasting,47: relish,59: invigorating,64: wellness,65: center.,68: ensures,70: for,71: all",No,,No,,Yes,wellness centre.,,Yes,,,,5,,,"7: alluring,20: swimming,21: pool.",No,,No,,Yes,swimming pool.,,Yes,,,,6,,,,,,,,,,,,,,,,,,,,,,,,,,,,,,,,,,,,,,,,,,,,,,,,,,,,,,,,,,,,,,,,,,,,,,,,,,,,,,,,,,,,,,,,,,,,,,,,,,,,,,,,,,,,,,,,,,,,,,,,,,,,,,,,,,,,,,,,,,,,,,,,,,,,,,,,,,,,,,,,,,,,,,,,,,,,,,,,,,,,,,,,,,,,,,,,,,,,,,,,,,,,,,,,,,,,,,,,,,,,,,,,,,,"43: Accessible,44: parking","16: comfortable,34: complimentary,42: for,43: convenience.,52: golf,53: course,73: indulge,74: in,75: relaxing,80: wellness,81: center.,86: accessible,87: for,88: all,89: guests",No,,No,,Yes,"complimentary
golf course
wellness centre.",,Yes,,,,4,Three factually incorrect pieces of info and plenty of embellishment.,,"11: luxurious,23: world-class,30: perfect,31: place,32: for,33: a,34: relaxing,35: and,36: comfortable,37: stay.,86: which,87: means,88: you,89: can,90: stay,91: connected,92: throughout,93: your,94: stay.,99: a,100: range,101: of,106: to,107: keep,108: you,109: active,110: and,111: relaxed,112: during,113: your,114: stay.,121: beautiful,126: offers,127: stunning,128: views,129: of,130: the,131: surrounding,132: countryside.,138: making,139: it,140: an,141: ideal,142: choice,143: for,144: those,145: with,146: mobility,147: issues.,148: Overall,,149: the,150: Hotel,151: The,152: St,153: Regis,154: Punta,155: Mita,156: Resort,157: is,158: the,159: perfect,160: choice,161: for,162: anyone,163: looking,164: for,165: a,166: luxurious,167: and,168: comfortable,169: stay,170: in,171: Mexico.",No,,No,,No,,Yes,,,,,6,All information appeared correct.  A lot of embellishment and with two sports activities mentioned in input describing that as 'a range' is pushing it a bit.,,"10: charming,11: city,16: beautiful,20: wide,21: range,22: of,23: facilities,24: and,25: services,26: to,27: ensure,28: a,29: comfortable,30: and,31: enjoyable,32: stay,33: for,34: all,35: guests.,43: guests,44: can,45: enjoy,46: a,47: refreshing,48: drink,49: or,50: a,51: light,52: snack.,65: offering,66: stunning,67: views,68: of,69: the,70: surrounding,71: area.,137: fully,138: accessible,,152: Overall,,153: Piscina,154: Rei,155: is,156: an,157: excellent,158: choice,159: for,160: travelers,161: seeking,162: a,163: comfortable,164: and,165: enjoyable,166: stay,167: in,168: Muravera,,169: Italy.",No,,No,,No,,Yes,,,,,7,Some embellishment but facts are all correct.,"25: WiFi,26: in,27: public,28: areas,,37: Diving,41: Kids,42: stay,43: for,44: free,,53: Accessible,54: parking","50: fitness,51: centre",No,,No,,Yes,fitness centre,,No,No,,,6,Surprising amount of info not included in output.,"7: Destination,8: by,9: Hyatt,10: Residence,31: Cosmetic,32: mirror,,46: Kids',47: club,51: Hot,52: stone,53: massage","1: Nestled,2: in,3: Tahoe,4: City,,12: haven,13: offering,14: tranquility.,16: well-equipped,24: Indulge,27: relaxing,31: rejuvenate,43: enjoy,44: organized,45: activities,48: enjoy,54: ensure,55: comfort,56: for,57: all.,64: add,65: convenience,,71: provide,72: peace,73: of,74: mind,75: for,76: parents.",No,,No,,Yes,enjoy organised activities,,No,No,,,6,tennis and golf are definitely activities but no mention of them being 'organised'.  English in that sentence is suspect with two 'while you'.,,,,,,,,,,,,,,,,,,,,,,,,,,,,,,,,,,,,,,,,,,,,,,,,,,,,,,,,,,,,,,,,,,,,,,,,,,,,Probably about 5 minutes each depending on the amount of annotation required.,About an hour I think.  I tend to be on the slower side generally.,2,Distinguishing actually factually incorrect statements from embellishments.  Sometimes it wasn't entirely clear the distinction.,5,4,I do now!!!,I'd label your scales e.g. 1-7 to ensure people know that 7 is very truthful and 1 is total lies or v.v.  It is not really clear from your label which way round you want it.  I assumed a high score was good.  e.g. above you have a scale of 1-5 for clarity with the word clarity sitting at 1 so does that mean 1 is best?  I didn't think so but others might.,5,"After the first example it was very easy.  In one of the training trials, I couldn't get it to mark my work correctly until I realised there was an invisible carriage return on an unused 4th line so I'd maybe do something to make that obvious.",Very interesting study and I've learnt a lot!  Thanks!,
4/19/24 7:48,4/19/24 8:19,IP Address,*******,100,1858,TRUE,4/19/24 8:19,,*******,*******,*******,*******,*******,*******,anonymous,EN,1,Yes,,,,English,,,"44: Steam,45: room","10: luxurious,26: stunning,27: views,,44: range,45: of,46: dining,47: options.,93: making,94: it,95: an,96: ideal,97: choice,98: for,99: business,100: travelers.",No,No,"Libya
The hotel also has a range of dining options.",,Yes,"5
Egypt
Pets allowed","4
Libya
Unfortunately, the hotel is not pet-friendly.",,,Yes,"And if you are traveling with pets, the hotel is pet-friendly!
Unfortunately, the hotel is not pet-friendly.",,,"4: alluring,21: luxurious,25: pulsating,30: for,31: enhanced,32: safety.,35: cozy,59: invigorating,64: wellness,65: center.,69: accessibility,70: for,71: all",No,,No,,No,,Yes,,,,,6,No,,"7: alluring,20: swimming,21: pool.",No,,No,,Yes,Swimming pool,,Yes,,,,3,No,,,,,,,,,,,,,,,,,,,,,,,,,,,,,,,,,,,,,,,,,,,,,,,,,,,,,,,,,,,,,,,,,,,,,,,,,,,,,,,,,,,,,,,,,,,,,,,,,,,,,,,,,,,,,,,,,,,,,,,,,,,,,,,,,,,,,,,,,,,,,,,,,,,,,,,,,,,,,,,,,,,,,,,,,,,,,,,,,,,,,,,,,,,,,,,,,,,,,,,,,,,,,,,,,,,,,,,,,,,,,,,,,,,,,,,,,,,,,,,,,,,,,,,,,,,,,,,,,,,,,,,,,,,,,,,,,,,,,,,,,,,,,,,,,,,,,,,,,,,,,"39: Accessible,40: hotel,,41: Wheelchair,42: accessible,","5: cozy,11: welcomes,12: guests,13: with,14: a,15: warm,16: and,17: inviting,18: atmosphere.,23: convenient,26: for,27: your,28: assistance.,31: delicious,42: for,43: relaxation,44: and,45: rejuvenation.,85: for,86: your,87: comfort.",No,,No,,No,,No,,,,,6,No,"49: Accessible,50: hotel","1: Experience,2: luxury,3: at,4: its,5: finest,22: This,23: prestigious,24: hotel,25: offers,26: unparalleled,27: hospitality,28: with,29: a,30: range,31: of,32: amenities,33: and,34: services,35: to,36: ensure,37: a,38: memorable,39: stay.,40: Enjoy,41: the,42: convenience,54: Indulge,55: in,56: exciting,57: activities,75: rejuvenate,79: Families,80: will,81: appreciate,95: and,96: hotel,97: facilities,98: cater,99: to,100: all,101: guests',102: needs.",No,,No,,No,,No,,,,,6,No,13: Resort,"13: beautiful,22: exceptional,23: experience,31: The,32: resort,33: is,34: perfect,35: for,36: those,37: who,38: want,39: to,40: enjoy,41: a,42: comfortable,43: and,44: relaxing,45: stay,46: while,47: exploring,48: the,49: city.,55: where,56: you,57: can,58: enjoy,59: a,60: drink,61: or,62: two,63: with,64: friends,65: or,66: family.,80: a,81: flat-screen,82: TV,83: for,84: your,85: entertainment.,94: and,95: other,96: sports,97: activities,98: for,99: guests,100: to,101: enjoy.,134: for,135: guests,136: who,137: want,138: to,139: indulge,140: in,141: some,142: pampering,143: during,144: their,145: stay.,159: making,160: it,161: suitable,162: for,163: guests,164: with,165: disabilities.,166: Overall,,167: the,168: Piscina,169: Rei,170: Resort,171: is,172: a,173: perfect,174: destination,175: for,176: those,177: seeking,178: a,179: luxurious,180: and,181: relaxing,182: stay,183: in,184: Italy.",No,,No,,Yes,"a flat-screen TV for your entertainment.
and other sports activities for guests to enjoy.",,No,No,,,3,No,"41: Kids,42: stay,43: for,44: free,,48: Body,49: treatments,,50: Hot,51: tub,53: Accessible,54: parking","12: luxurious,18: beautiful,24: This,25: stunning,26: accommodation,27: offers,28: breathtaking,29: views,30: of,31: the,32: Red,33: Sea,34: and,35: provides,36: guests,37: with,38: a,39: wide,40: range,41: of,42: facilities,43: and,44: amenities,45: to,46: ensure,47: a,48: comfortable,49: and,50: enjoyable,51: stay.,52: As,53: a,54: guest,55: of,56: the,57: hotel,,58: you,59: can,60: enjoy,61: access,62: to,63: a,64: private,65: beach,,66: where,67: you,68: can,69: soak,70: up,71: the,72: sun,73: and,74: take,75: a,76: refreshing,77: dip,78: in,79: the,80: crystal-clear,81: waters,82: of,83: the,84: Red,85: Sea.,93: where,94: you,95: can,96: enjoy,97: a,98: refreshing,99: drink,100: or,101: a,102: light,103: snack,104: while,105: taking,106: in,107: the,108: stunning,109: views.,118: so,119: you,120: can,121: stay,122: connected,123: with,124: your,125: loved,126: ones,127: or,128: work,129: while,130: on,131: the,132: go.,143: providing,144: you,145: with,146: all,147: the,148: comforts,149: and,150: conveniences,151: you,152: need,153: for,154: a,155: relaxing,156: stay.,172: so,173: you,174: can,175: explore,176: the,177: underwater,178: world,179: of,180: the,181: Red,182: Sea.",No,,No,,Yes,"As a guest of the hotel, you can enjoy access to a private beach, where you can soak up the sun and take a refreshing dip in the crystal-clear waters of the Red Sea.",,No,No,,,3,No,"24: Cashless,25: payment,,26: Car,27: hire,41: Organised,42: activities,43: for,44: kids,,45: Childcare,,55: Wheelchair,56: accessible",,No,,Yes,No,,,,,,,,7,Output is truthful in that all of the information is correct but it's left some out.,3 minutes,30 minutes,5,Deciding whether statements such as 'has beautiful views' was factually inaccurate or subjective.,5,4,Yes.,,5,,,
4/19/24 7:34,4/19/24 8:56,IP Address,*******,100,4889,TRUE,4/19/24 8:56,,*******,*******,*******,*******,*******,*******,anonymous,EN,1,Yes,,,,English,,,"21: Pets,22: allowed,,44: Steam,45: room","21: Many,22: of,23: the,24: rooms,25: offer,26: stunning,27: views,,39: The,40: hotel,41: also,42: has,43: a,44: range,45: of,46: dining,47: options.,55: the,56: hotel,57: has,58: a,59: range,60: of,61: sport,62: facilities,,93: making,94: it,95: an,96: ideal,97: choice,98: for,99: business,100: travelers.,107: for,108: those,109: who,110: need,111: to,112: store,113: their,114: bags,115: before,116: or,117: after,118: check-in.,122: accessibility,123: needs,,136: the,137: hotel,138: is,139: pet-friendly!",No,No,Libya,"Libya
The hotel also has a range of dining options.",Yes,"5
Egypt
Pets allowed","4
Libya
Unfortunately, the hotel is not pet-friendly","5
Egypt
Pets allowed","4
Libya
Unfortunately, the hotel is not pet-friendly.",Yes,"And if you are traveling with pets, the hotel is pet-friendly!
Unfortunately, the hotel is not pet-friendly.",,,,No,,No,,No,,Yes,,,,,7,Output reflect what's stated in input accurately.,,"7: alluring,20: swimming,21: pool.",No,,No,,Yes,swimming pool,,Yes,,,,5,"Output includes input, but also contains a factual information","22: Coffee,23: machine,,24: Sitting,25: area,27: Golf,28: course,,34: Childcare,39: Accessible,40: hotel,,41: Wheelchair,42: accessible,","19: buffet,,26: for,27: children.",No,,No,,No,,No,,,,,6,Output seems to have omitted some information from input ,"48: bathroom,","23: serene,24: escape,30: soothing,38: treatments,,65: convenient,71: comfortable,72: stay",No,,No,,No,,No,,,,,6,N/A,"32: for,33: free,,44: salon","5: luxurious,13: elegant,14: accommodation,24: relaxing,25: stay.,37: treatments,54: opportunities,66: complimentary,71: services,,76: features,84: Rooms,85: may,86: feature,87: balconies,,88: subject,89: to,90: availability.",No,,No,,No,,No,,,,,6,None,,"12: luxurious,26: beachfront,27: accommodation,30: variety,31: of,32: amenities,,37: free,38: WiFi,39: in,40: public,41: areas,,46: all,47: rooms.,52: relaxing,70: Red,71: Sea.,111: unwinding,112: and,113: rejuvenating.,131: guests,132: with,133: disabilities.",No,,No,,Yes,"cable tv in all rooms
Free WiFi in public areas",,Yes,,,,6,"""Free WiFi in public areas"" is not explicitly stated in Input",,"24: stunning,25: accommodation,36: comfortable,37: and,38: enjoyable,39: stay,40: for,41: all,42: guests.,59: making,60: it,61: easy,62: for,63: guests,64: to,65: explore,66: the,67: local,68: area.,135: ideal,136: choice,145: top-notch,",No,,No,,No,,Yes,,,,,7,N/A,,,,,,,,,,,,,,,,,,,,,,,,,,,,,,,,,,,,,,,,,,,,,,,,,,,,,,,,,,,,,,,,,,,,,,,,,,,,,,,,,,,,,,,,,,,,,,,,,,,,,,,,,,,,,,,,,,,,,,,,,,,,,,,,,,,,,,,,,,,,,,,,,,,,,,,,,,,,,,,,,,,,,,,,,,,,,,,,,,,,,,,,,,,,,,,,,,,,,,,,,,,,,,,,,,,,,,,,,,,,,,,,,,,,,,,,,,,,,,,,,,,,,,,,,,,,,,,,,,,,,,,,,,,,,,,,,,,,,,,,,,,,,,,,,,,,,,,,,,,,,I would say around 5 minutes,More than an hour. I would say also because I had to pay extra attention to both the training and the actual experiment.,2,The most challenging part is: factually wrong info vs unverifiable info,5,4,Very much,I think the factually wrong and unverifiable info parts can be clearer,5,Not at all,It was an interesting experiment.,
4/19/24 8:53,4/19/24 9:34,IP Address,*******,100,2446,TRUE,4/19/24 9:34,,*******,*******,*******,*******,*******,*******,anonymous,EN,0.8999999761581421,Yes,,,,English,,,"44: Steam,45: room","26: stunning,27: views,,93: making,94: it,95: an,96: ideal,97: choice,98: for,99: business,100: travelers.",No,No,"Libya
steam room
dining options","Libya
The hotel also has a range of dining options.",Yes,"5
Egypt
pets allowed","4
Libya
not pet friendly","5
Egypt
Pets allowed","4
Libya
Unfortunately, the hotel is not pet-friendly.",Yes,"unfortunately, the hotel is not pet-friendly.","the hotel is pet-friendly!
Unfortunately, the hotel is not pet-friendly.",,"16: Bodrum,",No,,Yes,Yes,,,,,,,,1,no,,"20: swimming,21: pool.",No,,No,,No,,Yes,,,,,2,no,,,,,,,,,,,,,,,,,,,,,,,,,,,,,,,,,,,,,,,,,,,,,,,,,,,,,,,,,,,,,,,,,,,,,,,,,,,,,,,,,,,,,,,,,,,,,,,,,,,,,,,,,,,,,,,,,,,,,,,,,,,,,,,,,,,,,,,,,,,,,,,,,,,,,,,,,,,,,,,,,,,,,,,,,,,,,,,,,,,,,,,,,,,,,,,,,,,,,,,,,,,,,,,,,,,,,,,,,,,,,,,,,,,,,,,,,,,,,,,,,,,,,,,,,,,,,,,,,,,,,,,,,,,,,,,,,,,,,,,,,,,,,,,,,,,,,,,,,,,,,,,,,,,,,,,,,,,,,,,,,,,,,,,,,,,,,,,,,,,,,,,,,,,,,,,,,,,,,,,,,,,,,,,,,,,,,,,,,,,,,,,,,,,
4/15/24 7:18,4/15/24 7:22,IP Address,*******,23,210,FALSE,4/22/24 7:22,,*******,*******,*******,*******,*******,*******,anonymous,EN,0.800000012,Yes,,,,English,,,,,No,No,tgtrg,"Libya
The hotel also has a range of dining options.",No,,,"5
Egypt
Pets allowed","4
Libya
Unfortunately, the hotel is not pet-friendly.",No,,"the hotel is pet-friendly!
Unfortunately, the hotel is not pet-friendly.",,,Yes,rfdre,,,,,,,,,,7,,,"5: is,6: an,7: alluring,20: swimming,21: pool.",No,,No,,Yes,swimming pool,,Yes,,,,5,,,,,,,,,,,,,,,,,,,,,,,,,,,,,,,,,,,,,,,,,,,,,,,,,,,,,,,,,,,,,,,,,,,,,,,,,,,,,,,,,,,,,,,,,,,,,,,,,,,,,,,,,,,,,,,,,,,,,,,,,,,,,,,,,,,,,,,,,,,,,,,,,,,,,,,,,,,,,,,,,,,,,,,,,,,,,,,,,,,,,,,,,,,,,,,,,,,,,,,,,,,,,,,,,,,,,,,,,,,,,,,,,,,,,,,,,,,,,,,,,,,,,,,,,,,,,,,,,,,,,,,,,,,,,,,,,,,,,,,,,,,,,,,,,,,,,,,,,,,,,,,,,,,,,,,,,,,,,,,,,,,,,,,,,,,,,,,,,,,,,,,,,,,,,,,,,,,,,,,,,,,,,,,,,,,,,,,,,,,,,,,,,,,,
4/15/24 7:22,4/15/24 7:25,IP Address,*******,24,173,FALSE,4/22/24 7:25,,*******,*******,*******,*******,*******,*******,anonymous,EN,0.30000001192092896,Yes,,,,English,,,,,Yes,Yes,re,"Libya
The hotel also has a range of dining options.",No,,,"5
Egypt
Pets allowed","4
Libya
Unfortunately, the hotel is not pet-friendly.",No,,"the hotel is pet-friendly!
Unfortunately, the hotel is not pet-friendly.",,,Yes,efer,,,,,,,,,,6,,,"7: alluring,20: swimming,21: pool.,27: tv.",No,,No,,Yes,swimming pool,,Yes,,,,4,,,,,,,,,,,,,,,,,,,,,,,,,,,,,,,,,,,,,,,,,,,,,,,,,,,,,,,,,,,,,,,,,,,,,,,,,,,,,,,,,,,,,,,,,,,,,,,,,,,,,,,,,,,,,,,,,,,,,,,,,,,,,,,,,,,,,,,,,,,,,,,,,,,,,,,,,,,,,,,,,,,,,,,,,,,,,,,,,,,,,,,,,,,,,,,,,,,,,,,,,,,,,,,,,,,,,,,,,,,,,,,,,,,,,,,,,,,,,,,,,,,,,,,,,,,,,,,,,,,,,,,,,,,,,,,,,,,,,,,,,,,,,,,,,,,,,,,,,,,,,,,,,,,,,,,,,,,,,,,,,,,,,,,,,,,,,,,,,,,,,,,,,,,,,,,,,,,,,,,,,,,,,,,,,,,,,,,,,,,,,,,,,,,,
4/15/24 8:18,4/15/24 8:19,IP Address,*******,3,55,FALSE,4/22/24 8:19,,*******,*******,*******,*******,*******,*******,anonymous,EN,0.8999999761581421,Yes,,,,English,,,,,,,,,,,,,,,,,,,,,,,,,,,,,,,,,,,,,,,,,,,,,,,,,,,,,,,,,,,,,,,,,,,,,,,,,,,,,,,,,,,,,,,,,,,,,,,,,,,,,,,,,,,,,,,,,,,,,,,,,,,,,,,,,,,,,,,,,,,,,,,,,,,,,,,,,,,,,,,,,,,,,,,,,,,,,,,,,,,,,,,,,,,,,,,,,,,,,,,,,,,,,,,,,,,,,,,,,,,,,,,,,,,,,,,,,,,,,,,,,,,,,,,,,,,,,,,,,,,,,,,,,,,,,,,,,,,,,,,,,,,,,,,,,,,,,,,,,,,,,,,,,,,,,,,,,,,,,,,,,,,,,,,,,,,,,,,,,,,,,,,,,,,,,,,,,,,,,,,,,,,,,,,,,,,,,,,,,,,,,,,,,,,,,,,,,,,,,,,,,,,,,,,,,,,,,,,,,,,,,,,,,,,,,,,,,
4/15/24 8:18,4/15/24 8:20,IP Address,*******,4,145,FALSE,4/22/24 8:22,,*******,*******,*******,*******,*******,*******,anonymous,EN,0.8999999761581421,Yes,,,,English,,,,,,,,,,,,,,,,,,,,,,,,,,,,,,,,,,,,,,,,,,,,,,,,,,,,,,,,,,,,,,,,,,,,,,,,,,,,,,,,,,,,,,,,,,,,,,,,,,,,,,,,,,,,,,,,,,,,,,,,,,,,,,,,,,,,,,,,,,,,,,,,,,,,,,,,,,,,,,,,,,,,,,,,,,,,,,,,,,,,,,,,,,,,,,,,,,,,,,,,,,,,,,,,,,,,,,,,,,,,,,,,,,,,,,,,,,,,,,,,,,,,,,,,,,,,,,,,,,,,,,,,,,,,,,,,,,,,,,,,,,,,,,,,,,,,,,,,,,,,,,,,,,,,,,,,,,,,,,,,,,,,,,,,,,,,,,,,,,,,,,,,,,,,,,,,,,,,,,,,,,,,,,,,,,,,,,,,,,,,,,,,,,,,,,,,,,,,,,,,,,,,,,,,,,,,,,,,,,,,,,,,,,,,,,,,,
4/15/24 8:14,4/15/24 8:23,IP Address,*******,4,577,FALSE,4/22/24 8:23,,*******,*******,*******,*******,*******,*******,anonymous,EN,0.4000000059604645,Yes,,,,English,,,,,,,,,,,,,,,,,,,,,,,,,,,,,,,,,,,,,,,,,,,,,,,,,,,,,,,,,,,,,,,,,,,,,,,,,,,,,,,,,,,,,,,,,,,,,,,,,,,,,,,,,,,,,,,,,,,,,,,,,,,,,,,,,,,,,,,,,,,,,,,,,,,,,,,,,,,,,,,,,,,,,,,,,,,,,,,,,,,,,,,,,,,,,,,,,,,,,,,,,,,,,,,,,,,,,,,,,,,,,,,,,,,,,,,,,,,,,,,,,,,,,,,,,,,,,,,,,,,,,,,,,,,,,,,,,,,,,,,,,,,,,,,,,,,,,,,,,,,,,,,,,,,,,,,,,,,,,,,,,,,,,,,,,,,,,,,,,,,,,,,,,,,,,,,,,,,,,,,,,,,,,,,,,,,,,,,,,,,,,,,,,,,,,,,,,,,,,,,,,,,,,,,,,,,,,,,,,,,,,,,,,,,,,,,,,
4/15/24 8:16,4/15/24 8:24,IP Address,*******,10,481,FALSE,4/22/24 8:24,,*******,*******,*******,*******,*******,*******,anonymous,EN,0.8999999761581421,Yes,,,,English,,,"43: Wellness:,44: Steam,45: room","10: luxurious,13: located,14: in,15: the,16: heart,17: of,21: Many,22: of,23: the,24: rooms,25: offer,26: stunning,27: views,,39: The,40: hotel,41: also,42: has,43: a,44: range,45: of,46: dining,47: options.,48: For,49: those,50: who,51: like,52: to,53: stay,54: active,,70: If,71: you,72: are,73: traveling,74: with,75: children,,93: making,94: it,95: an,96: ideal,97: choice,98: for,99: business,100: travelers.,107: for,108: those,109: who,110: need,111: to,112: store,113: their,114: bags,115: before,116: or,117: after,118: check-in.",No,Yes,,,,,,,,,,,,,,,,,,,,,,,,,,,,,,,,,,,,,,,,,,,,,,,,,,,,,,,,,,,,,,,,,,,,,,,,,,,,,,,,,,,,,,,,,,,,,,,,,,,,,,,,,,,,,,,,,,,,,,,,,,,,,,,,,,,,,,,,,,,,,,,,,,,,,,,,,,,,,,,,,,,,,,,,,,,,,,,,,,,,,,,,,,,,,,,,,,,,,,,,,,,,,,,,,,,,,,,,,,,,,,,,,,,,,,,,,,,,,,,,,,,,,,,,,,,,,,,,,,,,,,,,,,,,,,,,,,,,,,,,,,,,,,,,,,,,,,,,,,,,,,,,,,,,,,,,,,,,,,,,,,,,,,,,,,,,,,,,,,,,,,,,,,,,,,,,,,,,,,,,,,,,,,,,,,,,,,,,,,,,,,,,,,,,,,,,,,,,,,,,,,,,,,,,,,,,,,,,,,,,,,,,,,,
4/15/24 8:21,4/15/24 8:26,IP Address,*******,7,278,FALSE,4/22/24 8:26,,*******,*******,*******,*******,*******,*******,anonymous,EN,0.8999999761581421,Yes,,,,English,,,"10: 5,12: Sharm,13: el-Sheikh,15: Egypt,21: Pets,22: allowed,,29: Balcony,39: Organised,40: activities,41: for,42: kids,44: Steam,45: room,47: Accessible,48: parking","10: luxurious,26: stunning,139: pet-friendly!",,,,,,,,,,,,,,,,,,,,,,,,,,,,,,,,,,,,,,,,,,,,,,,,,,,,,,,,,,,,,,,,,,,,,,,,,,,,,,,,,,,,,,,,,,,,,,,,,,,,,,,,,,,,,,,,,,,,,,,,,,,,,,,,,,,,,,,,,,,,,,,,,,,,,,,,,,,,,,,,,,,,,,,,,,,,,,,,,,,,,,,,,,,,,,,,,,,,,,,,,,,,,,,,,,,,,,,,,,,,,,,,,,,,,,,,,,,,,,,,,,,,,,,,,,,,,,,,,,,,,,,,,,,,,,,,,,,,,,,,,,,,,,,,,,,,,,,,,,,,,,,,,,,,,,,,,,,,,,,,,,,,,,,,,,,,,,,,,,,,,,,,,,,,,,,,,,,,,,,,,,,,,,,,,,,,,,,,,,,,,,,,,,,,,,,,,,,,,,,,,,,,,,,,,,,,,,,,,,,,,,,,,,,,,
4/15/24 8:21,4/15/24 8:26,IP Address,*******,4,297,FALSE,4/22/24 8:27,,*******,*******,*******,*******,*******,*******,anonymous,EN,0.8999999761581421,Yes,,,,English,,,,,,,,,,,,,,,,,,,,,,,,,,,,,,,,,,,,,,,,,,,,,,,,,,,,,,,,,,,,,,,,,,,,,,,,,,,,,,,,,,,,,,,,,,,,,,,,,,,,,,,,,,,,,,,,,,,,,,,,,,,,,,,,,,,,,,,,,,,,,,,,,,,,,,,,,,,,,,,,,,,,,,,,,,,,,,,,,,,,,,,,,,,,,,,,,,,,,,,,,,,,,,,,,,,,,,,,,,,,,,,,,,,,,,,,,,,,,,,,,,,,,,,,,,,,,,,,,,,,,,,,,,,,,,,,,,,,,,,,,,,,,,,,,,,,,,,,,,,,,,,,,,,,,,,,,,,,,,,,,,,,,,,,,,,,,,,,,,,,,,,,,,,,,,,,,,,,,,,,,,,,,,,,,,,,,,,,,,,,,,,,,,,,,,,,,,,,,,,,,,,,,,,,,,,,,,,,,,,,,,,,,,,,,,,,,
4/15/24 8:12,4/15/24 8:27,IP Address,*******,12,944,FALSE,4/22/24 8:27,,*******,*******,*******,*******,*******,*******,anonymous,EN,0.8999999761581421,Yes,,,,English,,,,"8: is,9: a,10: luxurious,20: Egypt.,26: stunning,27: views,,39: The,40: hotel,41: also,42: has,43: a,44: range,45: of,46: dining,47: options.,48: For,49: those,50: who,51: like,52: to,53: stay,54: active,,55: the,56: hotel,57: has,58: a,59: range,60: of,61: sport,62: facilities,,70: If,71: you,72: are,73: traveling,74: with,75: children,,83: In,84: addition,,129: And,130: if,131: you,132: are,133: traveling,134: with,135: pets,",Yes,Yes,"The hotel has a range of dinning options
Table tennis","Libya
The hotel also has a range of dining options.",,,,,,,,,,,,,,,,,,,,,,,,,,,,,,,,,,,,,,,,,,,,,,,,,,,,,,,,,,,,,,,,,,,,,,,,,,,,,,,,,,,,,,,,,,,,,,,,,,,,,,,,,,,,,,,,,,,,,,,,,,,,,,,,,,,,,,,,,,,,,,,,,,,,,,,,,,,,,,,,,,,,,,,,,,,,,,,,,,,,,,,,,,,,,,,,,,,,,,,,,,,,,,,,,,,,,,,,,,,,,,,,,,,,,,,,,,,,,,,,,,,,,,,,,,,,,,,,,,,,,,,,,,,,,,,,,,,,,,,,,,,,,,,,,,,,,,,,,,,,,,,,,,,,,,,,,,,,,,,,,,,,,,,,,,,,,,,,,,,,,,,,,,,,,,,,,,,,,,,,,,,,,,,,,,,,,,,,,,,,,,,,,,,,,,,,,,,,,,,,,,,,,,,,,,,,,,,,,,,,,,,,,
4/15/24 8:28,4/15/24 8:30,IP Address,*******,4,100,FALSE,4/22/24 8:30,,*******,*******,*******,*******,*******,*******,anonymous,EN,0.8999999761581421,Yes,,,,English,,,,,,,,,,,,,,,,,,,,,,,,,,,,,,,,,,,,,,,,,,,,,,,,,,,,,,,,,,,,,,,,,,,,,,,,,,,,,,,,,,,,,,,,,,,,,,,,,,,,,,,,,,,,,,,,,,,,,,,,,,,,,,,,,,,,,,,,,,,,,,,,,,,,,,,,,,,,,,,,,,,,,,,,,,,,,,,,,,,,,,,,,,,,,,,,,,,,,,,,,,,,,,,,,,,,,,,,,,,,,,,,,,,,,,,,,,,,,,,,,,,,,,,,,,,,,,,,,,,,,,,,,,,,,,,,,,,,,,,,,,,,,,,,,,,,,,,,,,,,,,,,,,,,,,,,,,,,,,,,,,,,,,,,,,,,,,,,,,,,,,,,,,,,,,,,,,,,,,,,,,,,,,,,,,,,,,,,,,,,,,,,,,,,,,,,,,,,,,,,,,,,,,,,,,,,,,,,,,,,,,,,,,,,,,,,,
4/15/24 8:29,4/15/24 8:31,IP Address,*******,4,132,FALSE,4/22/24 8:31,,*******,*******,*******,*******,*******,*******,anonymous,EN,0.800000012,Yes,,,,English,,,,,,,,,,,,,,,,,,,,,,,,,,,,,,,,,,,,,,,,,,,,,,,,,,,,,,,,,,,,,,,,,,,,,,,,,,,,,,,,,,,,,,,,,,,,,,,,,,,,,,,,,,,,,,,,,,,,,,,,,,,,,,,,,,,,,,,,,,,,,,,,,,,,,,,,,,,,,,,,,,,,,,,,,,,,,,,,,,,,,,,,,,,,,,,,,,,,,,,,,,,,,,,,,,,,,,,,,,,,,,,,,,,,,,,,,,,,,,,,,,,,,,,,,,,,,,,,,,,,,,,,,,,,,,,,,,,,,,,,,,,,,,,,,,,,,,,,,,,,,,,,,,,,,,,,,,,,,,,,,,,,,,,,,,,,,,,,,,,,,,,,,,,,,,,,,,,,,,,,,,,,,,,,,,,,,,,,,,,,,,,,,,,,,,,,,,,,,,,,,,,,,,,,,,,,,,,,,,,,,,,,,,,,,,,,,
4/15/24 8:29,4/15/24 8:31,IP Address,*******,4,141,FALSE,4/22/24 8:31,,*******,*******,*******,*******,*******,*******,anonymous,EN,0.8999999761581421,Yes,,,,English,,,,,,,,,,,,,,,,,,,,,,,,,,,,,,,,,,,,,,,,,,,,,,,,,,,,,,,,,,,,,,,,,,,,,,,,,,,,,,,,,,,,,,,,,,,,,,,,,,,,,,,,,,,,,,,,,,,,,,,,,,,,,,,,,,,,,,,,,,,,,,,,,,,,,,,,,,,,,,,,,,,,,,,,,,,,,,,,,,,,,,,,,,,,,,,,,,,,,,,,,,,,,,,,,,,,,,,,,,,,,,,,,,,,,,,,,,,,,,,,,,,,,,,,,,,,,,,,,,,,,,,,,,,,,,,,,,,,,,,,,,,,,,,,,,,,,,,,,,,,,,,,,,,,,,,,,,,,,,,,,,,,,,,,,,,,,,,,,,,,,,,,,,,,,,,,,,,,,,,,,,,,,,,,,,,,,,,,,,,,,,,,,,,,,,,,,,,,,,,,,,,,,,,,,,,,,,,,,,,,,,,,,,,,,,,,,
4/15/24 8:27,4/15/24 8:34,IP Address,*******,5,403,FALSE,4/22/24 8:34,,*******,*******,*******,*******,*******,*******,anonymous,EN,0.800000012,Yes,,,,English,,,,"10: luxurious,15: the,16: heart,17: of,21: Many,22: of,23: the,24: rooms,25: offer,26: stunning,27: views,,39: The,40: hotel,41: also,42: has,43: a,44: range,45: of,46: dining,47: options.",,,,,,,,,,,,,,,,,,,,,,,,,,,,,,,,,,,,,,,,,,,,,,,,,,,,,,,,,,,,,,,,,,,,,,,,,,,,,,,,,,,,,,,,,,,,,,,,,,,,,,,,,,,,,,,,,,,,,,,,,,,,,,,,,,,,,,,,,,,,,,,,,,,,,,,,,,,,,,,,,,,,,,,,,,,,,,,,,,,,,,,,,,,,,,,,,,,,,,,,,,,,,,,,,,,,,,,,,,,,,,,,,,,,,,,,,,,,,,,,,,,,,,,,,,,,,,,,,,,,,,,,,,,,,,,,,,,,,,,,,,,,,,,,,,,,,,,,,,,,,,,,,,,,,,,,,,,,,,,,,,,,,,,,,,,,,,,,,,,,,,,,,,,,,,,,,,,,,,,,,,,,,,,,,,,,,,,,,,,,,,,,,,,,,,,,,,,,,,,,,,,,,,,,,,,,,,,,,,,,,,,,,,,,,
4/15/24 8:34,4/15/24 8:35,IP Address,*******,1,44,FALSE,4/22/24 8:35,,*******,*******,*******,*******,*******,*******,anonymous,EN,0.699999988,Yes,,,,English,,,,,,,,,,,,,,,,,,,,,,,,,,,,,,,,,,,,,,,,,,,,,,,,,,,,,,,,,,,,,,,,,,,,,,,,,,,,,,,,,,,,,,,,,,,,,,,,,,,,,,,,,,,,,,,,,,,,,,,,,,,,,,,,,,,,,,,,,,,,,,,,,,,,,,,,,,,,,,,,,,,,,,,,,,,,,,,,,,,,,,,,,,,,,,,,,,,,,,,,,,,,,,,,,,,,,,,,,,,,,,,,,,,,,,,,,,,,,,,,,,,,,,,,,,,,,,,,,,,,,,,,,,,,,,,,,,,,,,,,,,,,,,,,,,,,,,,,,,,,,,,,,,,,,,,,,,,,,,,,,,,,,,,,,,,,,,,,,,,,,,,,,,,,,,,,,,,,,,,,,,,,,,,,,,,,,,,,,,,,,,,,,,,,,,,,,,,,,,,,,,,,,,,,,,,,,,,,,,,,,,,,,,,,,,,,,
4/15/24 8:28,4/15/24 8:37,IP Address,*******,9,580,FALSE,4/22/24 8:37,,*******,*******,*******,*******,*******,*******,anonymous,EN,0.8999999761581421,Yes,,,,English,,,"43: Wellness:,44: Steam,45: room","10: luxurious,13: located,14: in,15: the,16: heart,17: of,21: Many,22: of,23: the,24: rooms,25: offer,26: stunning,27: views,,39: The,40: hotel,41: also,42: has,43: a,44: range,45: of,46: dining,47: options.",No,No,,,,,,,,,,,,,,,,,,,,,,,,,,,,,,,,,,,,,,,,,,,,,,,,,,,,,,,,,,,,,,,,,,,,,,,,,,,,,,,,,,,,,,,,,,,,,,,,,,,,,,,,,,,,,,,,,,,,,,,,,,,,,,,,,,,,,,,,,,,,,,,,,,,,,,,,,,,,,,,,,,,,,,,,,,,,,,,,,,,,,,,,,,,,,,,,,,,,,,,,,,,,,,,,,,,,,,,,,,,,,,,,,,,,,,,,,,,,,,,,,,,,,,,,,,,,,,,,,,,,,,,,,,,,,,,,,,,,,,,,,,,,,,,,,,,,,,,,,,,,,,,,,,,,,,,,,,,,,,,,,,,,,,,,,,,,,,,,,,,,,,,,,,,,,,,,,,,,,,,,,,,,,,,,,,,,,,,,,,,,,,,,,,,,,,,,,,,,,,,,,,,,,,,,,,,,,,,,,,,,,,,,,,,
4/15/24 8:36,4/15/24 8:38,IP Address,*******,4,144,FALSE,4/22/24 8:38,,*******,*******,*******,*******,*******,*******,anonymous,EN,0.699999988,Yes,,,,English,,,,,,,,,,,,,,,,,,,,,,,,,,,,,,,,,,,,,,,,,,,,,,,,,,,,,,,,,,,,,,,,,,,,,,,,,,,,,,,,,,,,,,,,,,,,,,,,,,,,,,,,,,,,,,,,,,,,,,,,,,,,,,,,,,,,,,,,,,,,,,,,,,,,,,,,,,,,,,,,,,,,,,,,,,,,,,,,,,,,,,,,,,,,,,,,,,,,,,,,,,,,,,,,,,,,,,,,,,,,,,,,,,,,,,,,,,,,,,,,,,,,,,,,,,,,,,,,,,,,,,,,,,,,,,,,,,,,,,,,,,,,,,,,,,,,,,,,,,,,,,,,,,,,,,,,,,,,,,,,,,,,,,,,,,,,,,,,,,,,,,,,,,,,,,,,,,,,,,,,,,,,,,,,,,,,,,,,,,,,,,,,,,,,,,,,,,,,,,,,,,,,,,,,,,,,,,,,,,,,,,,,,,,,,,,,,
4/15/24 8:29,4/15/24 8:42,IP Address,*******,17,744,FALSE,4/22/24 8:42,,*******,*******,*******,*******,*******,*******,anonymous,EN,0.8999999761581421,Yes,,,,English,,,,"21: Many,22: of,23: the,24: rooms,25: offer,26: stunning,27: views,,39: The,40: hotel,41: also,42: has,43: a,44: range,45: of,46: dining,47: options.,55: the,56: hotel,57: has,58: a,59: range,60: of,61: sport,62: facilities,",Yes,Yes,"Libya. 
","Libya
The hotel also has a range of dining options.",Yes,"5
Egypt
Pets Allowed","4
Libya
Unfortunately, the hotel is not pet-friendly.
","5
Egypt
Pets allowed","4
Libya
Unfortunately, the hotel is not pet-friendly.",No,,"the hotel is pet-friendly!
Unfortunately, the hotel is not pet-friendly.",,,,,,,,,,,,,,,,,,,,,,,,,,,,,,,,,,,,,,,,,,,,,,,,,,,,,,,,,,,,,,,,,,,,,,,,,,,,,,,,,,,,,,,,,,,,,,,,,,,,,,,,,,,,,,,,,,,,,,,,,,,,,,,,,,,,,,,,,,,,,,,,,,,,,,,,,,,,,,,,,,,,,,,,,,,,,,,,,,,,,,,,,,,,,,,,,,,,,,,,,,,,,,,,,,,,,,,,,,,,,,,,,,,,,,,,,,,,,,,,,,,,,,,,,,,,,,,,,,,,,,,,,,,,,,,,,,,,,,,,,,,,,,,,,,,,,,,,,,,,,,,,,,,,,,,,,,,,,,,,,,,,,,,,,,,,,,,,,,,,,,,,,,,,,,,,,,,,,,,,,,,,,,,,,,,,,,,,,,,,,,,,,,,,,,,,,,,,,,,,,,,,,,,,,,,,,,,,,
4/15/24 8:30,4/15/24 8:51,IP Address,*******,9,1258,FALSE,4/22/24 8:51,,*******,*******,*******,*******,*******,*******,anonymous,EN,0.8999999761581421,Yes,,,,English,,,,"25: offer,26: stunning,27: views,,44: range,45: of,46: dining,47: options.",No,No,,,,,,,,,,,,,,,,,,,,,,,,,,,,,,,,,,,,,,,,,,,,,,,,,,,,,,,,,,,,,,,,,,,,,,,,,,,,,,,,,,,,,,,,,,,,,,,,,,,,,,,,,,,,,,,,,,,,,,,,,,,,,,,,,,,,,,,,,,,,,,,,,,,,,,,,,,,,,,,,,,,,,,,,,,,,,,,,,,,,,,,,,,,,,,,,,,,,,,,,,,,,,,,,,,,,,,,,,,,,,,,,,,,,,,,,,,,,,,,,,,,,,,,,,,,,,,,,,,,,,,,,,,,,,,,,,,,,,,,,,,,,,,,,,,,,,,,,,,,,,,,,,,,,,,,,,,,,,,,,,,,,,,,,,,,,,,,,,,,,,,,,,,,,,,,,,,,,,,,,,,,,,,,,,,,,,,,,,,,,,,,,,,,,,,,,,,,,,,,,,,,,,,,,,,,,,,,,,,,,,,,,,,,
4/15/24 8:51,4/15/24 8:52,IP Address,*******,2,67,FALSE,4/22/24 8:53,,*******,*******,*******,*******,*******,*******,anonymous,EN,0.8999999761581421,Yes,,,,English,,,,,,,,,,,,,,,,,,,,,,,,,,,,,,,,,,,,,,,,,,,,,,,,,,,,,,,,,,,,,,,,,,,,,,,,,,,,,,,,,,,,,,,,,,,,,,,,,,,,,,,,,,,,,,,,,,,,,,,,,,,,,,,,,,,,,,,,,,,,,,,,,,,,,,,,,,,,,,,,,,,,,,,,,,,,,,,,,,,,,,,,,,,,,,,,,,,,,,,,,,,,,,,,,,,,,,,,,,,,,,,,,,,,,,,,,,,,,,,,,,,,,,,,,,,,,,,,,,,,,,,,,,,,,,,,,,,,,,,,,,,,,,,,,,,,,,,,,,,,,,,,,,,,,,,,,,,,,,,,,,,,,,,,,,,,,,,,,,,,,,,,,,,,,,,,,,,,,,,,,,,,,,,,,,,,,,,,,,,,,,,,,,,,,,,,,,,,,,,,,,,,,,,,,,,,,,,,,,,,,,,,,,,,,,,,,
4/23/24 9:19,4/23/24 10:15,IP Address,*******,100,3394,TRUE,4/23/24 10:15,,*******,*******,*******,*******,*******,*******,anonymous,EN,0.8999999761581421,Yes,,,,English,,,"43: Wellness:,44: Steam,45: room","10: luxurious,13: located,14: in,15: the,16: heart,17: of,25: offer,26: stunning,27: views,,39: The,40: hotel,41: also,42: has,43: a,44: range,45: of,46: dining,47: options.,93: making,94: it,95: an,96: ideal,97: choice,98: for,99: business,100: travelers.,115: before,116: or,117: after,118: check-in.",No,No,Libya,"Libya
The hotel also has a range of dining options.",Yes,"5
Egypt
Pets allowed","4
Libya
Unfortunately, the hotel is not pet-friendly.",,,Yes,"And if you are traveling with pets, the hotel is pet-friendly!
Unfortunately, the hotel is not pet-friendly.",,,"4: alluring,14: haven,21: luxurious,25: pulsating,30: for,31: enhanced,32: safety.,33: Unwind,34: in,35: cozy,40: Stay,41: active,47: relish,56: Pamper,57: yourself,58: with,59: invigorating,62: in,63: the,64: wellness,65: center.",No,,No,,No,,Yes,,,,,6,"May not have a wellness center, pretyy good description in Output",,"7: alluring,20: swimming,21: pool.",No,,No,,Yes,swimming pool.,,Yes,,,,6,"The hotel does not contain a swimming pool, howver the rest of the info is pretty good and accurate",,,,,,,,,,,,,,,,,,,,,,,,,,,,,,,,,,,,,,,,,,,,,,,,,,,,,,,,,,,,,,,,,,,,,,,,,,,,,,,,,,,,,,,,,,,,,,,,,,,,,,,,,,,,,,,,,,,,,,,,,,,,,,,,,,,,,,,,,,,,,,,,,,,,,,,,31: enjoy,No,,Yes,Yes,,,,,,,,7,This sounds a bit like poor English: It is an accommodation of the hotel type.,,"10: luxurious,16: beautiful,24: stunning,28: wide,29: range,35: ensure,36: a,37: comfortable,38: and,39: unforgettable,40: stay,41: for,42: all,43: guests.,50: ensuring,59: pressed,70: allowing,71: guests,72: to,73: stay,74: connected,75: with,76: their,77: loved,78: ones,79: or,80: work,81: remotely.,89: variety,98: can,99: explore,100: the,101: beautiful,102: surroundings,108: enjoying,109: their,110: favorite,126: Parents,127: can,128: relax,129: and,130: enjoy,131: their,132: stay,133: while,134: their,135: children,136: are,137: well,138: taken,139: care,140: of,141: and,142: entertained.,143: For,144: those,145: seeking,146: relaxation,147: and,148: rejuvenation,,161: indulge,164: variety",No,,Yes,No,,,,,,,,6,Output doesn't include the accessibility info in the Input,,35: free,No,,Yes,No,,,,,,,,6,Don't think the childcare would be free,,"3: paradise,20: idyllic,30: elegant,37: Indulge,38: in,39: a,40: rejuvenating,41: spa,46: unwind,54: free,82: for,83: added,84: convenience.",No,,Yes,No,,,,,,,,6,Output doesn't include that there are cots for kids,,"21: luxurious,32: comfortable,36: enjoy,44: for,45: convenience.,103: ensuring,104: inclusivity,105: for,106: all,107: guests.",No,,Yes,Yes,,,,,,,,7,very accurate output,,,,,,,,,,,,,,,,,,,,,,,,,,,,,,,,,,,,,,,,,,,,,,,,,,,,,,,,,,,,,,,,,,,,,,,,,,,,,,,,,,,,,,,,,,,,,,,,,,,,,,,,,,,,,,,,,,,,,,,,,,,,,,,,,,,,,,,,,,,,,,,,,,,,,,,5 minutes,50 minutes,4,Knowing whether Output included Input and vice versa,5,5,I think so!,No it was very descriptive. Maybe have less text per page in the training. Otherwise I thought it was good.,5,Maybe design the pages so you don't have to scroll down. But that's a minor thing!,All good. Thanks,